feature_id,town,name,category,osm_url,website,wikipedia,osm_description,osm_opening_hours,curated_summary,curated_opening_hours,rating,rating_provider,rating_source_url,rating_accessed_at,review_status
osm-community:node-2226214619,Livingston,Abstract,art,https://www.openstreetmap.org/node/2226214619,,,,,Abstract is a current public artwork in Livingston recorded by OpenStreetMap.,,,,,,source_reviewed
osm-community:node-9487179825,Livingston,Adaab Shinwari Restaurant,food,https://www.openstreetmap.org/node/9487179825,,,,,Adaab Shinwari Restaurant is a current food and drink place in Livingston recorded by OpenStreetMap.,,,,,,source_reviewed
osm-community:way-224423322,Livingston,Adolfo's,food,https://www.openstreetmap.org/way/224423322,,,,,Adolfo's is a current food and drink place in Livingston recorded by OpenStreetMap.,,,,,,source_reviewed
osm-community:node-9461134004,Livingston,Almond Park Heron Stone,art,https://www.openstreetmap.org/node/9461134004,,,,,Almond Park Heron Stone is a current public artwork in Livingston recorded by OpenStreetMap.,,,,,,source_reviewed
osm-community:node-9461134007,Livingston,Almond Park Ladybird Stone,art,https://www.openstreetmap.org/node/9461134007,,,,,Almond Park Ladybird Stone is a current public artwork in Livingston recorded by OpenStreetMap.,,,,,,source_reviewed
osm-community:node-9461134008,Livingston,Almond Park Oak Stone,art,https://www.openstreetmap.org/node/9461134008,,,,,Almond Park Oak Stone is a current public artwork in Livingston recorded by OpenStreetMap.,,,,,,source_reviewed
osm-community:node-9461155205,Livingston,Almond Park Otter Stone,art,https://www.openstreetmap.org/node/9461155205,,,,,Almond Park Otter Stone is a current public artwork in Livingston recorded by OpenStreetMap.,,,,,,source_reviewed
osm-community:node-9461134003,Livingston,Almond Park Rose Stone,art,https://www.openstreetmap.org/node/9461134003,,,,,Almond Park Rose Stone is a current public artwork in Livingston recorded by OpenStreetMap.,,,,,,source_reviewed
osm-community:node-5924633463,Livingston,Almond Pool East,visitor,https://www.openstreetmap.org/node/5924633463,,,,,Almond Pool East is a current visitor place in Livingston recorded by OpenStreetMap.,,,,,,source_reviewed
osm-community:way-244075641,Livingston,Almond Valley Heritage Centre,art,https://www.openstreetmap.org/way/244075641,https://www.almondvalley.co.uk/.,,,,Almond Valley Heritage Centre is a current public artwork in Livingston recorded by OpenStreetMap.,,,,,,source_reviewed
osm-community:node-11134889863,Livingston,AM Coffee,food,https://www.openstreetmap.org/node/11134889863,,,,,AM Coffee is a current food and drink place in Livingston recorded by OpenStreetMap.,,,,,,source_reviewed
osm-community:node-3435619772,Livingston,Angel,art,https://www.openstreetmap.org/node/3435619772,,,,,Angel is a current public artwork in Livingston recorded by OpenStreetMap.,,,,,,source_reviewed
osm-community:node-7372410463,Livingston,Anton's Bench,picnic,https://www.openstreetmap.org/node/7372410463,,,,,Anton's Bench is a current picnic or rest facility in Livingston recorded by OpenStreetMap.,,,,,,source_reviewed
osm-community:node-8715669050,Livingston,Artwork,art,https://www.openstreetmap.org/node/8715669050,,,,,Artwork is a current public artwork in Livingston recorded by OpenStreetMap.,,,,,,source_reviewed
osm-community:node-8715669052,Livingston,Artwork,art,https://www.openstreetmap.org/node/8715669052,,,,,Artwork is a current public artwork in Livingston recorded by OpenStreetMap.,,,,,,source_reviewed
osm-community:node-8735233974,Livingston,Artwork,art,https://www.openstreetmap.org/node/8735233974,,,,,Artwork is a current public artwork in Livingston recorded by OpenStreetMap.,,,,,,source_reviewed
osm-community:node-8735233975,Livingston,Artwork,art,https://www.openstreetmap.org/node/8735233975,,,,,Artwork is a current public artwork in Livingston recorded by OpenStreetMap.,,,,,,source_reviewed
osm-community:node-9461262869,Livingston,Artwork,art,https://www.openstreetmap.org/node/9461262869,,,,,Artwork is a current public artwork in Livingston recorded by OpenStreetMap.,,,,,,source_reviewed
osm-community:node-9464715302,Livingston,Artwork,art,https://www.openstreetmap.org/node/9464715302,,,,,Artwork is a current public artwork in Livingston recorded by OpenStreetMap.,,,,,,source_reviewed
osm-community:node-9472984445,Livingston,Artwork,art,https://www.openstreetmap.org/node/9472984445,,,,,Artwork is a current public artwork in Livingston recorded by OpenStreetMap.,,,,,,source_reviewed
osm-community:node-9472984446,Livingston,Artwork,art,https://www.openstreetmap.org/node/9472984446,,,,,Artwork is a current public artwork in Livingston recorded by OpenStreetMap.,,,,,,source_reviewed
osm-community:node-11360743670,Livingston,Artwork,art,https://www.openstreetmap.org/node/11360743670,,,,,Artwork is a current public artwork in Livingston recorded by OpenStreetMap.,,,,,,source_reviewed
osm-community:node-7507135514,Livingston,Asda Café,food,https://www.openstreetmap.org/node/7507135514,,,,Mo-Su 08:30-18:00,Asda Café is a current food and drink place in Livingston recorded by OpenStreetMap.,,,,,,source_reviewed
osm-community:node-12973941901,Livingston,Bakers + Baristas,food,https://www.openstreetmap.org/node/12973941901,,,,,Bakers + Baristas is a current food and drink place in Livingston recorded by OpenStreetMap.,,,,,,source_reviewed
osm-community:node-12974495412,Livingston,Bakers + Baristas,food,https://www.openstreetmap.org/node/12974495412,,,,,Bakers + Baristas is a current food and drink place in Livingston recorded by OpenStreetMap.,,,,,,source_reviewed
osm-community:node-7023854746,Livingston,Bay Leaf,food,https://www.openstreetmap.org/node/7023854746,,,,,Bay Leaf is a current food and drink place in Livingston recorded by OpenStreetMap.,,,,,,source_reviewed
osm-community:node-2590041458,Livingston,Beefeater,food,https://www.openstreetmap.org/node/2590041458,https://www.beefeater.co.uk/en-gb/locations/west-lothian/deer-park.,,,,Beefeater is a current food and drink place in Livingston recorded by OpenStreetMap.,,,,,,source_reviewed
osm-community:node-1309586225,Livingston,Bench,picnic,https://www.openstreetmap.org/node/1309586225,,,,,Current picnic or rest facility in Livingston recorded by OpenStreetMap.,,,,,,source_reviewed
osm-community:node-1345936902,Livingston,Bench,picnic,https://www.openstreetmap.org/node/1345936902,,,,,Current picnic or rest facility in Livingston recorded by OpenStreetMap.,,,,,,source_reviewed
osm-community:node-1428226227,Livingston,Bench,picnic,https://www.openstreetmap.org/node/1428226227,,,,,Current picnic or rest facility in Livingston recorded by OpenStreetMap.,,,,,,source_reviewed
osm-community:node-1630130020,Livingston,Bench,picnic,https://www.openstreetmap.org/node/1630130020,,,,,Current picnic or rest facility in Livingston recorded by OpenStreetMap.,,,,,,source_reviewed
osm-community:node-1630130029,Livingston,Bench,picnic,https://www.openstreetmap.org/node/1630130029,,,,,Current picnic or rest facility in Livingston recorded by OpenStreetMap.,,,,,,source_reviewed
osm-community:node-1630130040,Livingston,Bench,picnic,https://www.openstreetmap.org/node/1630130040,,,,,Current picnic or rest facility in Livingston recorded by OpenStreetMap.,,,,,,source_reviewed
osm-community:node-1630130042,Livingston,Bench,picnic,https://www.openstreetmap.org/node/1630130042,,,,,Current picnic or rest facility in Livingston recorded by OpenStreetMap.,,,,,,source_reviewed
osm-community:node-1630130075,Livingston,Bench,picnic,https://www.openstreetmap.org/node/1630130075,,,,,Current picnic or rest facility in Livingston recorded by OpenStreetMap.,,,,,,source_reviewed
osm-community:node-1634598241,Livingston,Bench,picnic,https://www.openstreetmap.org/node/1634598241,,,,,Current picnic or rest facility in Livingston recorded by OpenStreetMap.,,,,,,source_reviewed
osm-community:node-1695233619,Livingston,Bench,picnic,https://www.openstreetmap.org/node/1695233619,,,,,Current picnic or rest facility in Livingston recorded by OpenStreetMap.,,,,,,source_reviewed
osm-community:node-1695233620,Livingston,Bench,picnic,https://www.openstreetmap.org/node/1695233620,,,,,Current picnic or rest facility in Livingston recorded by OpenStreetMap.,,,,,,source_reviewed
osm-community:node-1799732398,Livingston,Bench,picnic,https://www.openstreetmap.org/node/1799732398,,,,,Current picnic or rest facility in Livingston recorded by OpenStreetMap.,,,,,,source_reviewed
osm-community:node-1799732416,Livingston,Bench,picnic,https://www.openstreetmap.org/node/1799732416,,,,,Current picnic or rest facility in Livingston recorded by OpenStreetMap.,,,,,,source_reviewed
osm-community:node-1799732419,Livingston,Bench,picnic,https://www.openstreetmap.org/node/1799732419,,,,,Current picnic or rest facility in Livingston recorded by OpenStreetMap.,,,,,,source_reviewed
osm-community:node-2146875436,Livingston,Bench,picnic,https://www.openstreetmap.org/node/2146875436,,,,,Current picnic or rest facility in Livingston recorded by OpenStreetMap.,,,,,,source_reviewed
osm-community:node-2157242501,Livingston,Bench,picnic,https://www.openstreetmap.org/node/2157242501,,,,,Current picnic or rest facility in Livingston recorded by OpenStreetMap.,,,,,,source_reviewed
osm-community:node-2180165729,Livingston,Bench,picnic,https://www.openstreetmap.org/node/2180165729,,,,,Current picnic or rest facility in Livingston recorded by OpenStreetMap.,,,,,,source_reviewed
osm-community:node-2525417463,Livingston,Bench,picnic,https://www.openstreetmap.org/node/2525417463,,,,,Current picnic or rest facility in Livingston recorded by OpenStreetMap.,,,,,,source_reviewed
osm-community:node-3089868721,Livingston,Bench,picnic,https://www.openstreetmap.org/node/3089868721,,,,,Current picnic or rest facility in Livingston recorded by OpenStreetMap.,,,,,,source_reviewed
osm-community:node-3089868722,Livingston,Bench,picnic,https://www.openstreetmap.org/node/3089868722,,,,,Current picnic or rest facility in Livingston recorded by OpenStreetMap.,,,,,,source_reviewed
osm-community:node-3189008985,Livingston,Bench,picnic,https://www.openstreetmap.org/node/3189008985,,,,,Current picnic or rest facility in Livingston recorded by OpenStreetMap.,,,,,,source_reviewed
osm-community:node-3189009010,Livingston,Bench,picnic,https://www.openstreetmap.org/node/3189009010,,,,,Current picnic or rest facility in Livingston recorded by OpenStreetMap.,,,,,,source_reviewed
osm-community:node-4595456298,Livingston,Bench,picnic,https://www.openstreetmap.org/node/4595456298,,,,,Current picnic or rest facility in Livingston recorded by OpenStreetMap.,,,,,,source_reviewed
osm-community:node-4826008731,Livingston,Bench,picnic,https://www.openstreetmap.org/node/4826008731,,,,,Current picnic or rest facility in Livingston recorded by OpenStreetMap.,,,,,,source_reviewed
osm-community:node-5109778186,Livingston,Bench,picnic,https://www.openstreetmap.org/node/5109778186,,,,,Current picnic or rest facility in Livingston recorded by OpenStreetMap.,,,,,,source_reviewed
osm-community:node-5924633458,Livingston,Bench,picnic,https://www.openstreetmap.org/node/5924633458,,,,,Current picnic or rest facility in Livingston recorded by OpenStreetMap.,,,,,,source_reviewed
osm-community:node-5924633460,Livingston,Bench,picnic,https://www.openstreetmap.org/node/5924633460,,,,,Current picnic or rest facility in Livingston recorded by OpenStreetMap.,,,,,,source_reviewed
osm-community:node-6484391534,Livingston,Bench,picnic,https://www.openstreetmap.org/node/6484391534,,,,,Current picnic or rest facility in Livingston recorded by OpenStreetMap.,,,,,,source_reviewed
osm-community:node-6556325672,Livingston,Bench,picnic,https://www.openstreetmap.org/node/6556325672,,,,,Current picnic or rest facility in Livingston recorded by OpenStreetMap.,,,,,,source_reviewed
osm-community:node-6937672486,Livingston,Bench,picnic,https://www.openstreetmap.org/node/6937672486,,,,,Current picnic or rest facility in Livingston recorded by OpenStreetMap.,,,,,,source_reviewed
osm-community:node-7978830862,Livingston,Bench,picnic,https://www.openstreetmap.org/node/7978830862,,,,,Current picnic or rest facility in Livingston recorded by OpenStreetMap.,,,,,,source_reviewed
osm-community:node-7978830863,Livingston,Bench,picnic,https://www.openstreetmap.org/node/7978830863,,,,,Current picnic or rest facility in Livingston recorded by OpenStreetMap.,,,,,,source_reviewed
osm-community:node-7978929165,Livingston,Bench,picnic,https://www.openstreetmap.org/node/7978929165,,,,,Current picnic or rest facility in Livingston recorded by OpenStreetMap.,,,,,,source_reviewed
osm-community:node-7983116637,Livingston,Bench,picnic,https://www.openstreetmap.org/node/7983116637,,,,,Current picnic or rest facility in Livingston recorded by OpenStreetMap.,,,,,,source_reviewed
osm-community:node-7983116638,Livingston,Bench,picnic,https://www.openstreetmap.org/node/7983116638,,,,,Current picnic or rest facility in Livingston recorded by OpenStreetMap.,,,,,,source_reviewed
osm-community:node-7985704332,Livingston,Bench,picnic,https://www.openstreetmap.org/node/7985704332,,,,,Current picnic or rest facility in Livingston recorded by OpenStreetMap.,,,,,,source_reviewed
osm-community:node-8004515154,Livingston,Bench,picnic,https://www.openstreetmap.org/node/8004515154,,,,,Current picnic or rest facility in Livingston recorded by OpenStreetMap.,,,,,,source_reviewed
osm-community:node-8004515162,Livingston,Bench,picnic,https://www.openstreetmap.org/node/8004515162,,,,,Current picnic or rest facility in Livingston recorded by OpenStreetMap.,,,,,,source_reviewed
osm-community:node-8004526207,Livingston,Bench,picnic,https://www.openstreetmap.org/node/8004526207,,,,,Current picnic or rest facility in Livingston recorded by OpenStreetMap.,,,,,,source_reviewed
osm-community:node-8043243448,Livingston,Bench,picnic,https://www.openstreetmap.org/node/8043243448,,,,,Current picnic or rest facility in Livingston recorded by OpenStreetMap.,,,,,,source_reviewed
osm-community:node-8043243449,Livingston,Bench,picnic,https://www.openstreetmap.org/node/8043243449,,,,,Current picnic or rest facility in Livingston recorded by OpenStreetMap.,,,,,,source_reviewed
osm-community:node-8228250759,Livingston,Bench,picnic,https://www.openstreetmap.org/node/8228250759,,,,,Current picnic or rest facility in Livingston recorded by OpenStreetMap.,,,,,,source_reviewed
osm-community:node-8343379817,Livingston,Bench,picnic,https://www.openstreetmap.org/node/8343379817,,,,,Current picnic or rest facility in Livingston recorded by OpenStreetMap.,,,,,,source_reviewed
osm-community:node-8378713269,Livingston,Bench,picnic,https://www.openstreetmap.org/node/8378713269,,,,,Current picnic or rest facility in Livingston recorded by OpenStreetMap.,,,,,,source_reviewed
osm-community:node-8438872270,Livingston,Bench,picnic,https://www.openstreetmap.org/node/8438872270,,,,,Current picnic or rest facility in Livingston recorded by OpenStreetMap.,,,,,,source_reviewed
osm-community:node-8591297207,Livingston,Bench,picnic,https://www.openstreetmap.org/node/8591297207,,,,,Current picnic or rest facility in Livingston recorded by OpenStreetMap.,,,,,,source_reviewed
osm-community:node-8600543192,Livingston,Bench,picnic,https://www.openstreetmap.org/node/8600543192,,,,,Current picnic or rest facility in Livingston recorded by OpenStreetMap.,,,,,,source_reviewed
osm-community:node-8600655566,Livingston,Bench,picnic,https://www.openstreetmap.org/node/8600655566,,,,,Current picnic or rest facility in Livingston recorded by OpenStreetMap.,,,,,,source_reviewed
osm-community:node-8600655570,Livingston,Bench,picnic,https://www.openstreetmap.org/node/8600655570,,,,,Current picnic or rest facility in Livingston recorded by OpenStreetMap.,,,,,,source_reviewed
osm-community:node-8600655571,Livingston,Bench,picnic,https://www.openstreetmap.org/node/8600655571,,,,,Current picnic or rest facility in Livingston recorded by OpenStreetMap.,,,,,,source_reviewed
osm-community:node-8600655572,Livingston,Bench,picnic,https://www.openstreetmap.org/node/8600655572,,,,,Current picnic or rest facility in Livingston recorded by OpenStreetMap.,,,,,,source_reviewed
osm-community:node-8623799067,Livingston,Bench,picnic,https://www.openstreetmap.org/node/8623799067,,,,,Current picnic or rest facility in Livingston recorded by OpenStreetMap.,,,,,,source_reviewed
osm-community:node-8623799069,Livingston,Bench,picnic,https://www.openstreetmap.org/node/8623799069,,,,,Current picnic or rest facility in Livingston recorded by OpenStreetMap.,,,,,,source_reviewed
osm-community:node-8623799079,Livingston,Bench,picnic,https://www.openstreetmap.org/node/8623799079,,,,,Current picnic or rest facility in Livingston recorded by OpenStreetMap.,,,,,,source_reviewed
osm-community:node-8691137675,Livingston,Bench,picnic,https://www.openstreetmap.org/node/8691137675,,,,,Current picnic or rest facility in Livingston recorded by OpenStreetMap.,,,,,,source_reviewed
osm-community:node-8691137676,Livingston,Bench,picnic,https://www.openstreetmap.org/node/8691137676,,,,,Current picnic or rest facility in Livingston recorded by OpenStreetMap.,,,,,,source_reviewed
osm-community:node-8702969499,Livingston,Bench,picnic,https://www.openstreetmap.org/node/8702969499,,,,,Current picnic or rest facility in Livingston recorded by OpenStreetMap.,,,,,,source_reviewed
osm-community:node-8702969500,Livingston,Bench,picnic,https://www.openstreetmap.org/node/8702969500,,,,,Current picnic or rest facility in Livingston recorded by OpenStreetMap.,,,,,,source_reviewed
osm-community:node-8707684933,Livingston,Bench,picnic,https://www.openstreetmap.org/node/8707684933,,,,,Current picnic or rest facility in Livingston recorded by OpenStreetMap.,,,,,,source_reviewed
osm-community:node-8707684938,Livingston,Bench,picnic,https://www.openstreetmap.org/node/8707684938,,,,,Current picnic or rest facility in Livingston recorded by OpenStreetMap.,,,,,,source_reviewed
osm-community:node-8707684956,Livingston,Bench,picnic,https://www.openstreetmap.org/node/8707684956,,,,,Current picnic or rest facility in Livingston recorded by OpenStreetMap.,,,,,,source_reviewed
osm-community:node-8715669051,Livingston,Bench,picnic,https://www.openstreetmap.org/node/8715669051,,,,,Current picnic or rest facility in Livingston recorded by OpenStreetMap.,,,,,,source_reviewed
osm-community:node-8715936468,Livingston,Bench,picnic,https://www.openstreetmap.org/node/8715936468,,,,,Current picnic or rest facility in Livingston recorded by OpenStreetMap.,,,,,,source_reviewed
osm-community:node-8734988341,Livingston,Bench,picnic,https://www.openstreetmap.org/node/8734988341,,,,,Current picnic or rest facility in Livingston recorded by OpenStreetMap.,,,,,,source_reviewed
osm-community:node-8735233932,Livingston,Bench,picnic,https://www.openstreetmap.org/node/8735233932,,,,,Current picnic or rest facility in Livingston recorded by OpenStreetMap.,,,,,,source_reviewed
osm-community:node-8735233933,Livingston,Bench,picnic,https://www.openstreetmap.org/node/8735233933,,,,,Current picnic or rest facility in Livingston recorded by OpenStreetMap.,,,,,,source_reviewed
osm-community:node-8735233934,Livingston,Bench,picnic,https://www.openstreetmap.org/node/8735233934,,,,,Current picnic or rest facility in Livingston recorded by OpenStreetMap.,,,,,,source_reviewed
osm-community:node-8735233936,Livingston,Bench,picnic,https://www.openstreetmap.org/node/8735233936,,,,,Current picnic or rest facility in Livingston recorded by OpenStreetMap.,,,,,,source_reviewed
osm-community:node-8735233970,Livingston,Bench,picnic,https://www.openstreetmap.org/node/8735233970,,,,,Current picnic or rest facility in Livingston recorded by OpenStreetMap.,,,,,,source_reviewed
osm-community:node-8735234007,Livingston,Bench,picnic,https://www.openstreetmap.org/node/8735234007,,,,,Current picnic or rest facility in Livingston recorded by OpenStreetMap.,,,,,,source_reviewed
osm-community:node-9162477261,Livingston,Bench,picnic,https://www.openstreetmap.org/node/9162477261,,,,,Current picnic or rest facility in Livingston recorded by OpenStreetMap.,,,,,,source_reviewed
osm-community:node-9162477263,Livingston,Bench,picnic,https://www.openstreetmap.org/node/9162477263,,,,,Current picnic or rest facility in Livingston recorded by OpenStreetMap.,,,,,,source_reviewed
osm-community:node-9461155208,Livingston,Bench,picnic,https://www.openstreetmap.org/node/9461155208,,,,,Current picnic or rest facility in Livingston recorded by OpenStreetMap.,,,,,,source_reviewed
osm-community:node-9464719538,Livingston,Bench,picnic,https://www.openstreetmap.org/node/9464719538,,,,,Current picnic or rest facility in Livingston recorded by OpenStreetMap.,,,,,,source_reviewed
osm-community:node-9464719539,Livingston,Bench,picnic,https://www.openstreetmap.org/node/9464719539,,,,,Current picnic or rest facility in Livingston recorded by OpenStreetMap.,,,,,,source_reviewed
osm-community:node-9464719540,Livingston,Bench,picnic,https://www.openstreetmap.org/node/9464719540,,,,,Current picnic or rest facility in Livingston recorded by OpenStreetMap.,,,,,,source_reviewed
osm-community:node-9464719541,Livingston,Bench,picnic,https://www.openstreetmap.org/node/9464719541,,,,,Current picnic or rest facility in Livingston recorded by OpenStreetMap.,,,,,,source_reviewed
osm-community:node-9464719542,Livingston,Bench,picnic,https://www.openstreetmap.org/node/9464719542,,,,,Current picnic or rest facility in Livingston recorded by OpenStreetMap.,,,,,,source_reviewed
osm-community:node-9464719543,Livingston,Bench,picnic,https://www.openstreetmap.org/node/9464719543,,,,,Current picnic or rest facility in Livingston recorded by OpenStreetMap.,,,,,,source_reviewed
osm-community:node-9464719606,Livingston,Bench,picnic,https://www.openstreetmap.org/node/9464719606,,,,,Current picnic or rest facility in Livingston recorded by OpenStreetMap.,,,,,,source_reviewed
osm-community:node-9467356185,Livingston,Bench,picnic,https://www.openstreetmap.org/node/9467356185,,,,,Current picnic or rest facility in Livingston recorded by OpenStreetMap.,,,,,,source_reviewed
osm-community:node-9520376218,Livingston,Bench,picnic,https://www.openstreetmap.org/node/9520376218,,,,,Current picnic or rest facility in Livingston recorded by OpenStreetMap.,,,,,,source_reviewed
osm-community:node-9520376219,Livingston,Bench,picnic,https://www.openstreetmap.org/node/9520376219,,,,,Current picnic or rest facility in Livingston recorded by OpenStreetMap.,,,,,,source_reviewed
osm-community:node-9520376251,Livingston,Bench,picnic,https://www.openstreetmap.org/node/9520376251,,,,,Current picnic or rest facility in Livingston recorded by OpenStreetMap.,,,,,,source_reviewed
osm-community:node-9520376252,Livingston,Bench,picnic,https://www.openstreetmap.org/node/9520376252,,,,,Current picnic or rest facility in Livingston recorded by OpenStreetMap.,,,,,,source_reviewed
osm-community:node-9520376257,Livingston,Bench,picnic,https://www.openstreetmap.org/node/9520376257,,,,,Current picnic or rest facility in Livingston recorded by OpenStreetMap.,,,,,,source_reviewed
osm-community:node-9520376266,Livingston,Bench,picnic,https://www.openstreetmap.org/node/9520376266,,,,,Current picnic or rest facility in Livingston recorded by OpenStreetMap.,,,,,,source_reviewed
osm-community:node-9520376267,Livingston,Bench,picnic,https://www.openstreetmap.org/node/9520376267,,,,,Current picnic or rest facility in Livingston recorded by OpenStreetMap.,,,,,,source_reviewed
osm-community:node-9520376292,Livingston,Bench,picnic,https://www.openstreetmap.org/node/9520376292,,,,,Current picnic or rest facility in Livingston recorded by OpenStreetMap.,,,,,,source_reviewed
osm-community:node-9520376318,Livingston,Bench,picnic,https://www.openstreetmap.org/node/9520376318,,,,,Current picnic or rest facility in Livingston recorded by OpenStreetMap.,,,,,,source_reviewed
osm-community:node-9520376319,Livingston,Bench,picnic,https://www.openstreetmap.org/node/9520376319,,,,,Current picnic or rest facility in Livingston recorded by OpenStreetMap.,,,,,,source_reviewed
osm-community:node-9520376320,Livingston,Bench,picnic,https://www.openstreetmap.org/node/9520376320,,,,,Current picnic or rest facility in Livingston recorded by OpenStreetMap.,,,,,,source_reviewed
osm-community:node-9520376321,Livingston,Bench,picnic,https://www.openstreetmap.org/node/9520376321,,,,,Current picnic or rest facility in Livingston recorded by OpenStreetMap.,,,,,,source_reviewed
osm-community:node-9520397602,Livingston,Bench,picnic,https://www.openstreetmap.org/node/9520397602,,,,,Current picnic or rest facility in Livingston recorded by OpenStreetMap.,,,,,,source_reviewed
osm-community:node-9520397603,Livingston,Bench,picnic,https://www.openstreetmap.org/node/9520397603,,,,,Current picnic or rest facility in Livingston recorded by OpenStreetMap.,,,,,,source_reviewed
osm-community:node-9520397605,Livingston,Bench,picnic,https://www.openstreetmap.org/node/9520397605,,,,,Current picnic or rest facility in Livingston recorded by OpenStreetMap.,,,,,,source_reviewed
osm-community:node-9966318881,Livingston,Bench,picnic,https://www.openstreetmap.org/node/9966318881,,,,,Current picnic or rest facility in Livingston recorded by OpenStreetMap.,,,,,,source_reviewed
osm-community:node-9966318883,Livingston,Bench,picnic,https://www.openstreetmap.org/node/9966318883,,,,,Current picnic or rest facility in Livingston recorded by OpenStreetMap.,,,,,,source_reviewed
osm-community:node-10572834388,Livingston,Bench,picnic,https://www.openstreetmap.org/node/10572834388,,,,,Current picnic or rest facility in Livingston recorded by OpenStreetMap.,,,,,,source_reviewed
osm-community:node-10572834389,Livingston,Bench,picnic,https://www.openstreetmap.org/node/10572834389,,,,,Current picnic or rest facility in Livingston recorded by OpenStreetMap.,,,,,,source_reviewed
osm-community:node-10572834390,Livingston,Bench,picnic,https://www.openstreetmap.org/node/10572834390,,,,,Current picnic or rest facility in Livingston recorded by OpenStreetMap.,,,,,,source_reviewed
osm-community:node-10655958914,Livingston,Bench,picnic,https://www.openstreetmap.org/node/10655958914,,,,,Current picnic or rest facility in Livingston recorded by OpenStreetMap.,,,,,,source_reviewed
osm-community:node-10655958918,Livingston,Bench,picnic,https://www.openstreetmap.org/node/10655958918,,,,,Current picnic or rest facility in Livingston recorded by OpenStreetMap.,,,,,,source_reviewed
osm-community:node-10655958919,Livingston,Bench,picnic,https://www.openstreetmap.org/node/10655958919,,,,,Current picnic or rest facility in Livingston recorded by OpenStreetMap.,,,,,,source_reviewed
osm-community:node-10655958921,Livingston,Bench,picnic,https://www.openstreetmap.org/node/10655958921,,,,,Current picnic or rest facility in Livingston recorded by OpenStreetMap.,,,,,,source_reviewed
osm-community:node-10655958923,Livingston,Bench,picnic,https://www.openstreetmap.org/node/10655958923,,,,,Current picnic or rest facility in Livingston recorded by OpenStreetMap.,,,,,,source_reviewed
osm-community:node-10655958924,Livingston,Bench,picnic,https://www.openstreetmap.org/node/10655958924,,,,,Current picnic or rest facility in Livingston recorded by OpenStreetMap.,,,,,,source_reviewed
osm-community:node-10655958925,Livingston,Bench,picnic,https://www.openstreetmap.org/node/10655958925,,,,,Current picnic or rest facility in Livingston recorded by OpenStreetMap.,,,,,,source_reviewed
osm-community:node-10656438853,Livingston,Bench,picnic,https://www.openstreetmap.org/node/10656438853,,,,,Current picnic or rest facility in Livingston recorded by OpenStreetMap.,,,,,,source_reviewed
osm-community:node-10669825386,Livingston,Bench,picnic,https://www.openstreetmap.org/node/10669825386,,,,,Current picnic or rest facility in Livingston recorded by OpenStreetMap.,,,,,,source_reviewed
osm-community:node-10669842108,Livingston,Bench,picnic,https://www.openstreetmap.org/node/10669842108,,,,,Current picnic or rest facility in Livingston recorded by OpenStreetMap.,,,,,,source_reviewed
osm-community:node-10681557150,Livingston,Bench,picnic,https://www.openstreetmap.org/node/10681557150,,,,,Current picnic or rest facility in Livingston recorded by OpenStreetMap.,,,,,,source_reviewed
osm-community:node-10681557157,Livingston,Bench,picnic,https://www.openstreetmap.org/node/10681557157,,,,,Current picnic or rest facility in Livingston recorded by OpenStreetMap.,,,,,,source_reviewed
osm-community:node-10681557158,Livingston,Bench,picnic,https://www.openstreetmap.org/node/10681557158,,,,,Current picnic or rest facility in Livingston recorded by OpenStreetMap.,,,,,,source_reviewed
osm-community:node-10681557162,Livingston,Bench,picnic,https://www.openstreetmap.org/node/10681557162,,,,,Current picnic or rest facility in Livingston recorded by OpenStreetMap.,,,,,,source_reviewed
osm-community:node-10681557166,Livingston,Bench,picnic,https://www.openstreetmap.org/node/10681557166,,,,,Current picnic or rest facility in Livingston recorded by OpenStreetMap.,,,,,,source_reviewed
osm-community:node-10681557168,Livingston,Bench,picnic,https://www.openstreetmap.org/node/10681557168,,,,,Current picnic or rest facility in Livingston recorded by OpenStreetMap.,,,,,,source_reviewed
osm-community:node-10681557171,Livingston,Bench,picnic,https://www.openstreetmap.org/node/10681557171,,,,,Current picnic or rest facility in Livingston recorded by OpenStreetMap.,,,,,,source_reviewed
osm-community:node-10705549231,Livingston,Bench,picnic,https://www.openstreetmap.org/node/10705549231,,,,,Current picnic or rest facility in Livingston recorded by OpenStreetMap.,,,,,,source_reviewed
osm-community:node-10705549232,Livingston,Bench,picnic,https://www.openstreetmap.org/node/10705549232,,,,,Current picnic or rest facility in Livingston recorded by OpenStreetMap.,,,,,,source_reviewed
osm-community:node-11362237635,Livingston,Bench,picnic,https://www.openstreetmap.org/node/11362237635,,,,,Current picnic or rest facility in Livingston recorded by OpenStreetMap.,,,,,,source_reviewed
osm-community:node-11362240939,Livingston,Bench,picnic,https://www.openstreetmap.org/node/11362240939,,,,,Current picnic or rest facility in Livingston recorded by OpenStreetMap.,,,,,,source_reviewed
osm-community:node-11362535735,Livingston,Bench,picnic,https://www.openstreetmap.org/node/11362535735,,,,,Current picnic or rest facility in Livingston recorded by OpenStreetMap.,,,,,,source_reviewed
osm-community:node-12147504406,Livingston,Bench,picnic,https://www.openstreetmap.org/node/12147504406,,,,,Current picnic or rest facility in Livingston recorded by OpenStreetMap.,,,,,,source_reviewed
osm-community:node-12952292600,Livingston,Bench,picnic,https://www.openstreetmap.org/node/12952292600,,,,,Current picnic or rest facility in Livingston recorded by OpenStreetMap.,,,,,,source_reviewed
osm-community:node-12952362301,Livingston,Bench,picnic,https://www.openstreetmap.org/node/12952362301,,,,,Current picnic or rest facility in Livingston recorded by OpenStreetMap.,,,,,,source_reviewed
osm-community:node-12952362380,Livingston,Bench,picnic,https://www.openstreetmap.org/node/12952362380,,,,,Current picnic or rest facility in Livingston recorded by OpenStreetMap.,,,,,,source_reviewed
osm-community:node-12952362384,Livingston,Bench,picnic,https://www.openstreetmap.org/node/12952362384,,,,,Current picnic or rest facility in Livingston recorded by OpenStreetMap.,,,,,,source_reviewed
osm-community:node-12952362385,Livingston,Bench,picnic,https://www.openstreetmap.org/node/12952362385,,,,,Current picnic or rest facility in Livingston recorded by OpenStreetMap.,,,,,,source_reviewed
osm-community:node-12952362386,Livingston,Bench,picnic,https://www.openstreetmap.org/node/12952362386,,,,,Current picnic or rest facility in Livingston recorded by OpenStreetMap.,,,,,,source_reviewed
osm-community:node-12952362387,Livingston,Bench,picnic,https://www.openstreetmap.org/node/12952362387,,,,,Current picnic or rest facility in Livingston recorded by OpenStreetMap.,,,,,,source_reviewed
osm-community:node-12952362388,Livingston,Bench,picnic,https://www.openstreetmap.org/node/12952362388,,,,,Current picnic or rest facility in Livingston recorded by OpenStreetMap.,,,,,,source_reviewed
osm-community:node-12952362523,Livingston,Bench,picnic,https://www.openstreetmap.org/node/12952362523,,,,,Current picnic or rest facility in Livingston recorded by OpenStreetMap.,,,,,,source_reviewed
osm-community:node-12952395253,Livingston,Bench,picnic,https://www.openstreetmap.org/node/12952395253,,,,,Current picnic or rest facility in Livingston recorded by OpenStreetMap.,,,,,,source_reviewed
osm-community:node-12952395254,Livingston,Bench,picnic,https://www.openstreetmap.org/node/12952395254,,,,,Current picnic or rest facility in Livingston recorded by OpenStreetMap.,,,,,,source_reviewed
osm-community:node-12952395255,Livingston,Bench,picnic,https://www.openstreetmap.org/node/12952395255,,,,,Current picnic or rest facility in Livingston recorded by OpenStreetMap.,,,,,,source_reviewed
osm-community:node-12952395256,Livingston,Bench,picnic,https://www.openstreetmap.org/node/12952395256,,,,,Current picnic or rest facility in Livingston recorded by OpenStreetMap.,,,,,,source_reviewed
osm-community:node-12952395259,Livingston,Bench,picnic,https://www.openstreetmap.org/node/12952395259,,,,,Current picnic or rest facility in Livingston recorded by OpenStreetMap.,,,,,,source_reviewed
osm-community:node-12952395261,Livingston,Bench,picnic,https://www.openstreetmap.org/node/12952395261,,,,,Current picnic or rest facility in Livingston recorded by OpenStreetMap.,,,,,,source_reviewed
osm-community:node-12952395262,Livingston,Bench,picnic,https://www.openstreetmap.org/node/12952395262,,,,,Current picnic or rest facility in Livingston recorded by OpenStreetMap.,,,,,,source_reviewed
osm-community:node-12952395263,Livingston,Bench,picnic,https://www.openstreetmap.org/node/12952395263,,,,,Current picnic or rest facility in Livingston recorded by OpenStreetMap.,,,,,,source_reviewed
osm-community:node-12952395264,Livingston,Bench,picnic,https://www.openstreetmap.org/node/12952395264,,,,,Current picnic or rest facility in Livingston recorded by OpenStreetMap.,,,,,,source_reviewed
osm-community:node-12952395265,Livingston,Bench,picnic,https://www.openstreetmap.org/node/12952395265,,,,,Current picnic or rest facility in Livingston recorded by OpenStreetMap.,,,,,,source_reviewed
osm-community:node-12952395266,Livingston,Bench,picnic,https://www.openstreetmap.org/node/12952395266,,,,,Current picnic or rest facility in Livingston recorded by OpenStreetMap.,,,,,,source_reviewed
osm-community:node-12952395267,Livingston,Bench,picnic,https://www.openstreetmap.org/node/12952395267,,,,,Current picnic or rest facility in Livingston recorded by OpenStreetMap.,,,,,,source_reviewed
osm-community:node-12952395268,Livingston,Bench,picnic,https://www.openstreetmap.org/node/12952395268,,,,,Current picnic or rest facility in Livingston recorded by OpenStreetMap.,,,,,,source_reviewed
osm-community:node-12952395269,Livingston,Bench,picnic,https://www.openstreetmap.org/node/12952395269,,,,,Current picnic or rest facility in Livingston recorded by OpenStreetMap.,,,,,,source_reviewed
osm-community:node-12952395270,Livingston,Bench,picnic,https://www.openstreetmap.org/node/12952395270,,,,,Current picnic or rest facility in Livingston recorded by OpenStreetMap.,,,,,,source_reviewed
osm-community:node-12952395275,Livingston,Bench,picnic,https://www.openstreetmap.org/node/12952395275,,,,,Current picnic or rest facility in Livingston recorded by OpenStreetMap.,,,,,,source_reviewed
osm-community:node-12953806659,Livingston,Bench,picnic,https://www.openstreetmap.org/node/12953806659,,,,,Current picnic or rest facility in Livingston recorded by OpenStreetMap.,,,,,,source_reviewed
osm-community:node-12964338478,Livingston,Bench,picnic,https://www.openstreetmap.org/node/12964338478,,,,,Current picnic or rest facility in Livingston recorded by OpenStreetMap.,,,,,,source_reviewed
osm-community:node-12988259421,Livingston,Bench,picnic,https://www.openstreetmap.org/node/12988259421,,,,,Current picnic or rest facility in Livingston recorded by OpenStreetMap.,,,,,,source_reviewed
osm-community:node-13545980955,Livingston,Bench,picnic,https://www.openstreetmap.org/node/13545980955,,,,,Current picnic or rest facility in Livingston recorded by OpenStreetMap.,,,,,,source_reviewed
osm-community:node-13546065485,Livingston,Bench,picnic,https://www.openstreetmap.org/node/13546065485,,,,,Current picnic or rest facility in Livingston recorded by OpenStreetMap.,,,,,,source_reviewed
osm-community:node-13546079968,Livingston,Bench,picnic,https://www.openstreetmap.org/node/13546079968,,,,,Current picnic or rest facility in Livingston recorded by OpenStreetMap.,,,,,,source_reviewed
osm-community:way-189137620,Livingston,Bistro 19,food,https://www.openstreetmap.org/way/189137620,,,,,Bistro 19 is a current food and drink place in Livingston recorded by OpenStreetMap.,,,,,,source_reviewed
osm-community:node-11470095673,Livingston,Black Rooster,food,https://www.openstreetmap.org/node/11470095673,,,,12:00-22:00.,Black Rooster is a current food and drink place in Livingston recorded by OpenStreetMap.,,,,,,source_reviewed
osm-community:way-492631334,Livingston,Blue Car Park,parking,https://www.openstreetmap.org/way/492631334,,,,,Blue Car Park is a current parking place in Livingston recorded by OpenStreetMap.,,,,,,source_reviewed
osm-community:node-13243408848,Livingston,Born In Scotland,visitor,https://www.openstreetmap.org/node/13243408848,,,,,Born In Scotland is a current visitor place in Livingston recorded by OpenStreetMap.,,,,,,source_reviewed
osm-community:node-8132077901,Livingston,Brass Rubbing Trail,art,https://www.openstreetmap.org/node/8132077901,,,,,Brass Rubbing Trail is a current public artwork in Livingston recorded by OpenStreetMap.,,,,,,source_reviewed
osm-community:node-8201851789,Livingston,Brass Rubbing Trail,art,https://www.openstreetmap.org/node/8201851789,,,,,Brass Rubbing Trail is a current public artwork in Livingston recorded by OpenStreetMap.,,,,,,source_reviewed
osm-community:node-8228250748,Livingston,Brass Rubbing Trail,art,https://www.openstreetmap.org/node/8228250748,,,,,Brass Rubbing Trail is a current public artwork in Livingston recorded by OpenStreetMap.,,,,,,source_reviewed
osm-community:way-130866825,Livingston,Brucefield Farm,food,https://www.openstreetmap.org/way/130866825,https://www.stonehouserestaurants.co.uk/nationalsearch/scotland-and-northern-ireland/brucefieldfarmlivingston#/.,,,,Brucefield Farm is a current food and drink place in Livingston recorded by OpenStreetMap.,,,,,,source_reviewed
osm-community:node-4505069516,Livingston,Café,food,https://www.openstreetmap.org/node/4505069516,,,,,Café is a current food and drink place in Livingston recorded by OpenStreetMap.,,,,,,source_reviewed
osm-community:node-5607893516,Livingston,Café,food,https://www.openstreetmap.org/node/5607893516,,,,,Café is a current food and drink place in Livingston recorded by OpenStreetMap.,,,,,,source_reviewed
osm-community:way-1462620684,Livingston,Café,food,https://www.openstreetmap.org/way/1462620684,,,,,Café is a current food and drink place in Livingston recorded by OpenStreetMap.,,,,,,source_reviewed
osm-community:node-12973941920,Livingston,Caffè Nero,food,https://www.openstreetmap.org/node/12973941920,,,,,Caffè Nero is a current food and drink place in Livingston recorded by OpenStreetMap.,,,,,,source_reviewed
osm-community:way-87166954,Livingston,Car Park A,parking,https://www.openstreetmap.org/way/87166954,,,,,Car Park A is a current parking place in Livingston recorded by OpenStreetMap.,,,,,,source_reviewed
osm-community:relation-20134428,Livingston,Car Park B,parking,https://www.openstreetmap.org/relation/20134428,,,,,Car Park B is a current parking place in Livingston recorded by OpenStreetMap.,,,,,,source_reviewed
osm-community:node-12974495441,Livingston,Card Factory,visitor,https://www.openstreetmap.org/node/12974495441,,,,,Card Factory is a current visitor place in Livingston recorded by OpenStreetMap.,,,,,,source_reviewed
osm-community:node-4619143819,Livingston,Chrysalis,art,https://www.openstreetmap.org/node/4619143819,,,,,Chrysalis is a current public artwork in Livingston recorded by OpenStreetMap.,,,,,,source_reviewed
osm-community:node-12974468067,Livingston,Clintons,visitor,https://www.openstreetmap.org/node/12974468067,,,,,Clintons is a current visitor place in Livingston recorded by OpenStreetMap.,,,,,,source_reviewed
osm-community:node-4619173815,Livingston,Compass,art,https://www.openstreetmap.org/node/4619173815,,,,,Compass is a current public artwork in Livingston recorded by OpenStreetMap.,,,,,,source_reviewed
osm-community:node-11557047187,Livingston,Connells,food,https://www.openstreetmap.org/node/11557047187,,,,Mo-Fr 07:00-15:00.,Connells is a current food and drink place in Livingston recorded by OpenStreetMap.,,,,,,source_reviewed
osm-community:node-10807162708,Livingston,Costa,food,https://www.openstreetmap.org/node/10807162708,,,,,Costa is a current food and drink place in Livingston recorded by OpenStreetMap.,,,,,,source_reviewed
osm-community:node-12973912874,Livingston,Costa,food,https://www.openstreetmap.org/node/12973912874,,,,,Costa is a current food and drink place in Livingston recorded by OpenStreetMap.,,,,,,source_reviewed
osm-community:node-12974160329,Livingston,Costa,food,https://www.openstreetmap.org/node/12974160329,,,,,Costa is a current food and drink place in Livingston recorded by OpenStreetMap.,,,,,,source_reviewed
osm-community:node-305047512,Livingston,Dechmont Law,visitor,https://www.openstreetmap.org/node/305047512,,en:Dechmont Law.,,,Dechmont Law is a current visitor place in Livingston recorded by OpenStreetMap.,,,,,,source_reviewed
osm-community:node-11362535727,Livingston,Dechmont Law Park,visitor,https://www.openstreetmap.org/node/11362535727,,,,,Dechmont Law Park is a current visitor place in Livingston recorded by OpenStreetMap.,,,,,,source_reviewed
osm-community:way-176819736,Livingston,Designer Outlet 1,parking,https://www.openstreetmap.org/way/176819736,,,,,Designer Outlet 1 is a current parking place in Livingston recorded by OpenStreetMap.,,,,,,source_reviewed
osm-community:node-12974468059,Livingston,Dnisi,food,https://www.openstreetmap.org/node/12974468059,,,,,Dnisi is a current food and drink place in Livingston recorded by OpenStreetMap.,,,,,,source_reviewed
osm-community:node-12008984388,Livingston,Dobbies Cafe,food,https://www.openstreetmap.org/node/12008984388,,,,,Dobbies Cafe is a current food and drink place in Livingston recorded by OpenStreetMap.,,,,,,source_reviewed
osm-community:way-156256899,Livingston,Don Pollo Peri Peri,food,https://www.openstreetmap.org/way/156256899,,,,,Don Pollo Peri Peri is a current food and drink place in Livingston recorded by OpenStreetMap.,,,,,,source_reviewed
osm-community:way-372799284,Livingston,Dyke-Swarm,art,https://www.openstreetmap.org/way/372799284,,,,,Dyke-Swarm is a current public artwork in Livingston recorded by OpenStreetMap.,,,,,,source_reviewed
osm-community:way-533993975,Livingston,Eastwood Play Area,leisure,https://www.openstreetmap.org/way/533993975,,,,,Eastwood Play Area is a current leisure place in Livingston recorded by OpenStreetMap.,,,,,,source_reviewed
osm-community:node-8098629243,Livingston,Florum Cultura,art,https://www.openstreetmap.org/node/8098629243,,,,,Florum Cultura is a current public artwork in Livingston recorded by OpenStreetMap.,,,,,,source_reviewed
osm-community:node-7419735342,Livingston,Frog,art,https://www.openstreetmap.org/node/7419735342,,,,,Frog is a current public artwork in Livingston recorded by OpenStreetMap.,,,,,,source_reviewed
osm-community:node-2146875411,Livingston,Gasworks Brae Entrance,visitor,https://www.openstreetmap.org/node/2146875411,,,,,Gasworks Brae Entrance is a current visitor place in Livingston recorded by OpenStreetMap.,,,,,,source_reviewed
osm-community:node-11470132430,Livingston,Geordie's Mall Cafe,food,https://www.openstreetmap.org/node/11470132430,,,,,Geordie's Mall Cafe is a current food and drink place in Livingston recorded by OpenStreetMap.,,,,,,source_reviewed
osm-community:node-12974468091,Livingston,Gift Land,visitor,https://www.openstreetmap.org/node/12974468091,,,,,Gift Land is a current visitor place in Livingston recorded by OpenStreetMap.,,,,,,source_reviewed
osm-community:node-11339615431,Livingston,Guidepost,visitor,https://www.openstreetmap.org/node/11339615431,,,,,Guidepost is a current visitor place in Livingston recorded by OpenStreetMap.,,,,,,source_reviewed
osm-community:node-12612620224,Livingston,Hot Flame,food,https://www.openstreetmap.org/node/12612620224,,,,,Hot Flame is a current food and drink place in Livingston recorded by OpenStreetMap.,,,,,,source_reviewed
osm-community:way-23900026,Livingston,Howden Bus Halt,parking,https://www.openstreetmap.org/way/23900026,,,,,Howden Bus Halt is a current parking place in Livingston recorded by OpenStreetMap.,,,,,,source_reviewed
osm-community:node-8228250760,Livingston,Howden Rock Ramp,visitor,https://www.openstreetmap.org/node/8228250760,,,,,Howden Rock Ramp is a current visitor place in Livingston recorded by OpenStreetMap.,,,,,,source_reviewed
osm-community:node-2815909168,Livingston,Information board,visitor,https://www.openstreetmap.org/node/2815909168,,,,,Information board is a current visitor place in Livingston recorded by OpenStreetMap.,,,,,,source_reviewed
osm-community:node-3782176874,Livingston,Information board,visitor,https://www.openstreetmap.org/node/3782176874,,,info board for walled garden,,Information board is a current visitor place in Livingston recorded by OpenStreetMap.,,,,,,source_reviewed
osm-community:node-9249999438,Livingston,Information board,visitor,https://www.openstreetmap.org/node/9249999438,,,,,Information board is a current visitor place in Livingston recorded by OpenStreetMap.,,,,,,source_reviewed
osm-community:way-220486743,Livingston,Kaims Grove playground,leisure,https://www.openstreetmap.org/way/220486743,,,,,Kaims Grove playground is a current leisure place in Livingston recorded by OpenStreetMap.,,,,,,source_reviewed
osm-community:node-1973262003,Livingston,Khushi's,food,https://www.openstreetmap.org/node/1973262003,,,,,Khushi's is a current food and drink place in Livingston recorded by OpenStreetMap.,,,,,,source_reviewed
osm-community:way-616265794,Livingston,La Vita,food,https://www.openstreetmap.org/way/616265794,,,,,La Vita is a current food and drink place in Livingston recorded by OpenStreetMap.,,,,,,source_reviewed
osm-community:node-4576965011,Livingston,las IGUANAS,food,https://www.openstreetmap.org/node/4576965011,https://www.iguanas.co.uk/restaurants/livingston/.,,,Mo-Th 11:00-21:00,las IGUANAS is a current food and drink place in Livingston recorded by OpenStreetMap.,,,,,,source_reviewed
osm-community:node-4804498004,Livingston,Livingston Incident,memorial,https://www.openstreetmap.org/node/4804498004,,,,,Livingston Incident is a current memorial or plaque in Livingston recorded by OpenStreetMap.,,,,,,source_reviewed
osm-community:way-497173294,Livingston,Livingston Stone Circle,historic,https://www.openstreetmap.org/way/497173294,,,,,Livingston Stone Circle is a current historic place in Livingston recorded by OpenStreetMap.,,,,,,source_reviewed
osm-community:node-8054063111,Livingston,Livingston War Memorial,memorial,https://www.openstreetmap.org/node/8054063111,,,,,Livingston War Memorial is a current memorial or plaque in Livingston recorded by OpenStreetMap.,,,,,,source_reviewed
osm-community:node-12974468074,Livingston,Mall Cafe,food,https://www.openstreetmap.org/node/12974468074,,,,,Mall Cafe is a current food and drink place in Livingston recorded by OpenStreetMap.,,,,,,source_reviewed
osm-community:node-2157242545,Livingston,Map or model board,visitor,https://www.openstreetmap.org/node/2157242545,,,,,Map or model board is a current visitor place in Livingston recorded by OpenStreetMap.,,,,,,source_reviewed
osm-community:node-4826008728,Livingston,Map or model board,visitor,https://www.openstreetmap.org/node/4826008728,,,,,Map or model board is a current visitor place in Livingston recorded by OpenStreetMap.,,,,,,source_reviewed
osm-community:way-304454833,Livingston,Maternity Car Park,parking,https://www.openstreetmap.org/way/304454833,,,,,Maternity Car Park is a current parking place in Livingston recorded by OpenStreetMap.,,,,,,source_reviewed
osm-community:node-9464719549,Livingston,Memorial stone,memorial,https://www.openstreetmap.org/node/9464719549,,,,,Memorial stone is a current memorial or plaque in Livingston recorded by OpenStreetMap.,,,,,,source_reviewed
osm-community:node-12974468068,Livingston,Menkind,visitor,https://www.openstreetmap.org/node/12974468068,,,,,Menkind is a current visitor place in Livingston recorded by OpenStreetMap.,,,,,,source_reviewed
osm-community:node-246397901,Livingston,Mid Calder War Memorial Arch,memorial,https://www.openstreetmap.org/node/246397901,,,,,Mid Calder War Memorial Arch is a current memorial or plaque in Livingston recorded by OpenStreetMap.,,,,,,source_reviewed
osm-community:node-6932969764,Livingston,Millennium Milepost Livingston,visitor,https://www.openstreetmap.org/node/6932969764,,,"1) Bathgate 9, Glasgow 34
2) Edinburgh 18 (via NCN754)",,Millennium Milepost Livingston is a current visitor place in Livingston recorded by OpenStreetMap.,,,,,,source_reviewed
osm-community:node-12973912857,Livingston,Millie's Cookies,food,https://www.openstreetmap.org/node/12973912857,,,,,Millie's Cookies is a current food and drink place in Livingston recorded by OpenStreetMap.,,,,,,source_reviewed
osm-community:node-4804465782,Livingston,Mouse and Cheese,art,https://www.openstreetmap.org/node/4804465782,,,,,Mouse and Cheese is a current public artwork in Livingston recorded by OpenStreetMap.,,,,,,source_reviewed
osm-community:node-12974495453,Livingston,Muffin Break,food,https://www.openstreetmap.org/node/12974495453,,,,,Muffin Break is a current food and drink place in Livingston recorded by OpenStreetMap.,,,,,,source_reviewed
osm-community:node-4576965013,Livingston,Nando's,food,https://www.openstreetmap.org/node/4576965013,https://www.nandos.co.uk/restaurants/livingston.,,,,Nando's is a current food and drink place in Livingston recorded by OpenStreetMap.,,,,,,source_reviewed
osm-community:node-4969119793,Livingston,nineteen62,food,https://www.openstreetmap.org/node/4969119793,,,,,nineteen62 is a current food and drink place in Livingston recorded by OpenStreetMap.,,,,,,source_reviewed
osm-community:node-4556364140,Livingston,NORgate,art,https://www.openstreetmap.org/node/4556364140,,,,,NORgate is a current public artwork in Livingston recorded by OpenStreetMap.,,,,,,source_reviewed
osm-community:node-12974468080,Livingston,NowNow,food,https://www.openstreetmap.org/node/12974468080,,,,,NowNow is a current food and drink place in Livingston recorded by OpenStreetMap.,,,,,,source_reviewed
osm-community:node-12974468098,Livingston,Oh My Gifts,visitor,https://www.openstreetmap.org/node/12974468098,,,,,Oh My Gifts is a current visitor place in Livingston recorded by OpenStreetMap.,,,,,,source_reviewed
osm-community:node-4618740084,Livingston,Old Men of Hoy,art,https://www.openstreetmap.org/node/4618740084,,,,,Old Men of Hoy is a current public artwork in Livingston recorded by OpenStreetMap.,,,,,,source_reviewed
osm-community:node-9472984447,Livingston,Oozlum Bird,art,https://www.openstreetmap.org/node/9472984447,,,,,Oozlum Bird is a current public artwork in Livingston recorded by OpenStreetMap.,,,,,,source_reviewed
osm-community:node-7147338914,Livingston,Oscar's Bar and Grill,food,https://www.openstreetmap.org/node/7147338914,https://www.oscarsbarandgrill.com/.,,,,Oscar's Bar and Grill is a current food and drink place in Livingston recorded by OpenStreetMap.,,,,,,source_reviewed
osm-community:way-1371022921,Livingston,Outdoor seating,picnic,https://www.openstreetmap.org/way/1371022921,,,,,Outdoor seating is a current picnic or rest facility in Livingston recorded by OpenStreetMap.,,,,,,source_reviewed
osm-community:way-423965796,Livingston,overflow carpark,parking,https://www.openstreetmap.org/way/423965796,,,,,overflow carpark is a current parking place in Livingston recorded by OpenStreetMap.,,,,,,source_reviewed
osm-community:node-12974464386,Livingston,Paradise Island,leisure,https://www.openstreetmap.org/node/12974464386,,,,,Paradise Island is a current leisure place in Livingston recorded by OpenStreetMap.,,,,,,source_reviewed
osm-community:node-3761711879,Livingston,Paraffin Harvester,memorial,https://www.openstreetmap.org/node/3761711879,,,,,Paraffin Harvester is a current memorial or plaque in Livingston recorded by OpenStreetMap.,,,,,,source_reviewed
osm-community:node-389851353,Livingston,Parking,parking,https://www.openstreetmap.org/node/389851353,,,,,Current parking place in Livingston recorded by OpenStreetMap.,,,,,,source_reviewed
osm-community:node-1428228052,Livingston,Parking,parking,https://www.openstreetmap.org/node/1428228052,,,,,Current parking place in Livingston recorded by OpenStreetMap.,,,,,,source_reviewed
osm-community:node-4089075669,Livingston,Parking,parking,https://www.openstreetmap.org/node/4089075669,,,,,Current parking place in Livingston recorded by OpenStreetMap.,,,,,,source_reviewed
osm-community:node-4234593479,Livingston,Parking,parking,https://www.openstreetmap.org/node/4234593479,,,,,Current parking place in Livingston recorded by OpenStreetMap.,,,,,,source_reviewed
osm-community:node-4289372826,Livingston,Parking,parking,https://www.openstreetmap.org/node/4289372826,,,,,Current parking place in Livingston recorded by OpenStreetMap.,,,,,,source_reviewed
osm-community:node-4289372827,Livingston,Parking,parking,https://www.openstreetmap.org/node/4289372827,,,,,Current parking place in Livingston recorded by OpenStreetMap.,,,,,,source_reviewed
osm-community:node-12952081474,Livingston,Parking,parking,https://www.openstreetmap.org/node/12952081474,,,,,Current parking place in Livingston recorded by OpenStreetMap.,,,,,,source_reviewed
osm-community:node-12952081475,Livingston,Parking,parking,https://www.openstreetmap.org/node/12952081475,,,,,Current parking place in Livingston recorded by OpenStreetMap.,,,,,,source_reviewed
osm-community:node-12952081476,Livingston,Parking,parking,https://www.openstreetmap.org/node/12952081476,,,,,Current parking place in Livingston recorded by OpenStreetMap.,,,,,,source_reviewed
osm-community:node-12952081477,Livingston,Parking,parking,https://www.openstreetmap.org/node/12952081477,,,,,Current parking place in Livingston recorded by OpenStreetMap.,,,,,,source_reviewed
osm-community:node-12952081478,Livingston,Parking,parking,https://www.openstreetmap.org/node/12952081478,,,,,Current parking place in Livingston recorded by OpenStreetMap.,,,,,,source_reviewed
osm-community:node-12952395250,Livingston,Parking,parking,https://www.openstreetmap.org/node/12952395250,,,,,Current parking place in Livingston recorded by OpenStreetMap.,,,,,,source_reviewed
osm-community:node-12952395251,Livingston,Parking,parking,https://www.openstreetmap.org/node/12952395251,,,,,Current parking place in Livingston recorded by OpenStreetMap.,,,,,,source_reviewed
osm-community:node-12952678564,Livingston,Parking,parking,https://www.openstreetmap.org/node/12952678564,,,,,Current parking place in Livingston recorded by OpenStreetMap.,,,,,,source_reviewed
osm-community:node-12954210620,Livingston,Parking,parking,https://www.openstreetmap.org/node/12954210620,,,,,Current parking place in Livingston recorded by OpenStreetMap.,,,,,,source_reviewed
osm-community:node-12954210621,Livingston,Parking,parking,https://www.openstreetmap.org/node/12954210621,,,,,Current parking place in Livingston recorded by OpenStreetMap.,,,,,,source_reviewed
osm-community:node-12954210622,Livingston,Parking,parking,https://www.openstreetmap.org/node/12954210622,,,,,Current parking place in Livingston recorded by OpenStreetMap.,,,,,,source_reviewed
osm-community:node-12954210623,Livingston,Parking,parking,https://www.openstreetmap.org/node/12954210623,,,,,Current parking place in Livingston recorded by OpenStreetMap.,,,,,,source_reviewed
osm-community:node-12954210644,Livingston,Parking,parking,https://www.openstreetmap.org/node/12954210644,,,,,Current parking place in Livingston recorded by OpenStreetMap.,,,,,,source_reviewed
osm-community:node-12954210645,Livingston,Parking,parking,https://www.openstreetmap.org/node/12954210645,,,,,Current parking place in Livingston recorded by OpenStreetMap.,,,,,,source_reviewed
osm-community:node-12954210646,Livingston,Parking,parking,https://www.openstreetmap.org/node/12954210646,,,,,Current parking place in Livingston recorded by OpenStreetMap.,,,,,,source_reviewed
osm-community:node-12954210656,Livingston,Parking,parking,https://www.openstreetmap.org/node/12954210656,,,,,Current parking place in Livingston recorded by OpenStreetMap.,,,,,,source_reviewed
osm-community:node-12954210658,Livingston,Parking,parking,https://www.openstreetmap.org/node/12954210658,,,,,Current parking place in Livingston recorded by OpenStreetMap.,,,,,,source_reviewed
osm-community:node-12954210659,Livingston,Parking,parking,https://www.openstreetmap.org/node/12954210659,,,,,Current parking place in Livingston recorded by OpenStreetMap.,,,,,,source_reviewed
osm-community:node-12954210661,Livingston,Parking,parking,https://www.openstreetmap.org/node/12954210661,,,,,Current parking place in Livingston recorded by OpenStreetMap.,,,,,,source_reviewed
osm-community:node-12954210665,Livingston,Parking,parking,https://www.openstreetmap.org/node/12954210665,,,,,Current parking place in Livingston recorded by OpenStreetMap.,,,,,,source_reviewed
osm-community:node-12954210666,Livingston,Parking,parking,https://www.openstreetmap.org/node/12954210666,,,,,Current parking place in Livingston recorded by OpenStreetMap.,,,,,,source_reviewed
osm-community:node-12954210670,Livingston,Parking,parking,https://www.openstreetmap.org/node/12954210670,,,,,Current parking place in Livingston recorded by OpenStreetMap.,,,,,,source_reviewed
osm-community:node-12954210673,Livingston,Parking,parking,https://www.openstreetmap.org/node/12954210673,,,,,Current parking place in Livingston recorded by OpenStreetMap.,,,,,,source_reviewed
osm-community:node-12954210674,Livingston,Parking,parking,https://www.openstreetmap.org/node/12954210674,,,,,Current parking place in Livingston recorded by OpenStreetMap.,,,,,,source_reviewed
osm-community:node-12954210675,Livingston,Parking,parking,https://www.openstreetmap.org/node/12954210675,,,,,Current parking place in Livingston recorded by OpenStreetMap.,,,,,,source_reviewed
osm-community:node-12954210678,Livingston,Parking,parking,https://www.openstreetmap.org/node/12954210678,,,,,Current parking place in Livingston recorded by OpenStreetMap.,,,,,,source_reviewed
osm-community:node-12954210679,Livingston,Parking,parking,https://www.openstreetmap.org/node/12954210679,,,,,Current parking place in Livingston recorded by OpenStreetMap.,,,,,,source_reviewed
osm-community:node-12974536705,Livingston,Parking,parking,https://www.openstreetmap.org/node/12974536705,,,,,Current parking place in Livingston recorded by OpenStreetMap.,,,,,,source_reviewed
osm-community:node-12974536706,Livingston,Parking,parking,https://www.openstreetmap.org/node/12974536706,,,,,Current parking place in Livingston recorded by OpenStreetMap.,,,,,,source_reviewed
osm-community:node-12974536707,Livingston,Parking,parking,https://www.openstreetmap.org/node/12974536707,,,,,Current parking place in Livingston recorded by OpenStreetMap.,,,,,,source_reviewed
osm-community:way-21050556,Livingston,Parking,parking,https://www.openstreetmap.org/way/21050556,,,,,Current parking place in Livingston recorded by OpenStreetMap.,,,,,,source_reviewed
osm-community:way-22946165,Livingston,Parking,parking,https://www.openstreetmap.org/way/22946165,,,,,Current parking place in Livingston recorded by OpenStreetMap.,,,,,,source_reviewed
osm-community:way-23221214,Livingston,Parking,parking,https://www.openstreetmap.org/way/23221214,,,,,Current parking place in Livingston recorded by OpenStreetMap.,,,,,,source_reviewed
osm-community:way-23253436,Livingston,Parking,parking,https://www.openstreetmap.org/way/23253436,,,,,Current parking place in Livingston recorded by OpenStreetMap.,,,,,,source_reviewed
osm-community:way-23253582,Livingston,Parking,parking,https://www.openstreetmap.org/way/23253582,,,,,Current parking place in Livingston recorded by OpenStreetMap.,,,,,,source_reviewed
osm-community:way-23253583,Livingston,Parking,parking,https://www.openstreetmap.org/way/23253583,,,,,Current parking place in Livingston recorded by OpenStreetMap.,,,,,,source_reviewed
osm-community:way-23264088,Livingston,Parking,parking,https://www.openstreetmap.org/way/23264088,,,,,Current parking place in Livingston recorded by OpenStreetMap.,,,,,,source_reviewed
osm-community:way-23264091,Livingston,Parking,parking,https://www.openstreetmap.org/way/23264091,,,,,Current parking place in Livingston recorded by OpenStreetMap.,,,,,,source_reviewed
osm-community:way-23264096,Livingston,Parking,parking,https://www.openstreetmap.org/way/23264096,,,,,Current parking place in Livingston recorded by OpenStreetMap.,,,,,,source_reviewed
osm-community:way-23899718,Livingston,Parking,parking,https://www.openstreetmap.org/way/23899718,,,,,Current parking place in Livingston recorded by OpenStreetMap.,,,,,,source_reviewed
osm-community:way-23899895,Livingston,Parking,parking,https://www.openstreetmap.org/way/23899895,,,,,Current parking place in Livingston recorded by OpenStreetMap.,,,,,,source_reviewed
osm-community:way-23899899,Livingston,Parking,parking,https://www.openstreetmap.org/way/23899899,,,,,Current parking place in Livingston recorded by OpenStreetMap.,,,,,,source_reviewed
osm-community:way-41866284,Livingston,Parking,parking,https://www.openstreetmap.org/way/41866284,,,,,Current parking place in Livingston recorded by OpenStreetMap.,,,,,,source_reviewed
osm-community:way-41915758,Livingston,Parking,parking,https://www.openstreetmap.org/way/41915758,,,,,Current parking place in Livingston recorded by OpenStreetMap.,,,,,,source_reviewed
osm-community:way-86501778,Livingston,Parking,parking,https://www.openstreetmap.org/way/86501778,,,,,Current parking place in Livingston recorded by OpenStreetMap.,,,,,,source_reviewed
osm-community:way-86502103,Livingston,Parking,parking,https://www.openstreetmap.org/way/86502103,,,,,Current parking place in Livingston recorded by OpenStreetMap.,,,,,,source_reviewed
osm-community:way-87053074,Livingston,Parking,parking,https://www.openstreetmap.org/way/87053074,,,,,Current parking place in Livingston recorded by OpenStreetMap.,,,,,,source_reviewed
osm-community:way-87054155,Livingston,Parking,parking,https://www.openstreetmap.org/way/87054155,,,,,Current parking place in Livingston recorded by OpenStreetMap.,,,,,,source_reviewed
osm-community:way-87161757,Livingston,Parking,parking,https://www.openstreetmap.org/way/87161757,,,,,Current parking place in Livingston recorded by OpenStreetMap.,,,,,,source_reviewed
osm-community:way-87161759,Livingston,Parking,parking,https://www.openstreetmap.org/way/87161759,,,,,Current parking place in Livingston recorded by OpenStreetMap.,,,,,,source_reviewed
osm-community:way-87166948,Livingston,Parking,parking,https://www.openstreetmap.org/way/87166948,,,,,Current parking place in Livingston recorded by OpenStreetMap.,,,,,,source_reviewed
osm-community:way-87166961,Livingston,Parking,parking,https://www.openstreetmap.org/way/87166961,,,,,Current parking place in Livingston recorded by OpenStreetMap.,,,,,,source_reviewed
osm-community:way-87171043,Livingston,Parking,parking,https://www.openstreetmap.org/way/87171043,,,,,Current parking place in Livingston recorded by OpenStreetMap.,,,,,,source_reviewed
osm-community:way-87171064,Livingston,Parking,parking,https://www.openstreetmap.org/way/87171064,,,,,Current parking place in Livingston recorded by OpenStreetMap.,,,,,,source_reviewed
osm-community:way-87171086,Livingston,Parking,parking,https://www.openstreetmap.org/way/87171086,,,,,Current parking place in Livingston recorded by OpenStreetMap.,,,,,,source_reviewed
osm-community:way-87171243,Livingston,Parking,parking,https://www.openstreetmap.org/way/87171243,,,,,Current parking place in Livingston recorded by OpenStreetMap.,,,,,,source_reviewed
osm-community:way-88220301,Livingston,Parking,parking,https://www.openstreetmap.org/way/88220301,,,,,Current parking place in Livingston recorded by OpenStreetMap.,,,,,,source_reviewed
osm-community:way-88220308,Livingston,Parking,parking,https://www.openstreetmap.org/way/88220308,,,,,Current parking place in Livingston recorded by OpenStreetMap.,,,,,,source_reviewed
osm-community:way-98709981,Livingston,Parking,parking,https://www.openstreetmap.org/way/98709981,,,,,Current parking place in Livingston recorded by OpenStreetMap.,,,,,,source_reviewed
osm-community:way-98709982,Livingston,Parking,parking,https://www.openstreetmap.org/way/98709982,,,,,Current parking place in Livingston recorded by OpenStreetMap.,,,,,,source_reviewed
osm-community:way-125390493,Livingston,Parking,parking,https://www.openstreetmap.org/way/125390493,,,,,Current parking place in Livingston recorded by OpenStreetMap.,,,,,,source_reviewed
osm-community:way-125390495,Livingston,Parking,parking,https://www.openstreetmap.org/way/125390495,,,,,Current parking place in Livingston recorded by OpenStreetMap.,,,,,,source_reviewed
osm-community:way-129460986,Livingston,Parking,parking,https://www.openstreetmap.org/way/129460986,,,,,Current parking place in Livingston recorded by OpenStreetMap.,,,,,,source_reviewed
osm-community:way-144450671,Livingston,Parking,parking,https://www.openstreetmap.org/way/144450671,,,,,Current parking place in Livingston recorded by OpenStreetMap.,,,,,,source_reviewed
osm-community:way-144450672,Livingston,Parking,parking,https://www.openstreetmap.org/way/144450672,,,,,Current parking place in Livingston recorded by OpenStreetMap.,,,,,,source_reviewed
osm-community:way-144450682,Livingston,Parking,parking,https://www.openstreetmap.org/way/144450682,,,,,Current parking place in Livingston recorded by OpenStreetMap.,,,,,,source_reviewed
osm-community:way-144450685,Livingston,Parking,parking,https://www.openstreetmap.org/way/144450685,,,,,Current parking place in Livingston recorded by OpenStreetMap.,,,,,,source_reviewed
osm-community:way-144450687,Livingston,Parking,parking,https://www.openstreetmap.org/way/144450687,,,,,Current parking place in Livingston recorded by OpenStreetMap.,,,,,,source_reviewed
osm-community:way-144450692,Livingston,Parking,parking,https://www.openstreetmap.org/way/144450692,,,,,Current parking place in Livingston recorded by OpenStreetMap.,,,,,,source_reviewed
osm-community:way-144450697,Livingston,Parking,parking,https://www.openstreetmap.org/way/144450697,,,,,Current parking place in Livingston recorded by OpenStreetMap.,,,,,,source_reviewed
osm-community:way-144450700,Livingston,Parking,parking,https://www.openstreetmap.org/way/144450700,,,,,Current parking place in Livingston recorded by OpenStreetMap.,,,,,,source_reviewed
osm-community:way-144452049,Livingston,Parking,parking,https://www.openstreetmap.org/way/144452049,,,,,Current parking place in Livingston recorded by OpenStreetMap.,,,,,,source_reviewed
osm-community:way-144452053,Livingston,Parking,parking,https://www.openstreetmap.org/way/144452053,,,,,Current parking place in Livingston recorded by OpenStreetMap.,,,,,,source_reviewed
osm-community:way-144470574,Livingston,Parking,parking,https://www.openstreetmap.org/way/144470574,,,,,Current parking place in Livingston recorded by OpenStreetMap.,,,,,,source_reviewed
osm-community:way-144470585,Livingston,Parking,parking,https://www.openstreetmap.org/way/144470585,,,,,Current parking place in Livingston recorded by OpenStreetMap.,,,,,,source_reviewed
osm-community:way-144470598,Livingston,Parking,parking,https://www.openstreetmap.org/way/144470598,,,,,Current parking place in Livingston recorded by OpenStreetMap.,,,,,,source_reviewed
osm-community:way-144470602,Livingston,Parking,parking,https://www.openstreetmap.org/way/144470602,,,,,Current parking place in Livingston recorded by OpenStreetMap.,,,,,,source_reviewed
osm-community:way-144470617,Livingston,Parking,parking,https://www.openstreetmap.org/way/144470617,,,,,Current parking place in Livingston recorded by OpenStreetMap.,,,,,,source_reviewed
osm-community:way-144470620,Livingston,Parking,parking,https://www.openstreetmap.org/way/144470620,,,,,Current parking place in Livingston recorded by OpenStreetMap.,,,,,,source_reviewed
osm-community:way-144472475,Livingston,Parking,parking,https://www.openstreetmap.org/way/144472475,,,,,Current parking place in Livingston recorded by OpenStreetMap.,,,,,,source_reviewed
osm-community:way-144472477,Livingston,Parking,parking,https://www.openstreetmap.org/way/144472477,,,,,Current parking place in Livingston recorded by OpenStreetMap.,,,,,,source_reviewed
osm-community:way-144473414,Livingston,Parking,parking,https://www.openstreetmap.org/way/144473414,,,,,Current parking place in Livingston recorded by OpenStreetMap.,,,,,,source_reviewed
osm-community:way-144473421,Livingston,Parking,parking,https://www.openstreetmap.org/way/144473421,,,,,Current parking place in Livingston recorded by OpenStreetMap.,,,,,,source_reviewed
osm-community:way-144473423,Livingston,Parking,parking,https://www.openstreetmap.org/way/144473423,,,,,Current parking place in Livingston recorded by OpenStreetMap.,,,,,,source_reviewed
osm-community:way-150063932,Livingston,Parking,parking,https://www.openstreetmap.org/way/150063932,,,,,Current parking place in Livingston recorded by OpenStreetMap.,,,,,,source_reviewed
osm-community:way-150079217,Livingston,Parking,parking,https://www.openstreetmap.org/way/150079217,,,,,Current parking place in Livingston recorded by OpenStreetMap.,,,,,,source_reviewed
osm-community:way-150087366,Livingston,Parking,parking,https://www.openstreetmap.org/way/150087366,,,,,Current parking place in Livingston recorded by OpenStreetMap.,,,,,,source_reviewed
osm-community:way-150223220,Livingston,Parking,parking,https://www.openstreetmap.org/way/150223220,,,,,Current parking place in Livingston recorded by OpenStreetMap.,,,,,,source_reviewed
osm-community:way-150269163,Livingston,Parking,parking,https://www.openstreetmap.org/way/150269163,,,,,Current parking place in Livingston recorded by OpenStreetMap.,,,,,,source_reviewed
osm-community:way-151156059,Livingston,Parking,parking,https://www.openstreetmap.org/way/151156059,,,,,Current parking place in Livingston recorded by OpenStreetMap.,,,,,,source_reviewed
osm-community:way-157613023,Livingston,Parking,parking,https://www.openstreetmap.org/way/157613023,,,,,Current parking place in Livingston recorded by OpenStreetMap.,,,,,,source_reviewed
osm-community:way-171692296,Livingston,Parking,parking,https://www.openstreetmap.org/way/171692296,,,,,Current parking place in Livingston recorded by OpenStreetMap.,,,,,,source_reviewed
osm-community:way-188282344,Livingston,Parking,parking,https://www.openstreetmap.org/way/188282344,,,,,Current parking place in Livingston recorded by OpenStreetMap.,,,,,,source_reviewed
osm-community:way-190644909,Livingston,Parking,parking,https://www.openstreetmap.org/way/190644909,,,,,Current parking place in Livingston recorded by OpenStreetMap.,,,,,,source_reviewed
osm-community:way-192140832,Livingston,Parking,parking,https://www.openstreetmap.org/way/192140832,,,,,Current parking place in Livingston recorded by OpenStreetMap.,,,,,,source_reviewed
osm-community:way-192687480,Livingston,Parking,parking,https://www.openstreetmap.org/way/192687480,,,,,Current parking place in Livingston recorded by OpenStreetMap.,,,,,,source_reviewed
osm-community:way-192687481,Livingston,Parking,parking,https://www.openstreetmap.org/way/192687481,,,,,Current parking place in Livingston recorded by OpenStreetMap.,,,,,,source_reviewed
osm-community:way-198474928,Livingston,Parking,parking,https://www.openstreetmap.org/way/198474928,,,,,Current parking place in Livingston recorded by OpenStreetMap.,,,,,,source_reviewed
osm-community:way-198474930,Livingston,Parking,parking,https://www.openstreetmap.org/way/198474930,,,,,Current parking place in Livingston recorded by OpenStreetMap.,,,,,,source_reviewed
osm-community:way-201813318,Livingston,Parking,parking,https://www.openstreetmap.org/way/201813318,,,,,Current parking place in Livingston recorded by OpenStreetMap.,,,,,,source_reviewed
osm-community:way-201817501,Livingston,Parking,parking,https://www.openstreetmap.org/way/201817501,,,,,Current parking place in Livingston recorded by OpenStreetMap.,,,,,,source_reviewed
osm-community:way-201897178,Livingston,Parking,parking,https://www.openstreetmap.org/way/201897178,,,,,Current parking place in Livingston recorded by OpenStreetMap.,,,,,,source_reviewed
osm-community:way-201900230,Livingston,Parking,parking,https://www.openstreetmap.org/way/201900230,,,,,Current parking place in Livingston recorded by OpenStreetMap.,,,,,,source_reviewed
osm-community:way-202074558,Livingston,Parking,parking,https://www.openstreetmap.org/way/202074558,,,,,Current parking place in Livingston recorded by OpenStreetMap.,,,,,,source_reviewed
osm-community:way-202840970,Livingston,Parking,parking,https://www.openstreetmap.org/way/202840970,,,,,Current parking place in Livingston recorded by OpenStreetMap.,,,,,,source_reviewed
osm-community:way-203131785,Livingston,Parking,parking,https://www.openstreetmap.org/way/203131785,,,,,Current parking place in Livingston recorded by OpenStreetMap.,,,,,,source_reviewed
osm-community:way-203137519,Livingston,Parking,parking,https://www.openstreetmap.org/way/203137519,,,,,Current parking place in Livingston recorded by OpenStreetMap.,,,,,,source_reviewed
osm-community:way-203137521,Livingston,Parking,parking,https://www.openstreetmap.org/way/203137521,,,,,Current parking place in Livingston recorded by OpenStreetMap.,,,,,,source_reviewed
osm-community:way-203290548,Livingston,Parking,parking,https://www.openstreetmap.org/way/203290548,,,,,Current parking place in Livingston recorded by OpenStreetMap.,,,,,,source_reviewed
osm-community:way-203519480,Livingston,Parking,parking,https://www.openstreetmap.org/way/203519480,,,,,Current parking place in Livingston recorded by OpenStreetMap.,,,,,,source_reviewed
osm-community:way-203864797,Livingston,Parking,parking,https://www.openstreetmap.org/way/203864797,,,,,Current parking place in Livingston recorded by OpenStreetMap.,,,,,,source_reviewed
osm-community:way-204161962,Livingston,Parking,parking,https://www.openstreetmap.org/way/204161962,,,,,Current parking place in Livingston recorded by OpenStreetMap.,,,,,,source_reviewed
osm-community:way-204161963,Livingston,Parking,parking,https://www.openstreetmap.org/way/204161963,,,,,Current parking place in Livingston recorded by OpenStreetMap.,,,,,,source_reviewed
osm-community:way-204161964,Livingston,Parking,parking,https://www.openstreetmap.org/way/204161964,,,,,Current parking place in Livingston recorded by OpenStreetMap.,,,,,,source_reviewed
osm-community:way-204163665,Livingston,Parking,parking,https://www.openstreetmap.org/way/204163665,,,,,Current parking place in Livingston recorded by OpenStreetMap.,,,,,,source_reviewed
osm-community:way-204163666,Livingston,Parking,parking,https://www.openstreetmap.org/way/204163666,,,,,Current parking place in Livingston recorded by OpenStreetMap.,,,,,,source_reviewed
osm-community:way-204163667,Livingston,Parking,parking,https://www.openstreetmap.org/way/204163667,,,,,Current parking place in Livingston recorded by OpenStreetMap.,,,,,,source_reviewed
osm-community:way-204165889,Livingston,Parking,parking,https://www.openstreetmap.org/way/204165889,,,,,Current parking place in Livingston recorded by OpenStreetMap.,,,,,,source_reviewed
osm-community:way-204170407,Livingston,Parking,parking,https://www.openstreetmap.org/way/204170407,,,,,Current parking place in Livingston recorded by OpenStreetMap.,,,,,,source_reviewed
osm-community:way-204170409,Livingston,Parking,parking,https://www.openstreetmap.org/way/204170409,,,,,Current parking place in Livingston recorded by OpenStreetMap.,,,,,,source_reviewed
osm-community:way-204434303,Livingston,Parking,parking,https://www.openstreetmap.org/way/204434303,,,,,Current parking place in Livingston recorded by OpenStreetMap.,,,,,,source_reviewed
osm-community:way-204441411,Livingston,Parking,parking,https://www.openstreetmap.org/way/204441411,,,,,Current parking place in Livingston recorded by OpenStreetMap.,,,,,,source_reviewed
osm-community:way-204707468,Livingston,Parking,parking,https://www.openstreetmap.org/way/204707468,,,,,Current parking place in Livingston recorded by OpenStreetMap.,,,,,,source_reviewed
osm-community:way-207768252,Livingston,Parking,parking,https://www.openstreetmap.org/way/207768252,,,,,Current parking place in Livingston recorded by OpenStreetMap.,,,,,,source_reviewed
osm-community:way-207802003,Livingston,Parking,parking,https://www.openstreetmap.org/way/207802003,,,,,Current parking place in Livingston recorded by OpenStreetMap.,,,,,,source_reviewed
osm-community:way-208781928,Livingston,Parking,parking,https://www.openstreetmap.org/way/208781928,,,,,Current parking place in Livingston recorded by OpenStreetMap.,,,,,,source_reviewed
osm-community:way-209288424,Livingston,Parking,parking,https://www.openstreetmap.org/way/209288424,,,,,Current parking place in Livingston recorded by OpenStreetMap.,,,,,,source_reviewed
osm-community:way-209670504,Livingston,Parking,parking,https://www.openstreetmap.org/way/209670504,,,,,Current parking place in Livingston recorded by OpenStreetMap.,,,,,,source_reviewed
osm-community:way-209670505,Livingston,Parking,parking,https://www.openstreetmap.org/way/209670505,,,,,Current parking place in Livingston recorded by OpenStreetMap.,,,,,,source_reviewed
osm-community:way-209893300,Livingston,Parking,parking,https://www.openstreetmap.org/way/209893300,,,,,Current parking place in Livingston recorded by OpenStreetMap.,,,,,,source_reviewed
osm-community:way-210300144,Livingston,Parking,parking,https://www.openstreetmap.org/way/210300144,,,,,Current parking place in Livingston recorded by OpenStreetMap.,,,,,,source_reviewed
osm-community:way-211987214,Livingston,Parking,parking,https://www.openstreetmap.org/way/211987214,,,,,Current parking place in Livingston recorded by OpenStreetMap.,,,,,,source_reviewed
osm-community:way-211987217,Livingston,Parking,parking,https://www.openstreetmap.org/way/211987217,,,,,Current parking place in Livingston recorded by OpenStreetMap.,,,,,,source_reviewed
osm-community:way-212499375,Livingston,Parking,parking,https://www.openstreetmap.org/way/212499375,,,,,Current parking place in Livingston recorded by OpenStreetMap.,,,,,,source_reviewed
osm-community:way-212499393,Livingston,Parking,parking,https://www.openstreetmap.org/way/212499393,,,,,Current parking place in Livingston recorded by OpenStreetMap.,,,,,,source_reviewed
osm-community:way-212499396,Livingston,Parking,parking,https://www.openstreetmap.org/way/212499396,,,,,Current parking place in Livingston recorded by OpenStreetMap.,,,,,,source_reviewed
osm-community:way-212499398,Livingston,Parking,parking,https://www.openstreetmap.org/way/212499398,,,,,Current parking place in Livingston recorded by OpenStreetMap.,,,,,,source_reviewed
osm-community:way-213900540,Livingston,Parking,parking,https://www.openstreetmap.org/way/213900540,,,,,Current parking place in Livingston recorded by OpenStreetMap.,,,,,,source_reviewed
osm-community:way-213905441,Livingston,Parking,parking,https://www.openstreetmap.org/way/213905441,,,,,Current parking place in Livingston recorded by OpenStreetMap.,,,,,,source_reviewed
osm-community:way-215807825,Livingston,Parking,parking,https://www.openstreetmap.org/way/215807825,,,,,Current parking place in Livingston recorded by OpenStreetMap.,,,,,,source_reviewed
osm-community:way-215807834,Livingston,Parking,parking,https://www.openstreetmap.org/way/215807834,,,,,Current parking place in Livingston recorded by OpenStreetMap.,,,,,,source_reviewed
osm-community:way-216037036,Livingston,Parking,parking,https://www.openstreetmap.org/way/216037036,,,,,Current parking place in Livingston recorded by OpenStreetMap.,,,,,,source_reviewed
osm-community:way-216047929,Livingston,Parking,parking,https://www.openstreetmap.org/way/216047929,,,,,Current parking place in Livingston recorded by OpenStreetMap.,,,,,,source_reviewed
osm-community:way-216527908,Livingston,Parking,parking,https://www.openstreetmap.org/way/216527908,,,,,Current parking place in Livingston recorded by OpenStreetMap.,,,,,,source_reviewed
osm-community:way-216534930,Livingston,Parking,parking,https://www.openstreetmap.org/way/216534930,,,,,Current parking place in Livingston recorded by OpenStreetMap.,,,,,,source_reviewed
osm-community:way-216998857,Livingston,Parking,parking,https://www.openstreetmap.org/way/216998857,,,,,Current parking place in Livingston recorded by OpenStreetMap.,,,,,,source_reviewed
osm-community:way-217398296,Livingston,Parking,parking,https://www.openstreetmap.org/way/217398296,,,,,Current parking place in Livingston recorded by OpenStreetMap.,,,,,,source_reviewed
osm-community:way-217791585,Livingston,Parking,parking,https://www.openstreetmap.org/way/217791585,,,,,Current parking place in Livingston recorded by OpenStreetMap.,,,,,,source_reviewed
osm-community:way-217798493,Livingston,Parking,parking,https://www.openstreetmap.org/way/217798493,,,,,Current parking place in Livingston recorded by OpenStreetMap.,,,,,,source_reviewed
osm-community:way-217798494,Livingston,Parking,parking,https://www.openstreetmap.org/way/217798494,,,,,Current parking place in Livingston recorded by OpenStreetMap.,,,,,,source_reviewed
osm-community:way-217798495,Livingston,Parking,parking,https://www.openstreetmap.org/way/217798495,,,,,Current parking place in Livingston recorded by OpenStreetMap.,,,,,,source_reviewed
osm-community:way-217964503,Livingston,Parking,parking,https://www.openstreetmap.org/way/217964503,,,,,Current parking place in Livingston recorded by OpenStreetMap.,,,,,,source_reviewed
osm-community:way-217964504,Livingston,Parking,parking,https://www.openstreetmap.org/way/217964504,,,,,Current parking place in Livingston recorded by OpenStreetMap.,,,,,,source_reviewed
osm-community:way-218114748,Livingston,Parking,parking,https://www.openstreetmap.org/way/218114748,,,,,Current parking place in Livingston recorded by OpenStreetMap.,,,,,,source_reviewed
osm-community:way-218117316,Livingston,Parking,parking,https://www.openstreetmap.org/way/218117316,,,,,Current parking place in Livingston recorded by OpenStreetMap.,,,,,,source_reviewed
osm-community:way-218526305,Livingston,Parking,parking,https://www.openstreetmap.org/way/218526305,,,,,Current parking place in Livingston recorded by OpenStreetMap.,,,,,,source_reviewed
osm-community:way-218529864,Livingston,Parking,parking,https://www.openstreetmap.org/way/218529864,,,,,Current parking place in Livingston recorded by OpenStreetMap.,,,,,,source_reviewed
osm-community:way-218653335,Livingston,Parking,parking,https://www.openstreetmap.org/way/218653335,,,,,Current parking place in Livingston recorded by OpenStreetMap.,,,,,,source_reviewed
osm-community:way-218655264,Livingston,Parking,parking,https://www.openstreetmap.org/way/218655264,,,,,Current parking place in Livingston recorded by OpenStreetMap.,,,,,,source_reviewed
osm-community:way-218907622,Livingston,Parking,parking,https://www.openstreetmap.org/way/218907622,,,,,Current parking place in Livingston recorded by OpenStreetMap.,,,,,,source_reviewed
osm-community:way-219039820,Livingston,Parking,parking,https://www.openstreetmap.org/way/219039820,,,,,Current parking place in Livingston recorded by OpenStreetMap.,,,,,,source_reviewed
osm-community:way-219112756,Livingston,Parking,parking,https://www.openstreetmap.org/way/219112756,,,,,Current parking place in Livingston recorded by OpenStreetMap.,,,,,,source_reviewed
osm-community:way-219461735,Livingston,Parking,parking,https://www.openstreetmap.org/way/219461735,,,,,Current parking place in Livingston recorded by OpenStreetMap.,,,,,,source_reviewed
osm-community:way-219461736,Livingston,Parking,parking,https://www.openstreetmap.org/way/219461736,,,,,Current parking place in Livingston recorded by OpenStreetMap.,,,,,,source_reviewed
osm-community:way-219461738,Livingston,Parking,parking,https://www.openstreetmap.org/way/219461738,,,,,Current parking place in Livingston recorded by OpenStreetMap.,,,,,,source_reviewed
osm-community:way-219467195,Livingston,Parking,parking,https://www.openstreetmap.org/way/219467195,,,,,Current parking place in Livingston recorded by OpenStreetMap.,,,,,,source_reviewed
osm-community:way-223759719,Livingston,Parking,parking,https://www.openstreetmap.org/way/223759719,,,,,Current parking place in Livingston recorded by OpenStreetMap.,,,,,,source_reviewed
osm-community:way-223760924,Livingston,Parking,parking,https://www.openstreetmap.org/way/223760924,,,,,Current parking place in Livingston recorded by OpenStreetMap.,,,,,,source_reviewed
osm-community:way-224385682,Livingston,Parking,parking,https://www.openstreetmap.org/way/224385682,,,,,Current parking place in Livingston recorded by OpenStreetMap.,,,,,,source_reviewed
osm-community:way-224389860,Livingston,Parking,parking,https://www.openstreetmap.org/way/224389860,,,,,Current parking place in Livingston recorded by OpenStreetMap.,,,,,,source_reviewed
osm-community:way-224392474,Livingston,Parking,parking,https://www.openstreetmap.org/way/224392474,,,,,Current parking place in Livingston recorded by OpenStreetMap.,,,,,,source_reviewed
osm-community:way-224417448,Livingston,Parking,parking,https://www.openstreetmap.org/way/224417448,,,,,Current parking place in Livingston recorded by OpenStreetMap.,,,,,,source_reviewed
osm-community:way-224425329,Livingston,Parking,parking,https://www.openstreetmap.org/way/224425329,,,,,Current parking place in Livingston recorded by OpenStreetMap.,,,,,,source_reviewed
osm-community:way-224682893,Livingston,Parking,parking,https://www.openstreetmap.org/way/224682893,,,,,Current parking place in Livingston recorded by OpenStreetMap.,,,,,,source_reviewed
osm-community:way-224682894,Livingston,Parking,parking,https://www.openstreetmap.org/way/224682894,,,,,Current parking place in Livingston recorded by OpenStreetMap.,,,,,,source_reviewed
osm-community:way-224754319,Livingston,Parking,parking,https://www.openstreetmap.org/way/224754319,,,,,Current parking place in Livingston recorded by OpenStreetMap.,,,,,,source_reviewed
osm-community:way-224755855,Livingston,Parking,parking,https://www.openstreetmap.org/way/224755855,,,,,Current parking place in Livingston recorded by OpenStreetMap.,,,,,,source_reviewed
osm-community:way-226148626,Livingston,Parking,parking,https://www.openstreetmap.org/way/226148626,,,,,Current parking place in Livingston recorded by OpenStreetMap.,,,,,,source_reviewed
osm-community:way-226764640,Livingston,Parking,parking,https://www.openstreetmap.org/way/226764640,,,,,Current parking place in Livingston recorded by OpenStreetMap.,,,,,,source_reviewed
osm-community:way-227213343,Livingston,Parking,parking,https://www.openstreetmap.org/way/227213343,,,,,Current parking place in Livingston recorded by OpenStreetMap.,,,,,,source_reviewed
osm-community:way-235734979,Livingston,Parking,parking,https://www.openstreetmap.org/way/235734979,,,,,Current parking place in Livingston recorded by OpenStreetMap.,,,,,,source_reviewed
osm-community:way-237836727,Livingston,Parking,parking,https://www.openstreetmap.org/way/237836727,,,,,Current parking place in Livingston recorded by OpenStreetMap.,,,,,,source_reviewed
osm-community:way-237836729,Livingston,Parking,parking,https://www.openstreetmap.org/way/237836729,,,,,Current parking place in Livingston recorded by OpenStreetMap.,,,,,,source_reviewed
osm-community:way-244754299,Livingston,Parking,parking,https://www.openstreetmap.org/way/244754299,,,,,Current parking place in Livingston recorded by OpenStreetMap.,,,,,,source_reviewed
osm-community:way-245329855,Livingston,Parking,parking,https://www.openstreetmap.org/way/245329855,,,,,Current parking place in Livingston recorded by OpenStreetMap.,,,,,,source_reviewed
osm-community:way-245329857,Livingston,Parking,parking,https://www.openstreetmap.org/way/245329857,,,,,Current parking place in Livingston recorded by OpenStreetMap.,,,,,,source_reviewed
osm-community:way-245333327,Livingston,Parking,parking,https://www.openstreetmap.org/way/245333327,,,,,Current parking place in Livingston recorded by OpenStreetMap.,,,,,,source_reviewed
osm-community:way-247541255,Livingston,Parking,parking,https://www.openstreetmap.org/way/247541255,,,,,Current parking place in Livingston recorded by OpenStreetMap.,,,,,,source_reviewed
osm-community:way-247542021,Livingston,Parking,parking,https://www.openstreetmap.org/way/247542021,,,,,Current parking place in Livingston recorded by OpenStreetMap.,,,,,,source_reviewed
osm-community:way-251836858,Livingston,Parking,parking,https://www.openstreetmap.org/way/251836858,,,,,Current parking place in Livingston recorded by OpenStreetMap.,,,,,,source_reviewed
osm-community:way-251840559,Livingston,Parking,parking,https://www.openstreetmap.org/way/251840559,,,,,Current parking place in Livingston recorded by OpenStreetMap.,,,,,,source_reviewed
osm-community:way-252698830,Livingston,Parking,parking,https://www.openstreetmap.org/way/252698830,,,,,Current parking place in Livingston recorded by OpenStreetMap.,,,,,,source_reviewed
osm-community:way-252698831,Livingston,Parking,parking,https://www.openstreetmap.org/way/252698831,,,,,Current parking place in Livingston recorded by OpenStreetMap.,,,,,,source_reviewed
osm-community:way-252698832,Livingston,Parking,parking,https://www.openstreetmap.org/way/252698832,,,,,Current parking place in Livingston recorded by OpenStreetMap.,,,,,,source_reviewed
osm-community:way-252831109,Livingston,Parking,parking,https://www.openstreetmap.org/way/252831109,,,,,Current parking place in Livingston recorded by OpenStreetMap.,,,,,,source_reviewed
osm-community:way-271572150,Livingston,Parking,parking,https://www.openstreetmap.org/way/271572150,,,,,Current parking place in Livingston recorded by OpenStreetMap.,,,,,,source_reviewed
osm-community:way-272294191,Livingston,Parking,parking,https://www.openstreetmap.org/way/272294191,,,,,Current parking place in Livingston recorded by OpenStreetMap.,,,,,,source_reviewed
osm-community:way-277711260,Livingston,Parking,parking,https://www.openstreetmap.org/way/277711260,,,,,Current parking place in Livingston recorded by OpenStreetMap.,,,,,,source_reviewed
osm-community:way-277711272,Livingston,Parking,parking,https://www.openstreetmap.org/way/277711272,,,,,Current parking place in Livingston recorded by OpenStreetMap.,,,,,,source_reviewed
osm-community:way-277711564,Livingston,Parking,parking,https://www.openstreetmap.org/way/277711564,,,,,Current parking place in Livingston recorded by OpenStreetMap.,,,,,,source_reviewed
osm-community:way-278106427,Livingston,Parking,parking,https://www.openstreetmap.org/way/278106427,,,,,Current parking place in Livingston recorded by OpenStreetMap.,,,,,,source_reviewed
osm-community:way-280364167,Livingston,Parking,parking,https://www.openstreetmap.org/way/280364167,,,,,Current parking place in Livingston recorded by OpenStreetMap.,,,,,,source_reviewed
osm-community:way-283682310,Livingston,Parking,parking,https://www.openstreetmap.org/way/283682310,,,,,Current parking place in Livingston recorded by OpenStreetMap.,,,,,,source_reviewed
osm-community:way-287539428,Livingston,Parking,parking,https://www.openstreetmap.org/way/287539428,,,,,Current parking place in Livingston recorded by OpenStreetMap.,,,,,,source_reviewed
osm-community:way-292623388,Livingston,Parking,parking,https://www.openstreetmap.org/way/292623388,,,,,Current parking place in Livingston recorded by OpenStreetMap.,,,,,,source_reviewed
osm-community:way-292627085,Livingston,Parking,parking,https://www.openstreetmap.org/way/292627085,,,,,Current parking place in Livingston recorded by OpenStreetMap.,,,,,,source_reviewed
osm-community:way-292958513,Livingston,Parking,parking,https://www.openstreetmap.org/way/292958513,,,,,Current parking place in Livingston recorded by OpenStreetMap.,,,,,,source_reviewed
osm-community:way-292958514,Livingston,Parking,parking,https://www.openstreetmap.org/way/292958514,,,,,Current parking place in Livingston recorded by OpenStreetMap.,,,,,,source_reviewed
osm-community:way-292958515,Livingston,Parking,parking,https://www.openstreetmap.org/way/292958515,,,,,Current parking place in Livingston recorded by OpenStreetMap.,,,,,,source_reviewed
osm-community:way-292960266,Livingston,Parking,parking,https://www.openstreetmap.org/way/292960266,,,,,Current parking place in Livingston recorded by OpenStreetMap.,,,,,,source_reviewed
osm-community:way-292960267,Livingston,Parking,parking,https://www.openstreetmap.org/way/292960267,,,,,Current parking place in Livingston recorded by OpenStreetMap.,,,,,,source_reviewed
osm-community:way-292962789,Livingston,Parking,parking,https://www.openstreetmap.org/way/292962789,,,,,Current parking place in Livingston recorded by OpenStreetMap.,,,,,,source_reviewed
osm-community:way-292966258,Livingston,Parking,parking,https://www.openstreetmap.org/way/292966258,,,,,Current parking place in Livingston recorded by OpenStreetMap.,,,,,,source_reviewed
osm-community:way-292968152,Livingston,Parking,parking,https://www.openstreetmap.org/way/292968152,,,,,Current parking place in Livingston recorded by OpenStreetMap.,,,,,,source_reviewed
osm-community:way-297012938,Livingston,Parking,parking,https://www.openstreetmap.org/way/297012938,,,,,Current parking place in Livingston recorded by OpenStreetMap.,,,,,,source_reviewed
osm-community:way-297019133,Livingston,Parking,parking,https://www.openstreetmap.org/way/297019133,,,,,Current parking place in Livingston recorded by OpenStreetMap.,,,,,,source_reviewed
osm-community:way-297634219,Livingston,Parking,parking,https://www.openstreetmap.org/way/297634219,,,,,Current parking place in Livingston recorded by OpenStreetMap.,,,,,,source_reviewed
osm-community:way-297634222,Livingston,Parking,parking,https://www.openstreetmap.org/way/297634222,,,,,Current parking place in Livingston recorded by OpenStreetMap.,,,,,,source_reviewed
osm-community:way-297634224,Livingston,Parking,parking,https://www.openstreetmap.org/way/297634224,,,,,Current parking place in Livingston recorded by OpenStreetMap.,,,,,,source_reviewed
osm-community:way-297634230,Livingston,Parking,parking,https://www.openstreetmap.org/way/297634230,,,,,Current parking place in Livingston recorded by OpenStreetMap.,,,,,,source_reviewed
osm-community:way-297634233,Livingston,Parking,parking,https://www.openstreetmap.org/way/297634233,,,,,Current parking place in Livingston recorded by OpenStreetMap.,,,,,,source_reviewed
osm-community:way-297634235,Livingston,Parking,parking,https://www.openstreetmap.org/way/297634235,,,,,Current parking place in Livingston recorded by OpenStreetMap.,,,,,,source_reviewed
osm-community:way-297646129,Livingston,Parking,parking,https://www.openstreetmap.org/way/297646129,,,,,Current parking place in Livingston recorded by OpenStreetMap.,,,,,,source_reviewed
osm-community:way-298881357,Livingston,Parking,parking,https://www.openstreetmap.org/way/298881357,,,,,Current parking place in Livingston recorded by OpenStreetMap.,,,,,,source_reviewed
osm-community:way-299519142,Livingston,Parking,parking,https://www.openstreetmap.org/way/299519142,,,,,Current parking place in Livingston recorded by OpenStreetMap.,,,,,,source_reviewed
osm-community:way-306766291,Livingston,Parking,parking,https://www.openstreetmap.org/way/306766291,,,,,Current parking place in Livingston recorded by OpenStreetMap.,,,,,,source_reviewed
osm-community:way-306766292,Livingston,Parking,parking,https://www.openstreetmap.org/way/306766292,,,,,Current parking place in Livingston recorded by OpenStreetMap.,,,,,,source_reviewed
osm-community:way-306766293,Livingston,Parking,parking,https://www.openstreetmap.org/way/306766293,,,,,Current parking place in Livingston recorded by OpenStreetMap.,,,,,,source_reviewed
osm-community:way-311880027,Livingston,Parking,parking,https://www.openstreetmap.org/way/311880027,,,,,Current parking place in Livingston recorded by OpenStreetMap.,,,,,,source_reviewed
osm-community:way-312337097,Livingston,Parking,parking,https://www.openstreetmap.org/way/312337097,,,,,Current parking place in Livingston recorded by OpenStreetMap.,,,,,,source_reviewed
osm-community:way-312667130,Livingston,Parking,parking,https://www.openstreetmap.org/way/312667130,,,,,Current parking place in Livingston recorded by OpenStreetMap.,,,,,,source_reviewed
osm-community:way-328270212,Livingston,Parking,parking,https://www.openstreetmap.org/way/328270212,,,,,Current parking place in Livingston recorded by OpenStreetMap.,,,,,,source_reviewed
osm-community:way-331858660,Livingston,Parking,parking,https://www.openstreetmap.org/way/331858660,,,,,Current parking place in Livingston recorded by OpenStreetMap.,,,,,,source_reviewed
osm-community:way-332330005,Livingston,Parking,parking,https://www.openstreetmap.org/way/332330005,,,,,Current parking place in Livingston recorded by OpenStreetMap.,,,,,,source_reviewed
osm-community:way-336906412,Livingston,Parking,parking,https://www.openstreetmap.org/way/336906412,,,,,Current parking place in Livingston recorded by OpenStreetMap.,,,,,,source_reviewed
osm-community:way-337256434,Livingston,Parking,parking,https://www.openstreetmap.org/way/337256434,,,,,Current parking place in Livingston recorded by OpenStreetMap.,,,,,,source_reviewed
osm-community:way-337256436,Livingston,Parking,parking,https://www.openstreetmap.org/way/337256436,,,,,Current parking place in Livingston recorded by OpenStreetMap.,,,,,,source_reviewed
osm-community:way-337256437,Livingston,Parking,parking,https://www.openstreetmap.org/way/337256437,,,,,Current parking place in Livingston recorded by OpenStreetMap.,,,,,,source_reviewed
osm-community:way-337256438,Livingston,Parking,parking,https://www.openstreetmap.org/way/337256438,,,,,Current parking place in Livingston recorded by OpenStreetMap.,,,,,,source_reviewed
osm-community:way-337256439,Livingston,Parking,parking,https://www.openstreetmap.org/way/337256439,,,,,Current parking place in Livingston recorded by OpenStreetMap.,,,,,,source_reviewed
osm-community:way-337256440,Livingston,Parking,parking,https://www.openstreetmap.org/way/337256440,,,,,Current parking place in Livingston recorded by OpenStreetMap.,,,,,,source_reviewed
osm-community:way-337256441,Livingston,Parking,parking,https://www.openstreetmap.org/way/337256441,,,,,Current parking place in Livingston recorded by OpenStreetMap.,,,,,,source_reviewed
osm-community:way-340202380,Livingston,Parking,parking,https://www.openstreetmap.org/way/340202380,,,,,Current parking place in Livingston recorded by OpenStreetMap.,,,,,,source_reviewed
osm-community:way-340202381,Livingston,Parking,parking,https://www.openstreetmap.org/way/340202381,,,,,Current parking place in Livingston recorded by OpenStreetMap.,,,,,,source_reviewed
osm-community:way-344389630,Livingston,Parking,parking,https://www.openstreetmap.org/way/344389630,,,,,Current parking place in Livingston recorded by OpenStreetMap.,,,,,,source_reviewed
osm-community:way-344389632,Livingston,Parking,parking,https://www.openstreetmap.org/way/344389632,,,,,Current parking place in Livingston recorded by OpenStreetMap.,,,,,,source_reviewed
osm-community:way-344389634,Livingston,Parking,parking,https://www.openstreetmap.org/way/344389634,,,,,Current parking place in Livingston recorded by OpenStreetMap.,,,,,,source_reviewed
osm-community:way-344389636,Livingston,Parking,parking,https://www.openstreetmap.org/way/344389636,,,,,Current parking place in Livingston recorded by OpenStreetMap.,,,,,,source_reviewed
osm-community:way-346664349,Livingston,Parking,parking,https://www.openstreetmap.org/way/346664349,,,,,Current parking place in Livingston recorded by OpenStreetMap.,,,,,,source_reviewed
osm-community:way-346664526,Livingston,Parking,parking,https://www.openstreetmap.org/way/346664526,,,,,Current parking place in Livingston recorded by OpenStreetMap.,,,,,,source_reviewed
osm-community:way-360928763,Livingston,Parking,parking,https://www.openstreetmap.org/way/360928763,,,,,Current parking place in Livingston recorded by OpenStreetMap.,,,,,,source_reviewed
osm-community:way-360928764,Livingston,Parking,parking,https://www.openstreetmap.org/way/360928764,,,,,Current parking place in Livingston recorded by OpenStreetMap.,,,,,,source_reviewed
osm-community:way-360929857,Livingston,Parking,parking,https://www.openstreetmap.org/way/360929857,,,,,Current parking place in Livingston recorded by OpenStreetMap.,,,,,,source_reviewed
osm-community:way-361314846,Livingston,Parking,parking,https://www.openstreetmap.org/way/361314846,,,,,Current parking place in Livingston recorded by OpenStreetMap.,,,,,,source_reviewed
osm-community:way-370288485,Livingston,Parking,parking,https://www.openstreetmap.org/way/370288485,,,,,Current parking place in Livingston recorded by OpenStreetMap.,,,,,,source_reviewed
osm-community:way-374722880,Livingston,Parking,parking,https://www.openstreetmap.org/way/374722880,,,,,Current parking place in Livingston recorded by OpenStreetMap.,,,,,,source_reviewed
osm-community:way-374877921,Livingston,Parking,parking,https://www.openstreetmap.org/way/374877921,,,,,Current parking place in Livingston recorded by OpenStreetMap.,,,,,,source_reviewed
osm-community:way-378031048,Livingston,Parking,parking,https://www.openstreetmap.org/way/378031048,,,,,Current parking place in Livingston recorded by OpenStreetMap.,,,,,,source_reviewed
osm-community:way-378031049,Livingston,Parking,parking,https://www.openstreetmap.org/way/378031049,,,,,Current parking place in Livingston recorded by OpenStreetMap.,,,,,,source_reviewed
osm-community:way-378832146,Livingston,Parking,parking,https://www.openstreetmap.org/way/378832146,,,,,Current parking place in Livingston recorded by OpenStreetMap.,,,,,,source_reviewed
osm-community:way-378832147,Livingston,Parking,parking,https://www.openstreetmap.org/way/378832147,,,,,Current parking place in Livingston recorded by OpenStreetMap.,,,,,,source_reviewed
osm-community:way-390114585,Livingston,Parking,parking,https://www.openstreetmap.org/way/390114585,,,,,Current parking place in Livingston recorded by OpenStreetMap.,,,,,,source_reviewed
osm-community:way-390114587,Livingston,Parking,parking,https://www.openstreetmap.org/way/390114587,,,,,Current parking place in Livingston recorded by OpenStreetMap.,,,,,,source_reviewed
osm-community:way-406851935,Livingston,Parking,parking,https://www.openstreetmap.org/way/406851935,,,,,Current parking place in Livingston recorded by OpenStreetMap.,,,,,,source_reviewed
osm-community:way-406851936,Livingston,Parking,parking,https://www.openstreetmap.org/way/406851936,,,,,Current parking place in Livingston recorded by OpenStreetMap.,,,,,,source_reviewed
osm-community:way-410353906,Livingston,Parking,parking,https://www.openstreetmap.org/way/410353906,,,,,Current parking place in Livingston recorded by OpenStreetMap.,,,,,,source_reviewed
osm-community:way-410353908,Livingston,Parking,parking,https://www.openstreetmap.org/way/410353908,,,,,Current parking place in Livingston recorded by OpenStreetMap.,,,,,,source_reviewed
osm-community:way-414706439,Livingston,Parking,parking,https://www.openstreetmap.org/way/414706439,,,,,Current parking place in Livingston recorded by OpenStreetMap.,,,,,,source_reviewed
osm-community:way-416185925,Livingston,Parking,parking,https://www.openstreetmap.org/way/416185925,,,,,Current parking place in Livingston recorded by OpenStreetMap.,,,,,,source_reviewed
osm-community:way-416586145,Livingston,Parking,parking,https://www.openstreetmap.org/way/416586145,,,,,Current parking place in Livingston recorded by OpenStreetMap.,,,,,,source_reviewed
osm-community:way-422862912,Livingston,Parking,parking,https://www.openstreetmap.org/way/422862912,,,,,Current parking place in Livingston recorded by OpenStreetMap.,,,,,,source_reviewed
osm-community:way-438254401,Livingston,Parking,parking,https://www.openstreetmap.org/way/438254401,,,,,Current parking place in Livingston recorded by OpenStreetMap.,,,,,,source_reviewed
osm-community:way-439922151,Livingston,Parking,parking,https://www.openstreetmap.org/way/439922151,,,,,Current parking place in Livingston recorded by OpenStreetMap.,,,,,,source_reviewed
osm-community:way-439922152,Livingston,Parking,parking,https://www.openstreetmap.org/way/439922152,,,,,Current parking place in Livingston recorded by OpenStreetMap.,,,,,,source_reviewed
osm-community:way-439922153,Livingston,Parking,parking,https://www.openstreetmap.org/way/439922153,,,,,Current parking place in Livingston recorded by OpenStreetMap.,,,,,,source_reviewed
osm-community:way-456642520,Livingston,Parking,parking,https://www.openstreetmap.org/way/456642520,,,,,Current parking place in Livingston recorded by OpenStreetMap.,,,,,,source_reviewed
osm-community:way-460200673,Livingston,Parking,parking,https://www.openstreetmap.org/way/460200673,,,,,Current parking place in Livingston recorded by OpenStreetMap.,,,,,,source_reviewed
osm-community:way-460603247,Livingston,Parking,parking,https://www.openstreetmap.org/way/460603247,,,,,Current parking place in Livingston recorded by OpenStreetMap.,,,,,,source_reviewed
osm-community:way-465024127,Livingston,Parking,parking,https://www.openstreetmap.org/way/465024127,,,,,Current parking place in Livingston recorded by OpenStreetMap.,,,,,,source_reviewed
osm-community:way-475371598,Livingston,Parking,parking,https://www.openstreetmap.org/way/475371598,,,,,Current parking place in Livingston recorded by OpenStreetMap.,,,,,,source_reviewed
osm-community:way-479354253,Livingston,Parking,parking,https://www.openstreetmap.org/way/479354253,,,,,Current parking place in Livingston recorded by OpenStreetMap.,,,,,,source_reviewed
osm-community:way-481396495,Livingston,Parking,parking,https://www.openstreetmap.org/way/481396495,,,,,Current parking place in Livingston recorded by OpenStreetMap.,,,,,,source_reviewed
osm-community:way-481408030,Livingston,Parking,parking,https://www.openstreetmap.org/way/481408030,,,,,Current parking place in Livingston recorded by OpenStreetMap.,,,,,,source_reviewed
osm-community:way-481408033,Livingston,Parking,parking,https://www.openstreetmap.org/way/481408033,,,,,Current parking place in Livingston recorded by OpenStreetMap.,,,,,,source_reviewed
osm-community:way-485559392,Livingston,Parking,parking,https://www.openstreetmap.org/way/485559392,,,,,Current parking place in Livingston recorded by OpenStreetMap.,,,,,,source_reviewed
osm-community:way-485939448,Livingston,Parking,parking,https://www.openstreetmap.org/way/485939448,,,,,Current parking place in Livingston recorded by OpenStreetMap.,,,,,,source_reviewed
osm-community:way-485939449,Livingston,Parking,parking,https://www.openstreetmap.org/way/485939449,,,,,Current parking place in Livingston recorded by OpenStreetMap.,,,,,,source_reviewed
osm-community:way-485939452,Livingston,Parking,parking,https://www.openstreetmap.org/way/485939452,,,,,Current parking place in Livingston recorded by OpenStreetMap.,,,,,,source_reviewed
osm-community:way-485939461,Livingston,Parking,parking,https://www.openstreetmap.org/way/485939461,,,,,Current parking place in Livingston recorded by OpenStreetMap.,,,,,,source_reviewed
osm-community:way-485939468,Livingston,Parking,parking,https://www.openstreetmap.org/way/485939468,,,,,Current parking place in Livingston recorded by OpenStreetMap.,,,,,,source_reviewed
osm-community:way-494672711,Livingston,Parking,parking,https://www.openstreetmap.org/way/494672711,,,,,Current parking place in Livingston recorded by OpenStreetMap.,,,,,,source_reviewed
osm-community:way-543190593,Livingston,Parking,parking,https://www.openstreetmap.org/way/543190593,,,,,Current parking place in Livingston recorded by OpenStreetMap.,,,,,,source_reviewed
osm-community:way-553837456,Livingston,Parking,parking,https://www.openstreetmap.org/way/553837456,,,,,Current parking place in Livingston recorded by OpenStreetMap.,,,,,,source_reviewed
osm-community:way-582811222,Livingston,Parking,parking,https://www.openstreetmap.org/way/582811222,,,,,Current parking place in Livingston recorded by OpenStreetMap.,,,,,,source_reviewed
osm-community:way-586104920,Livingston,Parking,parking,https://www.openstreetmap.org/way/586104920,,,,,Current parking place in Livingston recorded by OpenStreetMap.,,,,,,source_reviewed
osm-community:way-586104927,Livingston,Parking,parking,https://www.openstreetmap.org/way/586104927,,,,,Current parking place in Livingston recorded by OpenStreetMap.,,,,,,source_reviewed
osm-community:way-586104928,Livingston,Parking,parking,https://www.openstreetmap.org/way/586104928,,,,,Current parking place in Livingston recorded by OpenStreetMap.,,,,,,source_reviewed
osm-community:way-586104929,Livingston,Parking,parking,https://www.openstreetmap.org/way/586104929,,,,,Current parking place in Livingston recorded by OpenStreetMap.,,,,,,source_reviewed
osm-community:way-586378695,Livingston,Parking,parking,https://www.openstreetmap.org/way/586378695,,,,,Current parking place in Livingston recorded by OpenStreetMap.,,,,,,source_reviewed
osm-community:way-586378697,Livingston,Parking,parking,https://www.openstreetmap.org/way/586378697,,,,,Current parking place in Livingston recorded by OpenStreetMap.,,,,,,source_reviewed
osm-community:way-586417786,Livingston,Parking,parking,https://www.openstreetmap.org/way/586417786,,,,,Current parking place in Livingston recorded by OpenStreetMap.,,,,,,source_reviewed
osm-community:way-593922452,Livingston,Parking,parking,https://www.openstreetmap.org/way/593922452,,,,,Current parking place in Livingston recorded by OpenStreetMap.,,,,,,source_reviewed
osm-community:way-691108304,Livingston,Parking,parking,https://www.openstreetmap.org/way/691108304,,,,,Current parking place in Livingston recorded by OpenStreetMap.,,,,,,source_reviewed
osm-community:way-691108305,Livingston,Parking,parking,https://www.openstreetmap.org/way/691108305,,,,,Current parking place in Livingston recorded by OpenStreetMap.,,,,,,source_reviewed
osm-community:way-691108306,Livingston,Parking,parking,https://www.openstreetmap.org/way/691108306,,,,,Current parking place in Livingston recorded by OpenStreetMap.,,,,,,source_reviewed
osm-community:way-691540332,Livingston,Parking,parking,https://www.openstreetmap.org/way/691540332,,,,,Current parking place in Livingston recorded by OpenStreetMap.,,,,,,source_reviewed
osm-community:way-691544070,Livingston,Parking,parking,https://www.openstreetmap.org/way/691544070,,,,,Current parking place in Livingston recorded by OpenStreetMap.,,,,,,source_reviewed
osm-community:way-691544072,Livingston,Parking,parking,https://www.openstreetmap.org/way/691544072,,,,,Current parking place in Livingston recorded by OpenStreetMap.,,,,,,source_reviewed
osm-community:way-691544073,Livingston,Parking,parking,https://www.openstreetmap.org/way/691544073,,,,,Current parking place in Livingston recorded by OpenStreetMap.,,,,,,source_reviewed
osm-community:way-691544074,Livingston,Parking,parking,https://www.openstreetmap.org/way/691544074,,,,,Current parking place in Livingston recorded by OpenStreetMap.,,,,,,source_reviewed
osm-community:way-691544075,Livingston,Parking,parking,https://www.openstreetmap.org/way/691544075,,,,,Current parking place in Livingston recorded by OpenStreetMap.,,,,,,source_reviewed
osm-community:way-691544076,Livingston,Parking,parking,https://www.openstreetmap.org/way/691544076,,,,,Current parking place in Livingston recorded by OpenStreetMap.,,,,,,source_reviewed
osm-community:way-691544077,Livingston,Parking,parking,https://www.openstreetmap.org/way/691544077,,,,,Current parking place in Livingston recorded by OpenStreetMap.,,,,,,source_reviewed
osm-community:way-693635549,Livingston,Parking,parking,https://www.openstreetmap.org/way/693635549,,,,,Current parking place in Livingston recorded by OpenStreetMap.,,,,,,source_reviewed
osm-community:way-698789736,Livingston,Parking,parking,https://www.openstreetmap.org/way/698789736,,,,,Current parking place in Livingston recorded by OpenStreetMap.,,,,,,source_reviewed
osm-community:way-727325626,Livingston,Parking,parking,https://www.openstreetmap.org/way/727325626,,,,,Current parking place in Livingston recorded by OpenStreetMap.,,,,,,source_reviewed
osm-community:way-727325631,Livingston,Parking,parking,https://www.openstreetmap.org/way/727325631,,,,,Current parking place in Livingston recorded by OpenStreetMap.,,,,,,source_reviewed
osm-community:way-727532926,Livingston,Parking,parking,https://www.openstreetmap.org/way/727532926,,,,,Current parking place in Livingston recorded by OpenStreetMap.,,,,,,source_reviewed
osm-community:way-727532928,Livingston,Parking,parking,https://www.openstreetmap.org/way/727532928,,,,,Current parking place in Livingston recorded by OpenStreetMap.,,,,,,source_reviewed
osm-community:way-727561611,Livingston,Parking,parking,https://www.openstreetmap.org/way/727561611,,,,,Current parking place in Livingston recorded by OpenStreetMap.,,,,,,source_reviewed
osm-community:way-734169216,Livingston,Parking,parking,https://www.openstreetmap.org/way/734169216,,,,,Current parking place in Livingston recorded by OpenStreetMap.,,,,,,source_reviewed
osm-community:way-742003164,Livingston,Parking,parking,https://www.openstreetmap.org/way/742003164,,,,,Current parking place in Livingston recorded by OpenStreetMap.,,,,,,source_reviewed
osm-community:way-742003165,Livingston,Parking,parking,https://www.openstreetmap.org/way/742003165,,,,,Current parking place in Livingston recorded by OpenStreetMap.,,,,,,source_reviewed
osm-community:way-742008189,Livingston,Parking,parking,https://www.openstreetmap.org/way/742008189,,,,,Current parking place in Livingston recorded by OpenStreetMap.,,,,,,source_reviewed
osm-community:way-742008190,Livingston,Parking,parking,https://www.openstreetmap.org/way/742008190,,,,,Current parking place in Livingston recorded by OpenStreetMap.,,,,,,source_reviewed
osm-community:way-751345849,Livingston,Parking,parking,https://www.openstreetmap.org/way/751345849,,,,,Current parking place in Livingston recorded by OpenStreetMap.,,,,,,source_reviewed
osm-community:way-759178479,Livingston,Parking,parking,https://www.openstreetmap.org/way/759178479,,,,,Current parking place in Livingston recorded by OpenStreetMap.,,,,,,source_reviewed
osm-community:way-760001885,Livingston,Parking,parking,https://www.openstreetmap.org/way/760001885,,,,,Current parking place in Livingston recorded by OpenStreetMap.,,,,,,source_reviewed
osm-community:way-785658993,Livingston,Parking,parking,https://www.openstreetmap.org/way/785658993,,,,,Current parking place in Livingston recorded by OpenStreetMap.,,,,,,source_reviewed
osm-community:way-802702663,Livingston,Parking,parking,https://www.openstreetmap.org/way/802702663,,,,,Current parking place in Livingston recorded by OpenStreetMap.,,,,,,source_reviewed
osm-community:way-813621263,Livingston,Parking,parking,https://www.openstreetmap.org/way/813621263,,,,,Current parking place in Livingston recorded by OpenStreetMap.,,,,,,source_reviewed
osm-community:way-813621264,Livingston,Parking,parking,https://www.openstreetmap.org/way/813621264,,,,,Current parking place in Livingston recorded by OpenStreetMap.,,,,,,source_reviewed
osm-community:way-816244718,Livingston,Parking,parking,https://www.openstreetmap.org/way/816244718,,,,,Current parking place in Livingston recorded by OpenStreetMap.,,,,,,source_reviewed
osm-community:way-817626391,Livingston,Parking,parking,https://www.openstreetmap.org/way/817626391,,,,,Current parking place in Livingston recorded by OpenStreetMap.,,,,,,source_reviewed
osm-community:way-817626392,Livingston,Parking,parking,https://www.openstreetmap.org/way/817626392,,,,,Current parking place in Livingston recorded by OpenStreetMap.,,,,,,source_reviewed
osm-community:way-818100807,Livingston,Parking,parking,https://www.openstreetmap.org/way/818100807,,,,,Current parking place in Livingston recorded by OpenStreetMap.,,,,,,source_reviewed
osm-community:way-823916984,Livingston,Parking,parking,https://www.openstreetmap.org/way/823916984,,,,,Current parking place in Livingston recorded by OpenStreetMap.,,,,,,source_reviewed
osm-community:way-823916985,Livingston,Parking,parking,https://www.openstreetmap.org/way/823916985,,,,,Current parking place in Livingston recorded by OpenStreetMap.,,,,,,source_reviewed
osm-community:way-839141040,Livingston,Parking,parking,https://www.openstreetmap.org/way/839141040,,,,,Current parking place in Livingston recorded by OpenStreetMap.,,,,,,source_reviewed
osm-community:way-854382847,Livingston,Parking,parking,https://www.openstreetmap.org/way/854382847,,,,,Current parking place in Livingston recorded by OpenStreetMap.,,,,,,source_reviewed
osm-community:way-854382848,Livingston,Parking,parking,https://www.openstreetmap.org/way/854382848,,,,,Current parking place in Livingston recorded by OpenStreetMap.,,,,,,source_reviewed
osm-community:way-854382858,Livingston,Parking,parking,https://www.openstreetmap.org/way/854382858,,,,,Current parking place in Livingston recorded by OpenStreetMap.,,,,,,source_reviewed
osm-community:way-855183238,Livingston,Parking,parking,https://www.openstreetmap.org/way/855183238,,,,,Current parking place in Livingston recorded by OpenStreetMap.,,,,,,source_reviewed
osm-community:way-855183239,Livingston,Parking,parking,https://www.openstreetmap.org/way/855183239,,,,,Current parking place in Livingston recorded by OpenStreetMap.,,,,,,source_reviewed
osm-community:way-855183258,Livingston,Parking,parking,https://www.openstreetmap.org/way/855183258,,,,,Current parking place in Livingston recorded by OpenStreetMap.,,,,,,source_reviewed
osm-community:way-855183259,Livingston,Parking,parking,https://www.openstreetmap.org/way/855183259,,,,,Current parking place in Livingston recorded by OpenStreetMap.,,,,,,source_reviewed
osm-community:way-855183261,Livingston,Parking,parking,https://www.openstreetmap.org/way/855183261,,,,,Current parking place in Livingston recorded by OpenStreetMap.,,,,,,source_reviewed
osm-community:way-855183262,Livingston,Parking,parking,https://www.openstreetmap.org/way/855183262,,,,,Current parking place in Livingston recorded by OpenStreetMap.,,,,,,source_reviewed
osm-community:way-855183263,Livingston,Parking,parking,https://www.openstreetmap.org/way/855183263,,,,,Current parking place in Livingston recorded by OpenStreetMap.,,,,,,source_reviewed
osm-community:way-855183264,Livingston,Parking,parking,https://www.openstreetmap.org/way/855183264,,,,,Current parking place in Livingston recorded by OpenStreetMap.,,,,,,source_reviewed
osm-community:way-855183265,Livingston,Parking,parking,https://www.openstreetmap.org/way/855183265,,,,,Current parking place in Livingston recorded by OpenStreetMap.,,,,,,source_reviewed
osm-community:way-855183266,Livingston,Parking,parking,https://www.openstreetmap.org/way/855183266,,,,,Current parking place in Livingston recorded by OpenStreetMap.,,,,,,source_reviewed
osm-community:way-855183267,Livingston,Parking,parking,https://www.openstreetmap.org/way/855183267,,,,,Current parking place in Livingston recorded by OpenStreetMap.,,,,,,source_reviewed
osm-community:way-855190921,Livingston,Parking,parking,https://www.openstreetmap.org/way/855190921,,,,,Current parking place in Livingston recorded by OpenStreetMap.,,,,,,source_reviewed
osm-community:way-858675874,Livingston,Parking,parking,https://www.openstreetmap.org/way/858675874,,,,,Current parking place in Livingston recorded by OpenStreetMap.,,,,,,source_reviewed
osm-community:way-859723698,Livingston,Parking,parking,https://www.openstreetmap.org/way/859723698,,,,,Current parking place in Livingston recorded by OpenStreetMap.,,,,,,source_reviewed
osm-community:way-859723702,Livingston,Parking,parking,https://www.openstreetmap.org/way/859723702,,,,,Current parking place in Livingston recorded by OpenStreetMap.,,,,,,source_reviewed
osm-community:way-859723705,Livingston,Parking,parking,https://www.openstreetmap.org/way/859723705,,,,,Current parking place in Livingston recorded by OpenStreetMap.,,,,,,source_reviewed
osm-community:way-859723706,Livingston,Parking,parking,https://www.openstreetmap.org/way/859723706,,,,,Current parking place in Livingston recorded by OpenStreetMap.,,,,,,source_reviewed
osm-community:way-859723707,Livingston,Parking,parking,https://www.openstreetmap.org/way/859723707,,,,,Current parking place in Livingston recorded by OpenStreetMap.,,,,,,source_reviewed
osm-community:way-867458689,Livingston,Parking,parking,https://www.openstreetmap.org/way/867458689,,,,,Current parking place in Livingston recorded by OpenStreetMap.,,,,,,source_reviewed
osm-community:way-874425670,Livingston,Parking,parking,https://www.openstreetmap.org/way/874425670,,,,,Current parking place in Livingston recorded by OpenStreetMap.,,,,,,source_reviewed
osm-community:way-896259672,Livingston,Parking,parking,https://www.openstreetmap.org/way/896259672,,,,,Current parking place in Livingston recorded by OpenStreetMap.,,,,,,source_reviewed
osm-community:way-930216103,Livingston,Parking,parking,https://www.openstreetmap.org/way/930216103,,,,,Current parking place in Livingston recorded by OpenStreetMap.,,,,,,source_reviewed
osm-community:way-930402429,Livingston,Parking,parking,https://www.openstreetmap.org/way/930402429,,,,,Current parking place in Livingston recorded by OpenStreetMap.,,,,,,source_reviewed
osm-community:way-930402430,Livingston,Parking,parking,https://www.openstreetmap.org/way/930402430,,,,,Current parking place in Livingston recorded by OpenStreetMap.,,,,,,source_reviewed
osm-community:way-962743917,Livingston,Parking,parking,https://www.openstreetmap.org/way/962743917,,,,,Current parking place in Livingston recorded by OpenStreetMap.,,,,,,source_reviewed
osm-community:way-996047780,Livingston,Parking,parking,https://www.openstreetmap.org/way/996047780,,,,,Current parking place in Livingston recorded by OpenStreetMap.,,,,,,source_reviewed
osm-community:way-996047781,Livingston,Parking,parking,https://www.openstreetmap.org/way/996047781,,,,,Current parking place in Livingston recorded by OpenStreetMap.,,,,,,source_reviewed
osm-community:way-996047782,Livingston,Parking,parking,https://www.openstreetmap.org/way/996047782,,,,,Current parking place in Livingston recorded by OpenStreetMap.,,,,,,source_reviewed
osm-community:way-996047783,Livingston,Parking,parking,https://www.openstreetmap.org/way/996047783,,,,,Current parking place in Livingston recorded by OpenStreetMap.,,,,,,source_reviewed
osm-community:way-1000823935,Livingston,Parking,parking,https://www.openstreetmap.org/way/1000823935,,,,,Current parking place in Livingston recorded by OpenStreetMap.,,,,,,source_reviewed
osm-community:way-1000823938,Livingston,Parking,parking,https://www.openstreetmap.org/way/1000823938,,,,,Current parking place in Livingston recorded by OpenStreetMap.,,,,,,source_reviewed
osm-community:way-1000823939,Livingston,Parking,parking,https://www.openstreetmap.org/way/1000823939,,,,,Current parking place in Livingston recorded by OpenStreetMap.,,,,,,source_reviewed
osm-community:way-1001844977,Livingston,Parking,parking,https://www.openstreetmap.org/way/1001844977,,,,,Current parking place in Livingston recorded by OpenStreetMap.,,,,,,source_reviewed
osm-community:way-1002073648,Livingston,Parking,parking,https://www.openstreetmap.org/way/1002073648,,,,,Current parking place in Livingston recorded by OpenStreetMap.,,,,,,source_reviewed
osm-community:way-1017366514,Livingston,Parking,parking,https://www.openstreetmap.org/way/1017366514,,,,,Current parking place in Livingston recorded by OpenStreetMap.,,,,,,source_reviewed
osm-community:way-1019171954,Livingston,Parking,parking,https://www.openstreetmap.org/way/1019171954,,,,,Current parking place in Livingston recorded by OpenStreetMap.,,,,,,source_reviewed
osm-community:way-1019171955,Livingston,Parking,parking,https://www.openstreetmap.org/way/1019171955,,,,,Current parking place in Livingston recorded by OpenStreetMap.,,,,,,source_reviewed
osm-community:way-1025876501,Livingston,Parking,parking,https://www.openstreetmap.org/way/1025876501,,,,,Current parking place in Livingston recorded by OpenStreetMap.,,,,,,source_reviewed
osm-community:way-1025876502,Livingston,Parking,parking,https://www.openstreetmap.org/way/1025876502,,,,,Current parking place in Livingston recorded by OpenStreetMap.,,,,,,source_reviewed
osm-community:way-1026561817,Livingston,Parking,parking,https://www.openstreetmap.org/way/1026561817,,,,,Current parking place in Livingston recorded by OpenStreetMap.,,,,,,source_reviewed
osm-community:way-1026561818,Livingston,Parking,parking,https://www.openstreetmap.org/way/1026561818,,,,,Current parking place in Livingston recorded by OpenStreetMap.,,,,,,source_reviewed
osm-community:way-1028792297,Livingston,Parking,parking,https://www.openstreetmap.org/way/1028792297,,,,,Current parking place in Livingston recorded by OpenStreetMap.,,,,,,source_reviewed
osm-community:way-1080788776,Livingston,Parking,parking,https://www.openstreetmap.org/way/1080788776,,,,,Current parking place in Livingston recorded by OpenStreetMap.,,,,,,source_reviewed
osm-community:way-1089823493,Livingston,Parking,parking,https://www.openstreetmap.org/way/1089823493,,,,,Current parking place in Livingston recorded by OpenStreetMap.,,,,,,source_reviewed
osm-community:way-1089823494,Livingston,Parking,parking,https://www.openstreetmap.org/way/1089823494,,,,,Current parking place in Livingston recorded by OpenStreetMap.,,,,,,source_reviewed
osm-community:way-1089823495,Livingston,Parking,parking,https://www.openstreetmap.org/way/1089823495,,,,,Current parking place in Livingston recorded by OpenStreetMap.,,,,,,source_reviewed
osm-community:way-1089823496,Livingston,Parking,parking,https://www.openstreetmap.org/way/1089823496,,,,,Current parking place in Livingston recorded by OpenStreetMap.,,,,,,source_reviewed
osm-community:way-1109709679,Livingston,Parking,parking,https://www.openstreetmap.org/way/1109709679,,,,,Current parking place in Livingston recorded by OpenStreetMap.,,,,,,source_reviewed
osm-community:way-1125441427,Livingston,Parking,parking,https://www.openstreetmap.org/way/1125441427,,,,,Current parking place in Livingston recorded by OpenStreetMap.,,,,,,source_reviewed
osm-community:way-1135244475,Livingston,Parking,parking,https://www.openstreetmap.org/way/1135244475,,,,,Current parking place in Livingston recorded by OpenStreetMap.,,,,,,source_reviewed
osm-community:way-1135244476,Livingston,Parking,parking,https://www.openstreetmap.org/way/1135244476,,,,,Current parking place in Livingston recorded by OpenStreetMap.,,,,,,source_reviewed
osm-community:way-1154371217,Livingston,Parking,parking,https://www.openstreetmap.org/way/1154371217,,,,,Current parking place in Livingston recorded by OpenStreetMap.,,,,,,source_reviewed
osm-community:way-1161468719,Livingston,Parking,parking,https://www.openstreetmap.org/way/1161468719,,,,,Current parking place in Livingston recorded by OpenStreetMap.,,,,,,source_reviewed
osm-community:way-1167398666,Livingston,Parking,parking,https://www.openstreetmap.org/way/1167398666,,,,,Current parking place in Livingston recorded by OpenStreetMap.,,,,,,source_reviewed
osm-community:way-1172734033,Livingston,Parking,parking,https://www.openstreetmap.org/way/1172734033,,,,,Current parking place in Livingston recorded by OpenStreetMap.,,,,,,source_reviewed
osm-community:way-1172734034,Livingston,Parking,parking,https://www.openstreetmap.org/way/1172734034,,,,,Current parking place in Livingston recorded by OpenStreetMap.,,,,,,source_reviewed
osm-community:way-1201536353,Livingston,Parking,parking,https://www.openstreetmap.org/way/1201536353,,,,,Current parking place in Livingston recorded by OpenStreetMap.,,,,,,source_reviewed
osm-community:way-1201536354,Livingston,Parking,parking,https://www.openstreetmap.org/way/1201536354,,,,,Current parking place in Livingston recorded by OpenStreetMap.,,,,,,source_reviewed
osm-community:way-1201536355,Livingston,Parking,parking,https://www.openstreetmap.org/way/1201536355,,,,,Current parking place in Livingston recorded by OpenStreetMap.,,,,,,source_reviewed
osm-community:way-1201536356,Livingston,Parking,parking,https://www.openstreetmap.org/way/1201536356,,,,,Current parking place in Livingston recorded by OpenStreetMap.,,,,,,source_reviewed
osm-community:way-1201536357,Livingston,Parking,parking,https://www.openstreetmap.org/way/1201536357,,,,,Current parking place in Livingston recorded by OpenStreetMap.,,,,,,source_reviewed
osm-community:way-1201536358,Livingston,Parking,parking,https://www.openstreetmap.org/way/1201536358,,,,,Current parking place in Livingston recorded by OpenStreetMap.,,,,,,source_reviewed
osm-community:way-1201536359,Livingston,Parking,parking,https://www.openstreetmap.org/way/1201536359,,,,,Current parking place in Livingston recorded by OpenStreetMap.,,,,,,source_reviewed
osm-community:way-1201536360,Livingston,Parking,parking,https://www.openstreetmap.org/way/1201536360,,,,,Current parking place in Livingston recorded by OpenStreetMap.,,,,,,source_reviewed
osm-community:way-1201536361,Livingston,Parking,parking,https://www.openstreetmap.org/way/1201536361,,,,,Current parking place in Livingston recorded by OpenStreetMap.,,,,,,source_reviewed
osm-community:way-1201536362,Livingston,Parking,parking,https://www.openstreetmap.org/way/1201536362,,,,,Current parking place in Livingston recorded by OpenStreetMap.,,,,,,source_reviewed
osm-community:way-1201536363,Livingston,Parking,parking,https://www.openstreetmap.org/way/1201536363,,,,,Current parking place in Livingston recorded by OpenStreetMap.,,,,,,source_reviewed
osm-community:way-1201536364,Livingston,Parking,parking,https://www.openstreetmap.org/way/1201536364,,,,,Current parking place in Livingston recorded by OpenStreetMap.,,,,,,source_reviewed
osm-community:way-1201536365,Livingston,Parking,parking,https://www.openstreetmap.org/way/1201536365,,,,,Current parking place in Livingston recorded by OpenStreetMap.,,,,,,source_reviewed
osm-community:way-1201536366,Livingston,Parking,parking,https://www.openstreetmap.org/way/1201536366,,,,,Current parking place in Livingston recorded by OpenStreetMap.,,,,,,source_reviewed
osm-community:way-1201536634,Livingston,Parking,parking,https://www.openstreetmap.org/way/1201536634,,,,,Current parking place in Livingston recorded by OpenStreetMap.,,,,,,source_reviewed
osm-community:way-1201536646,Livingston,Parking,parking,https://www.openstreetmap.org/way/1201536646,,,,,Current parking place in Livingston recorded by OpenStreetMap.,,,,,,source_reviewed
osm-community:way-1201536647,Livingston,Parking,parking,https://www.openstreetmap.org/way/1201536647,,,,,Current parking place in Livingston recorded by OpenStreetMap.,,,,,,source_reviewed
osm-community:way-1201536648,Livingston,Parking,parking,https://www.openstreetmap.org/way/1201536648,,,,,Current parking place in Livingston recorded by OpenStreetMap.,,,,,,source_reviewed
osm-community:way-1201536649,Livingston,Parking,parking,https://www.openstreetmap.org/way/1201536649,,,,,Current parking place in Livingston recorded by OpenStreetMap.,,,,,,source_reviewed
osm-community:way-1201536650,Livingston,Parking,parking,https://www.openstreetmap.org/way/1201536650,,,,,Current parking place in Livingston recorded by OpenStreetMap.,,,,,,source_reviewed
osm-community:way-1201536651,Livingston,Parking,parking,https://www.openstreetmap.org/way/1201536651,,,,,Current parking place in Livingston recorded by OpenStreetMap.,,,,,,source_reviewed
osm-community:way-1201536652,Livingston,Parking,parking,https://www.openstreetmap.org/way/1201536652,,,,,Current parking place in Livingston recorded by OpenStreetMap.,,,,,,source_reviewed
osm-community:way-1201536653,Livingston,Parking,parking,https://www.openstreetmap.org/way/1201536653,,,,,Current parking place in Livingston recorded by OpenStreetMap.,,,,,,source_reviewed
osm-community:way-1201536654,Livingston,Parking,parking,https://www.openstreetmap.org/way/1201536654,,,,,Current parking place in Livingston recorded by OpenStreetMap.,,,,,,source_reviewed
osm-community:way-1201536655,Livingston,Parking,parking,https://www.openstreetmap.org/way/1201536655,,,,,Current parking place in Livingston recorded by OpenStreetMap.,,,,,,source_reviewed
osm-community:way-1201536656,Livingston,Parking,parking,https://www.openstreetmap.org/way/1201536656,,,,,Current parking place in Livingston recorded by OpenStreetMap.,,,,,,source_reviewed
osm-community:way-1201536657,Livingston,Parking,parking,https://www.openstreetmap.org/way/1201536657,,,,,Current parking place in Livingston recorded by OpenStreetMap.,,,,,,source_reviewed
osm-community:way-1201536658,Livingston,Parking,parking,https://www.openstreetmap.org/way/1201536658,,,,,Current parking place in Livingston recorded by OpenStreetMap.,,,,,,source_reviewed
osm-community:way-1201536659,Livingston,Parking,parking,https://www.openstreetmap.org/way/1201536659,,,,,Current parking place in Livingston recorded by OpenStreetMap.,,,,,,source_reviewed
osm-community:way-1201536660,Livingston,Parking,parking,https://www.openstreetmap.org/way/1201536660,,,,,Current parking place in Livingston recorded by OpenStreetMap.,,,,,,source_reviewed
osm-community:way-1201536661,Livingston,Parking,parking,https://www.openstreetmap.org/way/1201536661,,,,,Current parking place in Livingston recorded by OpenStreetMap.,,,,,,source_reviewed
osm-community:way-1201536663,Livingston,Parking,parking,https://www.openstreetmap.org/way/1201536663,,,,,Current parking place in Livingston recorded by OpenStreetMap.,,,,,,source_reviewed
osm-community:way-1201536664,Livingston,Parking,parking,https://www.openstreetmap.org/way/1201536664,,,,,Current parking place in Livingston recorded by OpenStreetMap.,,,,,,source_reviewed
osm-community:way-1202512842,Livingston,Parking,parking,https://www.openstreetmap.org/way/1202512842,,,,,Current parking place in Livingston recorded by OpenStreetMap.,,,,,,source_reviewed
osm-community:way-1202520544,Livingston,Parking,parking,https://www.openstreetmap.org/way/1202520544,,,,,Current parking place in Livingston recorded by OpenStreetMap.,,,,,,source_reviewed
osm-community:way-1202520545,Livingston,Parking,parking,https://www.openstreetmap.org/way/1202520545,,,,,Current parking place in Livingston recorded by OpenStreetMap.,,,,,,source_reviewed
osm-community:way-1225065490,Livingston,Parking,parking,https://www.openstreetmap.org/way/1225065490,,,,,Current parking place in Livingston recorded by OpenStreetMap.,,,,,,source_reviewed
osm-community:way-1227443050,Livingston,Parking,parking,https://www.openstreetmap.org/way/1227443050,,,,,Current parking place in Livingston recorded by OpenStreetMap.,,,,,,source_reviewed
osm-community:way-1227443051,Livingston,Parking,parking,https://www.openstreetmap.org/way/1227443051,,,,,Current parking place in Livingston recorded by OpenStreetMap.,,,,,,source_reviewed
osm-community:way-1227752141,Livingston,Parking,parking,https://www.openstreetmap.org/way/1227752141,,,,,Current parking place in Livingston recorded by OpenStreetMap.,,,,,,source_reviewed
osm-community:way-1227752142,Livingston,Parking,parking,https://www.openstreetmap.org/way/1227752142,,,,,Current parking place in Livingston recorded by OpenStreetMap.,,,,,,source_reviewed
osm-community:way-1227752143,Livingston,Parking,parking,https://www.openstreetmap.org/way/1227752143,,,,,Current parking place in Livingston recorded by OpenStreetMap.,,,,,,source_reviewed
osm-community:way-1227752144,Livingston,Parking,parking,https://www.openstreetmap.org/way/1227752144,,,,,Current parking place in Livingston recorded by OpenStreetMap.,,,,,,source_reviewed
osm-community:way-1227752145,Livingston,Parking,parking,https://www.openstreetmap.org/way/1227752145,,,,,Current parking place in Livingston recorded by OpenStreetMap.,,,,,,source_reviewed
osm-community:way-1227752146,Livingston,Parking,parking,https://www.openstreetmap.org/way/1227752146,,,,,Current parking place in Livingston recorded by OpenStreetMap.,,,,,,source_reviewed
osm-community:way-1227752147,Livingston,Parking,parking,https://www.openstreetmap.org/way/1227752147,,,,,Current parking place in Livingston recorded by OpenStreetMap.,,,,,,source_reviewed
osm-community:way-1227752148,Livingston,Parking,parking,https://www.openstreetmap.org/way/1227752148,,,,,Current parking place in Livingston recorded by OpenStreetMap.,,,,,,source_reviewed
osm-community:way-1227752149,Livingston,Parking,parking,https://www.openstreetmap.org/way/1227752149,,,,,Current parking place in Livingston recorded by OpenStreetMap.,,,,,,source_reviewed
osm-community:way-1227752150,Livingston,Parking,parking,https://www.openstreetmap.org/way/1227752150,,,,,Current parking place in Livingston recorded by OpenStreetMap.,,,,,,source_reviewed
osm-community:way-1227752151,Livingston,Parking,parking,https://www.openstreetmap.org/way/1227752151,,,,,Current parking place in Livingston recorded by OpenStreetMap.,,,,,,source_reviewed
osm-community:way-1227752152,Livingston,Parking,parking,https://www.openstreetmap.org/way/1227752152,,,,,Current parking place in Livingston recorded by OpenStreetMap.,,,,,,source_reviewed
osm-community:way-1227752153,Livingston,Parking,parking,https://www.openstreetmap.org/way/1227752153,,,,,Current parking place in Livingston recorded by OpenStreetMap.,,,,,,source_reviewed
osm-community:way-1235235982,Livingston,Parking,parking,https://www.openstreetmap.org/way/1235235982,,,,,Current parking place in Livingston recorded by OpenStreetMap.,,,,,,source_reviewed
osm-community:way-1235235983,Livingston,Parking,parking,https://www.openstreetmap.org/way/1235235983,,,,,Current parking place in Livingston recorded by OpenStreetMap.,,,,,,source_reviewed
osm-community:way-1243496829,Livingston,Parking,parking,https://www.openstreetmap.org/way/1243496829,,,,,Current parking place in Livingston recorded by OpenStreetMap.,,,,,,source_reviewed
osm-community:way-1243556065,Livingston,Parking,parking,https://www.openstreetmap.org/way/1243556065,,,,,Current parking place in Livingston recorded by OpenStreetMap.,,,,,,source_reviewed
osm-community:way-1243556073,Livingston,Parking,parking,https://www.openstreetmap.org/way/1243556073,,,,,Current parking place in Livingston recorded by OpenStreetMap.,,,,,,source_reviewed
osm-community:way-1243556074,Livingston,Parking,parking,https://www.openstreetmap.org/way/1243556074,,,,,Current parking place in Livingston recorded by OpenStreetMap.,,,,,,source_reviewed
osm-community:way-1243556078,Livingston,Parking,parking,https://www.openstreetmap.org/way/1243556078,,,,,Current parking place in Livingston recorded by OpenStreetMap.,,,,,,source_reviewed
osm-community:way-1243556079,Livingston,Parking,parking,https://www.openstreetmap.org/way/1243556079,,,,,Current parking place in Livingston recorded by OpenStreetMap.,,,,,,source_reviewed
osm-community:way-1243556081,Livingston,Parking,parking,https://www.openstreetmap.org/way/1243556081,,,,,Current parking place in Livingston recorded by OpenStreetMap.,,,,,,source_reviewed
osm-community:way-1301324499,Livingston,Parking,parking,https://www.openstreetmap.org/way/1301324499,,,,,Current parking place in Livingston recorded by OpenStreetMap.,,,,,,source_reviewed
osm-community:way-1355127481,Livingston,Parking,parking,https://www.openstreetmap.org/way/1355127481,,,,,Current parking place in Livingston recorded by OpenStreetMap.,,,,,,source_reviewed
osm-community:way-1355130464,Livingston,Parking,parking,https://www.openstreetmap.org/way/1355130464,,,,,Current parking place in Livingston recorded by OpenStreetMap.,,,,,,source_reviewed
osm-community:way-1371022927,Livingston,Parking,parking,https://www.openstreetmap.org/way/1371022927,,,,,Current parking place in Livingston recorded by OpenStreetMap.,,,,,,source_reviewed
osm-community:way-1371022929,Livingston,Parking,parking,https://www.openstreetmap.org/way/1371022929,,,,,Current parking place in Livingston recorded by OpenStreetMap.,,,,,,source_reviewed
osm-community:way-1409554088,Livingston,Parking,parking,https://www.openstreetmap.org/way/1409554088,,,,,Current parking place in Livingston recorded by OpenStreetMap.,,,,,,source_reviewed
osm-community:way-1429417923,Livingston,Parking,parking,https://www.openstreetmap.org/way/1429417923,,,,,Current parking place in Livingston recorded by OpenStreetMap.,,,,,,source_reviewed
osm-community:way-1462617669,Livingston,Parking,parking,https://www.openstreetmap.org/way/1462617669,,,,,Current parking place in Livingston recorded by OpenStreetMap.,,,,,,source_reviewed
osm-community:way-1462620680,Livingston,Parking,parking,https://www.openstreetmap.org/way/1462620680,,,,,Current parking place in Livingston recorded by OpenStreetMap.,,,,,,source_reviewed
osm-community:way-1462620681,Livingston,Parking,parking,https://www.openstreetmap.org/way/1462620681,,,,,Current parking place in Livingston recorded by OpenStreetMap.,,,,,,source_reviewed
osm-community:way-1462677098,Livingston,Parking,parking,https://www.openstreetmap.org/way/1462677098,,,,,Current parking place in Livingston recorded by OpenStreetMap.,,,,,,source_reviewed
osm-community:node-943038192,Livingston,Picnic site,picnic,https://www.openstreetmap.org/node/943038192,,,,,Picnic site is a current picnic or rest facility in Livingston recorded by OpenStreetMap.,,,,,,source_reviewed
osm-community:node-2805451357,Livingston,Picnic site,picnic,https://www.openstreetmap.org/node/2805451357,,,,,Picnic site is a current picnic or rest facility in Livingston recorded by OpenStreetMap.,,,,,,source_reviewed
osm-community:node-3008495879,Livingston,Picnic site,picnic,https://www.openstreetmap.org/node/3008495879,,,,,Picnic site is a current picnic or rest facility in Livingston recorded by OpenStreetMap.,,,,,,source_reviewed
osm-community:node-3008495880,Livingston,Picnic site,picnic,https://www.openstreetmap.org/node/3008495880,,,,,Picnic site is a current picnic or rest facility in Livingston recorded by OpenStreetMap.,,,,,,source_reviewed
osm-community:node-6556369507,Livingston,Picnic site,picnic,https://www.openstreetmap.org/node/6556369507,,,,,Picnic site is a current picnic or rest facility in Livingston recorded by OpenStreetMap.,,,,,,source_reviewed
osm-community:node-6556369508,Livingston,Picnic site,picnic,https://www.openstreetmap.org/node/6556369508,,,,,Picnic site is a current picnic or rest facility in Livingston recorded by OpenStreetMap.,,,,,,source_reviewed
osm-community:node-8132077903,Livingston,Picnic table,picnic,https://www.openstreetmap.org/node/8132077903,,,,,Picnic table is a current picnic or rest facility in Livingston recorded by OpenStreetMap.,,,,,,source_reviewed
osm-community:node-8132077904,Livingston,Picnic table,picnic,https://www.openstreetmap.org/node/8132077904,,,,,Picnic table is a current picnic or rest facility in Livingston recorded by OpenStreetMap.,,,,,,source_reviewed
osm-community:node-8735233926,Livingston,Picnic table,picnic,https://www.openstreetmap.org/node/8735233926,,,,,Picnic table is a current picnic or rest facility in Livingston recorded by OpenStreetMap.,,,,,,source_reviewed
osm-community:node-8735233927,Livingston,Picnic table,picnic,https://www.openstreetmap.org/node/8735233927,,,,,Picnic table is a current picnic or rest facility in Livingston recorded by OpenStreetMap.,,,,,,source_reviewed
osm-community:node-9162440017,Livingston,Picnic table,picnic,https://www.openstreetmap.org/node/9162440017,,,,,Picnic table is a current picnic or rest facility in Livingston recorded by OpenStreetMap.,,,,,,source_reviewed
osm-community:node-9162440018,Livingston,Picnic table,picnic,https://www.openstreetmap.org/node/9162440018,,,,,Picnic table is a current picnic or rest facility in Livingston recorded by OpenStreetMap.,,,,,,source_reviewed
osm-community:node-11362242753,Livingston,Picnic table,picnic,https://www.openstreetmap.org/node/11362242753,,,,,Picnic table is a current picnic or rest facility in Livingston recorded by OpenStreetMap.,,,,,,source_reviewed
osm-community:node-12952362389,Livingston,Picnic table,picnic,https://www.openstreetmap.org/node/12952362389,,,,,Picnic table is a current picnic or rest facility in Livingston recorded by OpenStreetMap.,,,,,,source_reviewed
osm-community:node-12952362390,Livingston,Picnic table,picnic,https://www.openstreetmap.org/node/12952362390,,,,,Picnic table is a current picnic or rest facility in Livingston recorded by OpenStreetMap.,,,,,,source_reviewed
osm-community:node-12952362391,Livingston,Picnic table,picnic,https://www.openstreetmap.org/node/12952362391,,,,,Picnic table is a current picnic or rest facility in Livingston recorded by OpenStreetMap.,,,,,,source_reviewed
osm-community:node-12952362392,Livingston,Picnic table,picnic,https://www.openstreetmap.org/node/12952362392,,,,,Picnic table is a current picnic or rest facility in Livingston recorded by OpenStreetMap.,,,,,,source_reviewed
osm-community:node-12974029094,Livingston,Picnic table,picnic,https://www.openstreetmap.org/node/12974029094,,,,,Picnic table is a current picnic or rest facility in Livingston recorded by OpenStreetMap.,,,,,,source_reviewed
osm-community:node-12974056654,Livingston,Picnic table,picnic,https://www.openstreetmap.org/node/12974056654,,,,,Picnic table is a current picnic or rest facility in Livingston recorded by OpenStreetMap.,,,,,,source_reviewed
osm-community:node-12974091896,Livingston,Picnic table,picnic,https://www.openstreetmap.org/node/12974091896,,,,,Picnic table is a current picnic or rest facility in Livingston recorded by OpenStreetMap.,,,,,,source_reviewed
osm-community:node-12974093393,Livingston,Picnic table,picnic,https://www.openstreetmap.org/node/12974093393,,,,,Picnic table is a current picnic or rest facility in Livingston recorded by OpenStreetMap.,,,,,,source_reviewed
osm-community:node-12612620226,Livingston,Pizza Hut,food,https://www.openstreetmap.org/node/12612620226,,,,,Pizza Hut is a current food and drink place in Livingston recorded by OpenStreetMap.,,,,,,source_reviewed
osm-community:node-12612620225,Livingston,PizzaExpress,food,https://www.openstreetmap.org/node/12612620225,,,,,PizzaExpress is a current food and drink place in Livingston recorded by OpenStreetMap.,,,,,,source_reviewed
osm-community:node-1799679393,Livingston,Playground,leisure,https://www.openstreetmap.org/node/1799679393,,,,,Current leisure place in Livingston recorded by OpenStreetMap.,,,,,,source_reviewed
osm-community:node-7099640704,Livingston,Playground,leisure,https://www.openstreetmap.org/node/7099640704,,,,,Current leisure place in Livingston recorded by OpenStreetMap.,,,,,,source_reviewed
osm-community:node-9045649037,Livingston,Playground,leisure,https://www.openstreetmap.org/node/9045649037,,,,,Current leisure place in Livingston recorded by OpenStreetMap.,,,,,,source_reviewed
osm-community:way-120305767,Livingston,Playground,leisure,https://www.openstreetmap.org/way/120305767,,,,,Current leisure place in Livingston recorded by OpenStreetMap.,,,,,,source_reviewed
osm-community:way-131079806,Livingston,Playground,leisure,https://www.openstreetmap.org/way/131079806,,,,,Current leisure place in Livingston recorded by OpenStreetMap.,,,,,,source_reviewed
osm-community:way-156257816,Livingston,Playground,leisure,https://www.openstreetmap.org/way/156257816,,,,,Current leisure place in Livingston recorded by OpenStreetMap.,,,,,,source_reviewed
osm-community:way-160977572,Livingston,Playground,leisure,https://www.openstreetmap.org/way/160977572,,,,,Current leisure place in Livingston recorded by OpenStreetMap.,,,,,,source_reviewed
osm-community:way-188411261,Livingston,Playground,leisure,https://www.openstreetmap.org/way/188411261,,,,,Current leisure place in Livingston recorded by OpenStreetMap.,,,,,,source_reviewed
osm-community:way-207766595,Livingston,Playground,leisure,https://www.openstreetmap.org/way/207766595,,,,,Current leisure place in Livingston recorded by OpenStreetMap.,,,,,,source_reviewed
osm-community:way-215808741,Livingston,Playground,leisure,https://www.openstreetmap.org/way/215808741,,,,,Current leisure place in Livingston recorded by OpenStreetMap.,,,,,,source_reviewed
osm-community:way-217398298,Livingston,Playground,leisure,https://www.openstreetmap.org/way/217398298,,,,,Current leisure place in Livingston recorded by OpenStreetMap.,,,,,,source_reviewed
osm-community:way-218912896,Livingston,Playground,leisure,https://www.openstreetmap.org/way/218912896,,,,,Current leisure place in Livingston recorded by OpenStreetMap.,,,,,,source_reviewed
osm-community:way-219112754,Livingston,Playground,leisure,https://www.openstreetmap.org/way/219112754,,,,,Current leisure place in Livingston recorded by OpenStreetMap.,,,,,,source_reviewed
osm-community:way-224417447,Livingston,Playground,leisure,https://www.openstreetmap.org/way/224417447,,,,,Current leisure place in Livingston recorded by OpenStreetMap.,,,,,,source_reviewed
osm-community:way-224417450,Livingston,Playground,leisure,https://www.openstreetmap.org/way/224417450,,,,,Current leisure place in Livingston recorded by OpenStreetMap.,,,,,,source_reviewed
osm-community:way-224417451,Livingston,Playground,leisure,https://www.openstreetmap.org/way/224417451,,,,,Current leisure place in Livingston recorded by OpenStreetMap.,,,,,,source_reviewed
osm-community:way-224682892,Livingston,Playground,leisure,https://www.openstreetmap.org/way/224682892,,,,,Current leisure place in Livingston recorded by OpenStreetMap.,,,,,,source_reviewed
osm-community:way-226727269,Livingston,Playground,leisure,https://www.openstreetmap.org/way/226727269,,,,,Current leisure place in Livingston recorded by OpenStreetMap.,,,,,,source_reviewed
osm-community:way-226760630,Livingston,Playground,leisure,https://www.openstreetmap.org/way/226760630,,,,,Current leisure place in Livingston recorded by OpenStreetMap.,,,,,,source_reviewed
osm-community:way-233898782,Livingston,Playground,leisure,https://www.openstreetmap.org/way/233898782,,,,,Current leisure place in Livingston recorded by OpenStreetMap.,,,,,,source_reviewed
osm-community:way-287643771,Livingston,Playground,leisure,https://www.openstreetmap.org/way/287643771,,,,,Current leisure place in Livingston recorded by OpenStreetMap.,,,,,,source_reviewed
osm-community:way-288461510,Livingston,Playground,leisure,https://www.openstreetmap.org/way/288461510,,,,,Current leisure place in Livingston recorded by OpenStreetMap.,,,,,,source_reviewed
osm-community:way-288470196,Livingston,Playground,leisure,https://www.openstreetmap.org/way/288470196,,,,,Current leisure place in Livingston recorded by OpenStreetMap.,,,,,,source_reviewed
osm-community:way-297642095,Livingston,Playground,leisure,https://www.openstreetmap.org/way/297642095,,,,,Current leisure place in Livingston recorded by OpenStreetMap.,,,,,,source_reviewed
osm-community:way-300120781,Livingston,Playground,leisure,https://www.openstreetmap.org/way/300120781,,,,,Current leisure place in Livingston recorded by OpenStreetMap.,,,,,,source_reviewed
osm-community:way-301399679,Livingston,Playground,leisure,https://www.openstreetmap.org/way/301399679,,,,,Current leisure place in Livingston recorded by OpenStreetMap.,,,,,,source_reviewed
osm-community:way-327498926,Livingston,Playground,leisure,https://www.openstreetmap.org/way/327498926,,,,,Current leisure place in Livingston recorded by OpenStreetMap.,,,,,,source_reviewed
osm-community:way-331720348,Livingston,Playground,leisure,https://www.openstreetmap.org/way/331720348,,,,,Current leisure place in Livingston recorded by OpenStreetMap.,,,,,,source_reviewed
osm-community:way-335989380,Livingston,Playground,leisure,https://www.openstreetmap.org/way/335989380,,,,,Current leisure place in Livingston recorded by OpenStreetMap.,,,,,,source_reviewed
osm-community:way-336403995,Livingston,Playground,leisure,https://www.openstreetmap.org/way/336403995,,,,,Current leisure place in Livingston recorded by OpenStreetMap.,,,,,,source_reviewed
osm-community:way-344417884,Livingston,Playground,leisure,https://www.openstreetmap.org/way/344417884,,,,,Current leisure place in Livingston recorded by OpenStreetMap.,,,,,,source_reviewed
osm-community:way-344417897,Livingston,Playground,leisure,https://www.openstreetmap.org/way/344417897,,,,,Current leisure place in Livingston recorded by OpenStreetMap.,,,,,,source_reviewed
osm-community:way-344521825,Livingston,Playground,leisure,https://www.openstreetmap.org/way/344521825,,,,,Current leisure place in Livingston recorded by OpenStreetMap.,,,,,,source_reviewed
osm-community:way-344523991,Livingston,Playground,leisure,https://www.openstreetmap.org/way/344523991,,,,,Current leisure place in Livingston recorded by OpenStreetMap.,,,,,,source_reviewed
osm-community:way-344756275,Livingston,Playground,leisure,https://www.openstreetmap.org/way/344756275,,,,,Current leisure place in Livingston recorded by OpenStreetMap.,,,,,,source_reviewed
osm-community:way-344762864,Livingston,Playground,leisure,https://www.openstreetmap.org/way/344762864,,,,,Current leisure place in Livingston recorded by OpenStreetMap.,,,,,,source_reviewed
osm-community:way-421750167,Livingston,Playground,leisure,https://www.openstreetmap.org/way/421750167,,,,,Current leisure place in Livingston recorded by OpenStreetMap.,,,,,,source_reviewed
osm-community:way-428450983,Livingston,Playground,leisure,https://www.openstreetmap.org/way/428450983,,,,,Current leisure place in Livingston recorded by OpenStreetMap.,,,,,,source_reviewed
osm-community:way-429762058,Livingston,Playground,leisure,https://www.openstreetmap.org/way/429762058,,,,,Current leisure place in Livingston recorded by OpenStreetMap.,,,,,,source_reviewed
osm-community:way-474006117,Livingston,Playground,leisure,https://www.openstreetmap.org/way/474006117,,,,,Current leisure place in Livingston recorded by OpenStreetMap.,,,,,,source_reviewed
osm-community:way-532001489,Livingston,Playground,leisure,https://www.openstreetmap.org/way/532001489,,,,,Current leisure place in Livingston recorded by OpenStreetMap.,,,,,,source_reviewed
osm-community:way-534071300,Livingston,Playground,leisure,https://www.openstreetmap.org/way/534071300,,,,,Current leisure place in Livingston recorded by OpenStreetMap.,,,,,,source_reviewed
osm-community:way-591676916,Livingston,Playground,leisure,https://www.openstreetmap.org/way/591676916,,,,,Current leisure place in Livingston recorded by OpenStreetMap.,,,,,,source_reviewed
osm-community:way-591676917,Livingston,Playground,leisure,https://www.openstreetmap.org/way/591676917,,,,,Current leisure place in Livingston recorded by OpenStreetMap.,,,,,,source_reviewed
osm-community:way-608746187,Livingston,Playground,leisure,https://www.openstreetmap.org/way/608746187,,,,,Current leisure place in Livingston recorded by OpenStreetMap.,,,,,,source_reviewed
osm-community:way-691088743,Livingston,Playground,leisure,https://www.openstreetmap.org/way/691088743,,,,,Current leisure place in Livingston recorded by OpenStreetMap.,,,,,,source_reviewed
osm-community:way-722550997,Livingston,Playground,leisure,https://www.openstreetmap.org/way/722550997,,,,,Current leisure place in Livingston recorded by OpenStreetMap.,,,,,,source_reviewed
osm-community:way-729087429,Livingston,Playground,leisure,https://www.openstreetmap.org/way/729087429,,,,,Current leisure place in Livingston recorded by OpenStreetMap.,,,,,,source_reviewed
osm-community:way-744013336,Livingston,Playground,leisure,https://www.openstreetmap.org/way/744013336,,,,,Current leisure place in Livingston recorded by OpenStreetMap.,,,,,,source_reviewed
osm-community:way-796561138,Livingston,Playground,leisure,https://www.openstreetmap.org/way/796561138,,,,,Current leisure place in Livingston recorded by OpenStreetMap.,,,,,,source_reviewed
osm-community:way-854364569,Livingston,Playground,leisure,https://www.openstreetmap.org/way/854364569,,,,,Current leisure place in Livingston recorded by OpenStreetMap.,,,,,,source_reviewed
osm-community:way-854459113,Livingston,Playground,leisure,https://www.openstreetmap.org/way/854459113,,,,,Current leisure place in Livingston recorded by OpenStreetMap.,,,,,,source_reviewed
osm-community:way-858675866,Livingston,Playground,leisure,https://www.openstreetmap.org/way/858675866,,,,,Current leisure place in Livingston recorded by OpenStreetMap.,,,,,,source_reviewed
osm-community:way-881586319,Livingston,Playground,leisure,https://www.openstreetmap.org/way/881586319,,,,,Current leisure place in Livingston recorded by OpenStreetMap.,,,,,,source_reviewed
osm-community:way-896308363,Livingston,Playground,leisure,https://www.openstreetmap.org/way/896308363,,,,,Current leisure place in Livingston recorded by OpenStreetMap.,,,,,,source_reviewed
osm-community:way-896746833,Livingston,Playground,leisure,https://www.openstreetmap.org/way/896746833,,,,,Current leisure place in Livingston recorded by OpenStreetMap.,,,,,,source_reviewed
osm-community:way-916801410,Livingston,Playground,leisure,https://www.openstreetmap.org/way/916801410,,,,,Current leisure place in Livingston recorded by OpenStreetMap.,,,,,,source_reviewed
osm-community:way-918327738,Livingston,Playground,leisure,https://www.openstreetmap.org/way/918327738,,,,,Current leisure place in Livingston recorded by OpenStreetMap.,,,,,,source_reviewed
osm-community:way-924522358,Livingston,Playground,leisure,https://www.openstreetmap.org/way/924522358,,,,,Current leisure place in Livingston recorded by OpenStreetMap.,,,,,,source_reviewed
osm-community:way-924523205,Livingston,Playground,leisure,https://www.openstreetmap.org/way/924523205,,,,,Current leisure place in Livingston recorded by OpenStreetMap.,,,,,,source_reviewed
osm-community:way-929951485,Livingston,Playground,leisure,https://www.openstreetmap.org/way/929951485,,,,,Current leisure place in Livingston recorded by OpenStreetMap.,,,,,,source_reviewed
osm-community:way-931997029,Livingston,Playground,leisure,https://www.openstreetmap.org/way/931997029,,,,,Current leisure place in Livingston recorded by OpenStreetMap.,,,,,,source_reviewed
osm-community:way-931998046,Livingston,Playground,leisure,https://www.openstreetmap.org/way/931998046,,,,,Current leisure place in Livingston recorded by OpenStreetMap.,,,,,,source_reviewed
osm-community:way-931999257,Livingston,Playground,leisure,https://www.openstreetmap.org/way/931999257,,,,,Current leisure place in Livingston recorded by OpenStreetMap.,,,,,,source_reviewed
osm-community:way-931999565,Livingston,Playground,leisure,https://www.openstreetmap.org/way/931999565,,,,,Current leisure place in Livingston recorded by OpenStreetMap.,,,,,,source_reviewed
osm-community:way-932001241,Livingston,Playground,leisure,https://www.openstreetmap.org/way/932001241,,,,,Current leisure place in Livingston recorded by OpenStreetMap.,,,,,,source_reviewed
osm-community:way-932002675,Livingston,Playground,leisure,https://www.openstreetmap.org/way/932002675,,,,,Current leisure place in Livingston recorded by OpenStreetMap.,,,,,,source_reviewed
osm-community:way-932002737,Livingston,Playground,leisure,https://www.openstreetmap.org/way/932002737,,,,,Current leisure place in Livingston recorded by OpenStreetMap.,,,,,,source_reviewed
osm-community:way-932003327,Livingston,Playground,leisure,https://www.openstreetmap.org/way/932003327,,,,,Current leisure place in Livingston recorded by OpenStreetMap.,,,,,,source_reviewed
osm-community:way-932004336,Livingston,Playground,leisure,https://www.openstreetmap.org/way/932004336,,,,,Current leisure place in Livingston recorded by OpenStreetMap.,,,,,,source_reviewed
osm-community:way-932004436,Livingston,Playground,leisure,https://www.openstreetmap.org/way/932004436,,,,,Current leisure place in Livingston recorded by OpenStreetMap.,,,,,,source_reviewed
osm-community:way-932005647,Livingston,Playground,leisure,https://www.openstreetmap.org/way/932005647,,,,,Current leisure place in Livingston recorded by OpenStreetMap.,,,,,,source_reviewed
osm-community:way-932006279,Livingston,Playground,leisure,https://www.openstreetmap.org/way/932006279,,,,,Current leisure place in Livingston recorded by OpenStreetMap.,,,,,,source_reviewed
osm-community:way-932006457,Livingston,Playground,leisure,https://www.openstreetmap.org/way/932006457,,,,,Current leisure place in Livingston recorded by OpenStreetMap.,,,,,,source_reviewed
osm-community:way-932006694,Livingston,Playground,leisure,https://www.openstreetmap.org/way/932006694,,,,,Current leisure place in Livingston recorded by OpenStreetMap.,,,,,,source_reviewed
osm-community:way-932006862,Livingston,Playground,leisure,https://www.openstreetmap.org/way/932006862,,,,,Current leisure place in Livingston recorded by OpenStreetMap.,,,,,,source_reviewed
osm-community:way-932007066,Livingston,Playground,leisure,https://www.openstreetmap.org/way/932007066,,,,,Current leisure place in Livingston recorded by OpenStreetMap.,,,,,,source_reviewed
osm-community:way-932007129,Livingston,Playground,leisure,https://www.openstreetmap.org/way/932007129,,,,,Current leisure place in Livingston recorded by OpenStreetMap.,,,,,,source_reviewed
osm-community:way-937831343,Livingston,Playground,leisure,https://www.openstreetmap.org/way/937831343,,,,,Current leisure place in Livingston recorded by OpenStreetMap.,,,,,,source_reviewed
osm-community:way-937832148,Livingston,Playground,leisure,https://www.openstreetmap.org/way/937832148,,,,,Current leisure place in Livingston recorded by OpenStreetMap.,,,,,,source_reviewed
osm-community:way-937832365,Livingston,Playground,leisure,https://www.openstreetmap.org/way/937832365,,,,,Current leisure place in Livingston recorded by OpenStreetMap.,,,,,,source_reviewed
osm-community:way-937832495,Livingston,Playground,leisure,https://www.openstreetmap.org/way/937832495,,,,,Current leisure place in Livingston recorded by OpenStreetMap.,,,,,,source_reviewed
osm-community:way-937864593,Livingston,Playground,leisure,https://www.openstreetmap.org/way/937864593,,,,,Current leisure place in Livingston recorded by OpenStreetMap.,,,,,,source_reviewed
osm-community:way-937864865,Livingston,Playground,leisure,https://www.openstreetmap.org/way/937864865,,,,,Current leisure place in Livingston recorded by OpenStreetMap.,,,,,,source_reviewed
osm-community:way-979511541,Livingston,Playground,leisure,https://www.openstreetmap.org/way/979511541,,,,,Current leisure place in Livingston recorded by OpenStreetMap.,,,,,,source_reviewed
osm-community:way-1201536352,Livingston,Playground,leisure,https://www.openstreetmap.org/way/1201536352,,,,,Current leisure place in Livingston recorded by OpenStreetMap.,,,,,,source_reviewed
osm-community:node-7023854744,Livingston,Pomphray's,food,https://www.openstreetmap.org/node/7023854744,,,,,Pomphray's is a current food and drink place in Livingston recorded by OpenStreetMap.,,,,,,source_reviewed
osm-community:node-251319369,Livingston,Public toilets,amenities,https://www.openstreetmap.org/node/251319369,,,chargeable,,Public toilets is a current amenity in Livingston recorded by OpenStreetMap.,,,,,,source_reviewed
osm-community:node-2280121671,Livingston,Public toilets,amenities,https://www.openstreetmap.org/node/2280121671,,,,,Public toilets is a current amenity in Livingston recorded by OpenStreetMap.,,,,,,source_reviewed
osm-community:node-2466788799,Livingston,Public toilets,amenities,https://www.openstreetmap.org/node/2466788799,,,,,Public toilets is a current amenity in Livingston recorded by OpenStreetMap.,,,,,,source_reviewed
osm-community:node-3439498365,Livingston,Public toilets,amenities,https://www.openstreetmap.org/node/3439498365,,,,,Public toilets is a current amenity in Livingston recorded by OpenStreetMap.,,,,,,source_reviewed
osm-community:node-5251124202,Livingston,Public toilets,amenities,https://www.openstreetmap.org/node/5251124202,,,,,Public toilets is a current amenity in Livingston recorded by OpenStreetMap.,,,,,,source_reviewed
osm-community:node-9724678710,Livingston,Public toilets,amenities,https://www.openstreetmap.org/node/9724678710,,,,,Public toilets is a current amenity in Livingston recorded by OpenStreetMap.,,,,,,source_reviewed
osm-community:node-12973912899,Livingston,Public toilets,amenities,https://www.openstreetmap.org/node/12973912899,,,,,Public toilets is a current amenity in Livingston recorded by OpenStreetMap.,,,,,,source_reviewed
osm-community:node-12973941910,Livingston,Public toilets,amenities,https://www.openstreetmap.org/node/12973941910,,,,,Public toilets is a current amenity in Livingston recorded by OpenStreetMap.,,,,,,source_reviewed
osm-community:node-12974468040,Livingston,Public toilets,amenities,https://www.openstreetmap.org/node/12974468040,,,,,Public toilets is a current amenity in Livingston recorded by OpenStreetMap.,,,,,,source_reviewed
osm-community:node-12974468043,Livingston,Public toilets,amenities,https://www.openstreetmap.org/node/12974468043,,,,,Public toilets is a current amenity in Livingston recorded by OpenStreetMap.,,,,,,source_reviewed
osm-community:node-12974468096,Livingston,Public toilets,amenities,https://www.openstreetmap.org/node/12974468096,,,,,Public toilets is a current amenity in Livingston recorded by OpenStreetMap.,,,,,,source_reviewed
osm-community:node-12974495438,Livingston,Public toilets,amenities,https://www.openstreetmap.org/node/12974495438,,,,,Public toilets is a current amenity in Livingston recorded by OpenStreetMap.,,,,,,source_reviewed
osm-community:node-12974495461,Livingston,Public toilets,amenities,https://www.openstreetmap.org/node/12974495461,,,,,Public toilets is a current amenity in Livingston recorded by OpenStreetMap.,,,,,,source_reviewed
osm-community:node-12974507154,Livingston,Public toilets,amenities,https://www.openstreetmap.org/node/12974507154,,,,,Public toilets is a current amenity in Livingston recorded by OpenStreetMap.,,,,,,source_reviewed
osm-community:node-4619143818,Livingston,Pyramid Cairn,art,https://www.openstreetmap.org/node/4619143818,,,,,Pyramid Cairn is a current public artwork in Livingston recorded by OpenStreetMap.,,,,,,source_reviewed
osm-community:way-86501918,Livingston,Red Car Park,parking,https://www.openstreetmap.org/way/86501918,,,,,Red Car Park is a current parking place in Livingston recorded by OpenStreetMap.,,,,,,source_reviewed
osm-community:way-87171201,Livingston,Retail Park 3,parking,https://www.openstreetmap.org/way/87171201,,,,,Retail Park 3 is a current parking place in Livingston recorded by OpenStreetMap.,,,,,,source_reviewed
osm-community:node-8098623417,Livingston,Rolling River,art,https://www.openstreetmap.org/node/8098623417,,,,,Rolling River is a current public artwork in Livingston recorded by OpenStreetMap.,,,,,,source_reviewed
osm-community:node-7023854743,Livingston,S.E.A. Village Marketplace,food,https://www.openstreetmap.org/node/7023854743,,,,,S.E.A. Village Marketplace is a current food and drink place in Livingston recorded by OpenStreetMap.,,,,,,source_reviewed
osm-community:way-456642573,Livingston,Sabannga,food,https://www.openstreetmap.org/way/456642573,,,,,Sabannga is a current food and drink place in Livingston recorded by OpenStreetMap.,,,,,,source_reviewed
osm-community:way-212801929,Livingston,Sapphire,food,https://www.openstreetmap.org/way/212801929,,,,,Sapphire is a current food and drink place in Livingston recorded by OpenStreetMap.,,,,,,source_reviewed
osm-community:node-4623932096,Livingston,Standing Stones,art,https://www.openstreetmap.org/node/4623932096,,,,,Standing Stones is a current public artwork in Livingston recorded by OpenStreetMap.,,,,,,source_reviewed
osm-community:node-12973912858,Livingston,Starbucks,food,https://www.openstreetmap.org/node/12973912858,,,,,Starbucks is a current food and drink place in Livingston recorded by OpenStreetMap.,,,,,,source_reviewed
osm-community:node-12974468041,Livingston,Starbucks,food,https://www.openstreetmap.org/node/12974468041,,,,,Starbucks is a current food and drink place in Livingston recorded by OpenStreetMap.,,,,,,source_reviewed
osm-community:way-481408032,Livingston,Starbucks,food,https://www.openstreetmap.org/way/481408032,https://www.starbucks.com/store-locator/store/1010271/livingston-almondvale-rp-dt-unit-11-almondvale-business-park-livingsston-sct-e.,,,,Starbucks is a current food and drink place in Livingston recorded by OpenStreetMap.,,,,,,source_reviewed
osm-community:way-59610950,Livingston,Stones Bar and Grill,food,https://www.openstreetmap.org/way/59610950,,,,,Stones Bar and Grill is a current food and drink place in Livingston recorded by OpenStreetMap.,,,,,,source_reviewed
osm-community:node-4618730524,Livingston,Strive,art,https://www.openstreetmap.org/node/4618730524,,,,,Strive is a current public artwork in Livingston recorded by OpenStreetMap.,,,,,,source_reviewed
osm-community:node-3761711880,Livingston,Symbiosis,art,https://www.openstreetmap.org/node/3761711880,,,,,Symbiosis is a current public artwork in Livingston recorded by OpenStreetMap.,,,,,,source_reviewed
osm-community:way-44000111,Livingston,The Centre Car Park 1,parking,https://www.openstreetmap.org/way/44000111,,,,,The Centre Car Park 1 is a current parking place in Livingston recorded by OpenStreetMap.,,,,,,source_reviewed
osm-community:way-43997152,Livingston,The Centre Car Park 2,parking,https://www.openstreetmap.org/way/43997152,,,,,The Centre Car Park 2 is a current parking place in Livingston recorded by OpenStreetMap.,,,,,,source_reviewed
osm-community:way-176818869,Livingston,The Centre Car Park 3,parking,https://www.openstreetmap.org/way/176818869,,,,,The Centre Car Park 3 is a current parking place in Livingston recorded by OpenStreetMap.,,,,,,source_reviewed
osm-community:node-2242821761,Livingston,The Community,art,https://www.openstreetmap.org/node/2242821761,,,,,The Community is a current public artwork in Livingston recorded by OpenStreetMap.,,,,,,source_reviewed
osm-community:node-12973941909,Livingston,The Gift Company,visitor,https://www.openstreetmap.org/node/12973941909,,,,,The Gift Company is a current visitor place in Livingston recorded by OpenStreetMap.,,,,,,source_reviewed
osm-community:node-3149075455,Livingston,The Howden,food,https://www.openstreetmap.org/node/3149075455,,,,,The Howden is a current food and drink place in Livingston recorded by OpenStreetMap.,,,,,,source_reviewed
osm-community:node-12234739192,Livingston,The Larder,food,https://www.openstreetmap.org/node/12234739192,https://shop.thelarder.org.,,,,The Larder is a current food and drink place in Livingston recorded by OpenStreetMap.,,,,,,source_reviewed
osm-community:node-13474955124,Livingston,The Peel of Living's-toun,visitor,https://www.openstreetmap.org/node/13474955124,,,,,The Peel of Living's-toun is a current visitor place in Livingston recorded by OpenStreetMap.,,,,,,source_reviewed
osm-community:node-13546044424,Livingston,The Stane Bench,picnic,https://www.openstreetmap.org/node/13546044424,,,,,The Stane Bench is a current picnic or rest facility in Livingston recorded by OpenStreetMap.,,,,,,source_reviewed
osm-community:node-10090364864,Livingston,The Wee Museum of Memory,art,https://www.openstreetmap.org/node/10090364864,https://www.livingmemory.org.uk/westLothian.php.,,,,The Wee Museum of Memory is a current public artwork in Livingston recorded by OpenStreetMap.,,,,,,source_reviewed
osm-community:node-3443680166,Livingston,The Windvane Family,art,https://www.openstreetmap.org/node/3443680166,,,,,The Windvane Family is a current public artwork in Livingston recorded by OpenStreetMap.,,,,,,source_reviewed
osm-community:node-4623926066,Livingston,Three Sheep,art,https://www.openstreetmap.org/node/4623926066,,,,,Three Sheep is a current public artwork in Livingston recorded by OpenStreetMap.,,,,,,source_reviewed
osm-community:node-3838105371,Livingston,Till We Meet Again,art,https://www.openstreetmap.org/node/3838105371,,,,,Till We Meet Again is a current public artwork in Livingston recorded by OpenStreetMap.,,,,,,source_reviewed
osm-community:way-98709994,Livingston,Toby Carvery,food,https://www.openstreetmap.org/way/98709994,https://www.tobycarvery.co.uk/restaurants/scotland/bathgatefarmbathgate.,,,,Toby Carvery is a current food and drink place in Livingston recorded by OpenStreetMap.,,,,,,source_reviewed
osm-community:node-245524992,Livingston,Tony Macaroni,food,https://www.openstreetmap.org/node/245524992,,,,,Tony Macaroni is a current food and drink place in Livingston recorded by OpenStreetMap.,,,,,,source_reviewed
osm-community:way-214810944,Livingston,Topiary Coffee Shop,food,https://www.openstreetmap.org/way/214810944,,,,,Topiary Coffee Shop is a current food and drink place in Livingston recorded by OpenStreetMap.,,,,,,source_reviewed
osm-community:node-2190421447,Livingston,Tower,historic,https://www.openstreetmap.org/node/2190421447,,,,,Tower is a current historic place in Livingston recorded by OpenStreetMap.,,,,,,source_reviewed
osm-community:node-3515049962,Livingston,Tower,historic,https://www.openstreetmap.org/node/3515049962,,,,,Tower is a current historic place in Livingston recorded by OpenStreetMap.,,,,,,source_reviewed
osm-community:node-4691275280,Livingston,Tower,historic,https://www.openstreetmap.org/node/4691275280,,,,,Tower is a current historic place in Livingston recorded by OpenStreetMap.,,,,,,source_reviewed
osm-community:node-4743479504,Livingston,Tower,historic,https://www.openstreetmap.org/node/4743479504,,,,,Tower is a current historic place in Livingston recorded by OpenStreetMap.,,,,,,source_reviewed
osm-community:node-4868126274,Livingston,Tower,historic,https://www.openstreetmap.org/node/4868126274,,,,,Tower is a current historic place in Livingston recorded by OpenStreetMap.,,,,,,source_reviewed
osm-community:node-4972143464,Livingston,Tower,historic,https://www.openstreetmap.org/node/4972143464,,,,,Tower is a current historic place in Livingston recorded by OpenStreetMap.,,,,,,source_reviewed
osm-community:node-5322068135,Livingston,Tower,historic,https://www.openstreetmap.org/node/5322068135,,,,,Tower is a current historic place in Livingston recorded by OpenStreetMap.,,,,,,source_reviewed
osm-community:node-6299442158,Livingston,Tower,historic,https://www.openstreetmap.org/node/6299442158,,,,,Tower is a current historic place in Livingston recorded by OpenStreetMap.,,,,,,source_reviewed
osm-community:node-11556964668,Livingston,Tower,historic,https://www.openstreetmap.org/node/11556964668,,,,,Tower is a current historic place in Livingston recorded by OpenStreetMap.,,,,,,source_reviewed
osm-community:way-941149885,Livingston,Trail Bean Coffee,food,https://www.openstreetmap.org/way/941149885,,,,,Trail Bean Coffee is a current food and drink place in Livingston recorded by OpenStreetMap.,,,,,,source_reviewed
osm-community:node-5109778182,Livingston,Viewpoint,visitor,https://www.openstreetmap.org/node/5109778182,,,,,Current visitor place in Livingston recorded by OpenStreetMap.,,,,,,source_reviewed
osm-community:node-9461562369,Livingston,Viewpoint,visitor,https://www.openstreetmap.org/node/9461562369,,,,,Current visitor place in Livingston recorded by OpenStreetMap.,,,,,,source_reviewed
osm-community:node-9724678711,Livingston,Visitor information,visitor,https://www.openstreetmap.org/node/9724678711,,,travel information counter,,Visitor information is a current visitor place in Livingston recorded by OpenStreetMap.,,,,,,source_reviewed
osm-community:node-4576965016,Livingston,Wagamama,food,https://www.openstreetmap.org/node/4576965016,https://www.wagamama.com/restaurants/livingston/livingston,,,,Wagamama is a current food and drink place in Livingston recorded by OpenStreetMap.,,,,,,source_reviewed
osm-community:node-6985083961,Livingston,War Memorial,memorial,https://www.openstreetmap.org/node/6985083961,,,,,War Memorial is a current memorial or plaque in Livingston recorded by OpenStreetMap.,,,,,,source_reviewed
osm-community:node-7023854747,Livingston,War Memorial,memorial,https://www.openstreetmap.org/node/7023854747,,,,,War Memorial is a current memorial or plaque in Livingston recorded by OpenStreetMap.,,,,,,source_reviewed
osm-community:node-4619173816,Livingston,Wave Poem,art,https://www.openstreetmap.org/node/4619173816,,,,,Wave Poem is a current public artwork in Livingston recorded by OpenStreetMap.,,,,,,source_reviewed
osm-community:node-11470132432,Livingston,Wiola's Bistro,food,https://www.openstreetmap.org/node/11470132432,,,,,Wiola's Bistro is a current food and drink place in Livingston recorded by OpenStreetMap.,,,,,,source_reviewed
