{
  "type": "FeatureCollection",
  "name": "Kincardine-on-Forth Full Heritage Points — All-Dated Edition",
  "crs": {
    "type": "name",
    "properties": {
      "name": "urn:ogc:def:crs:OGC:1.3:CRS84"
    }
  },
  "metadata": {
    "createdAt": "2026-07-29",
    "projectId": "kincardine-on-forth-scotland",
    "featureCount": 64,
    "allFeatureRecordsHaveDates": true,
    "warning": "Exact years, approximate ranges and alteration phases are distinguished in the feature properties.",
    "attribution": "Contains Historic Environment Scotland and OS data © Historic Environment Scotland and Crown Copyright and database right 2026, licensed under the Open Government Licence v3.0."
  },
  "features": [
    {
      "type": "Feature",
      "id": "hes-lb17130",
      "geometry": {
        "type": "Point",
        "coordinates": [
          -3.704382,
          56.086785
        ]
      },
      "properties": {
        "id": "hes-lb17130",
        "projectId": "kincardine-on-forth-scotland",
        "name": "Former Churchyard and Keith Mausoleum, Tulliallan",
        "alternativeNames": [],
        "countryCode": "GB",
        "nation": "Scotland",
        "region": "Fife",
        "locality": "Kincardine-on-Forth",
        "featureType": "burial_ground",
        "designationType": "Listed Building",
        "designationCategory": "B",
        "legacyCategoryLabel": null,
        "statutoryStatus": "Designated — live verification recommended",
        "designationReference": "LB17130",
        "locationType": "designation_point",
        "locationConfidence": "medium",
        "documentedDateText": "Early chapel site; 17th- and 18th-century gravestones; Keith Mausoleum dated 1830",
        "earliestPossibleYear": 1000,
        "latestPossibleYear": 1830,
        "dateBasis": "documented_date_range",
        "dateConfidence": "high",
        "shortDescription": "A historic churchyard with carved gravestones, an 1830 Gothic mausoleum and an associated 11th-century hogback stone.",
        "fullDescription": "Included as part of the comprehensive Kincardine and Tulliallan statutory inventory. The live HES record remains authoritative.",
        "architectOrDesigner": "Keith Mausoleum probably by James Gillespie Graham",
        "extantStatus": "extant",
        "sourceRecords": [
          {
            "sourceName": "Historic Environment Scotland designation LB17130",
            "sourceOrganisation": "Historic Environment Scotland",
            "sourceRecordId": "LB17130",
            "sourceUrl": "https://portal.historicenvironment.scot/designation/LB17130",
            "accessedAt": "2026-07-29",
            "licence": "Official designation record; HES spatial data is available under the Open Government Licence v3.0.",
            "reliability": "official_statutory",
            "notes": "Manually enriched for this pack."
          },
          {
            "sourceName": "Tulliallan listed-building coordinate index",
            "sourceOrganisation": "Historic Scotland-derived Open Government Licence index",
            "sourceRecordId": null,
            "sourceUrl": "https://en.wikipedia.org/wiki/List_of_listed_buildings_in_Tulliallan,_Fife",
            "accessedAt": "2026-07-29",
            "licence": "The index states that its addresses and coordinates derive from Historic Scotland data under the Open Government Licence.",
            "reliability": "discovery_only",
            "notes": "Used as a practical coordinate snapshot; refresh against the live HES layer before publication."
          }
        ],
        "licence": "See source records.",
        "tags": [
          "listed building",
          "category B",
          "Eastern parish and Lurg"
        ],
        "createdAt": "2026-07-29",
        "updatedAt": "2026-07-29",
        "reviewed": true,
        "reviewNotes": null,
        "coverageLevel": "detailed",
        "studyAreaSection": "Eastern parish and Lurg",
        "officialRecordUrl": "https://portal.historicenvironment.scot/designation/LB17130",
        "liveRefreshRecommended": true,
        "geometrySource": {
          "type": "Historic Scotland-derived OGL coordinate index",
          "confidence": "medium",
          "refreshLayer": "HES Listed Buildings by Category"
        },
        "heatmapScoring": {
          "ageFactor": 1.0,
          "significanceFactor": 0.75,
          "confidenceFactor": 1.0,
          "survivalFactor": 0.6,
          "provisionalWeight": 0.45,
          "warning": "The survival factor is provisional until a reviewed condition and integrity survey is completed."
        }
      }
    },
    {
      "type": "Feature",
      "id": "hes-lb16576",
      "geometry": {
        "type": "Point",
        "coordinates": [
          -3.719683,
          56.067307
        ]
      },
      "properties": {
        "id": "hes-lb16576",
        "projectId": "kincardine-on-forth-scotland",
        "name": "15–31 Keith Street, all odd numbers",
        "alternativeNames": [],
        "countryCode": "GB",
        "nation": "Scotland",
        "region": "Fife",
        "locality": "Kincardine-on-Forth",
        "featureType": "house",
        "designationType": "Listed Building",
        "designationCategory": "C",
        "legacyCategoryLabel": "C(S)",
        "statutoryStatus": "Designated — live verification recommended",
        "designationReference": "LB16576",
        "locationType": "designation_point",
        "locationConfidence": "medium",
        "documentedDateText": "Late 18th to early 19th century; dated lintels include 1798, 1800 and 1812",
        "earliestPossibleYear": 1798,
        "latestPossibleYear": 1812,
        "dateBasis": "documented_date_range",
        "dateConfidence": "high",
        "shortDescription": "Officially designated historic asset. Refresh the linked HES record for current designation details and supplementary description.",
        "fullDescription": "Included as part of the comprehensive Kincardine and Tulliallan statutory inventory. The live HES record remains authoritative.",
        "architectOrDesigner": null,
        "extantStatus": "extant",
        "sourceRecords": [
          {
            "sourceName": "Historic Environment Scotland designation LB16576",
            "sourceOrganisation": "Historic Environment Scotland",
            "sourceRecordId": "LB16576",
            "sourceUrl": "https://portal.historicenvironment.scot/designation/LB16576",
            "accessedAt": "2026-07-29",
            "licence": "Official designation record; HES spatial data is available under the Open Government Licence v3.0.",
            "reliability": "official_statutory",
            "notes": "Refresh current status, category, description and geometry from the live HES designation layer."
          },
          {
            "sourceName": "Tulliallan listed-building coordinate index",
            "sourceOrganisation": "Historic Scotland-derived Open Government Licence index",
            "sourceRecordId": null,
            "sourceUrl": "https://en.wikipedia.org/wiki/List_of_listed_buildings_in_Tulliallan,_Fife",
            "accessedAt": "2026-07-29",
            "licence": "The index states that its addresses and coordinates derive from Historic Scotland data under the Open Government Licence.",
            "reliability": "discovery_only",
            "notes": "Used as a practical coordinate snapshot; refresh against the live HES layer before publication."
          }
        ],
        "licence": "See source records.",
        "tags": [
          "listed building",
          "category C",
          "Historic town and conservation area"
        ],
        "createdAt": "2026-07-29",
        "updatedAt": "2026-07-29",
        "reviewed": true,
        "reviewNotes": null,
        "coverageLevel": "statutory_index",
        "studyAreaSection": "Historic town and conservation area",
        "officialRecordUrl": "https://portal.historicenvironment.scot/designation/LB16576",
        "liveRefreshRecommended": true,
        "geometrySource": {
          "type": "Historic Scotland-derived OGL coordinate index",
          "confidence": "medium",
          "refreshLayer": "HES Listed Buildings by Category"
        },
        "heatmapScoring": {
          "ageFactor": 0.8,
          "significanceFactor": 0.5,
          "confidenceFactor": 1.0,
          "survivalFactor": 0.6,
          "provisionalWeight": 0.24,
          "warning": "The survival factor is provisional until a reviewed condition and integrity survey is completed."
        },
        "datePrecision": "inscribed_year_range",
        "dateResearchStatus": "completed",
        "dateResearchedAt": "2026-07-29",
        "dateResearchMethod": "Published exact or approximate date from an official designation record, heritage inventory, archaeological survey or published heritage classification.",
        "dateEvidenceNote": "The range uses surviving dated lintels across the listed group rather than assuming one construction campaign."
      }
    },
    {
      "type": "Feature",
      "id": "hes-lb16587",
      "geometry": {
        "type": "Point",
        "coordinates": [
          -3.719163,
          56.075123
        ]
      },
      "properties": {
        "id": "hes-lb16587",
        "projectId": "kincardine-on-forth-scotland",
        "name": "Blackhall Lodge and Gateway, Tulliallan Policies",
        "alternativeNames": [],
        "countryCode": "GB",
        "nation": "Scotland",
        "region": "Fife",
        "locality": "Kincardine-on-Forth",
        "featureType": "lodge",
        "designationType": "Listed Building",
        "designationCategory": "B",
        "legacyCategoryLabel": null,
        "statutoryStatus": "Designated — live verification recommended",
        "designationReference": "LB16587",
        "locationType": "designation_point",
        "locationConfidence": "medium",
        "documentedDateText": "1833, with later work including dated 1903 rainwater goods; a designed-landscape history records a lodge built or rebuilt in 1908",
        "earliestPossibleYear": 1833,
        "latestPossibleYear": 1908,
        "dateBasis": "documented_date_range",
        "dateConfidence": "medium",
        "shortDescription": "Officially designated historic asset. Refresh the linked HES record for current designation details and supplementary description.",
        "fullDescription": "Included as part of the comprehensive Kincardine and Tulliallan statutory inventory. The live HES record remains authoritative.",
        "architectOrDesigner": null,
        "extantStatus": "extant",
        "sourceRecords": [
          {
            "sourceName": "Historic Environment Scotland designation LB16587",
            "sourceOrganisation": "Historic Environment Scotland",
            "sourceRecordId": "LB16587",
            "sourceUrl": "https://portal.historicenvironment.scot/designation/LB16587",
            "accessedAt": "2026-07-29",
            "licence": "Official designation record; HES spatial data is available under the Open Government Licence v3.0.",
            "reliability": "official_statutory",
            "notes": "Refresh current status, category, description and geometry from the live HES designation layer."
          },
          {
            "sourceName": "Tulliallan listed-building coordinate index",
            "sourceOrganisation": "Historic Scotland-derived Open Government Licence index",
            "sourceRecordId": null,
            "sourceUrl": "https://en.wikipedia.org/wiki/List_of_listed_buildings_in_Tulliallan,_Fife",
            "accessedAt": "2026-07-29",
            "licence": "The index states that its addresses and coordinates derive from Historic Scotland data under the Open Government Licence.",
            "reliability": "discovery_only",
            "notes": "Used as a practical coordinate snapshot; refresh against the live HES layer before publication."
          }
        ],
        "licence": "See source records.",
        "tags": [
          "listed building",
          "category B",
          "Tulliallan policies and church sites"
        ],
        "createdAt": "2026-07-29",
        "updatedAt": "2026-07-29",
        "reviewed": true,
        "reviewNotes": null,
        "coverageLevel": "statutory_index",
        "studyAreaSection": "Tulliallan policies and church sites",
        "officialRecordUrl": "https://portal.historicenvironment.scot/designation/LB16587",
        "liveRefreshRecommended": true,
        "geometrySource": {
          "type": "Historic Scotland-derived OGL coordinate index",
          "confidence": "medium",
          "refreshLayer": "HES Listed Buildings by Category"
        },
        "heatmapScoring": {
          "ageFactor": 0.7,
          "significanceFactor": 0.75,
          "confidenceFactor": 0.75,
          "survivalFactor": 0.6,
          "provisionalWeight": 0.2362,
          "warning": "The survival factor is provisional until a reviewed condition and integrity survey is completed."
        },
        "datePrecision": "documented_phases_with_source_conflict",
        "dateResearchStatus": "completed",
        "dateResearchedAt": "2026-07-29",
        "dateResearchMethod": "Published exact or approximate date from an official designation record, heritage inventory, archaeological survey or published heritage classification.",
        "dateEvidenceNote": "The listed-building description and designed-landscape history appear to describe different phases. Both are retained for review."
      }
    },
    {
      "type": "Feature",
      "id": "hes-lb16589",
      "geometry": {
        "type": "Point",
        "coordinates": [
          -3.71815,
          56.068236
        ]
      },
      "properties": {
        "id": "hes-lb16589",
        "projectId": "kincardine-on-forth-scotland",
        "name": "4 and 6, 8, 10 High Street",
        "alternativeNames": [],
        "countryCode": "GB",
        "nation": "Scotland",
        "region": "Fife",
        "locality": "Kincardine-on-Forth",
        "featureType": "house",
        "designationType": "Listed Building",
        "designationCategory": "C",
        "legacyCategoryLabel": "C(S)",
        "statutoryStatus": "Designated — live verification recommended",
        "designationReference": "LB16589",
        "locationType": "designation_point",
        "locationConfidence": "medium",
        "documentedDateText": "Early 19th century",
        "earliestPossibleYear": 1800,
        "latestPossibleYear": 1825,
        "dateBasis": "estimated_from_authoritative_source",
        "dateConfidence": "high",
        "shortDescription": "Officially designated historic asset. Refresh the linked HES record for current designation details and supplementary description.",
        "fullDescription": "Included as part of the comprehensive Kincardine and Tulliallan statutory inventory. The live HES record remains authoritative.",
        "architectOrDesigner": null,
        "extantStatus": "extant",
        "sourceRecords": [
          {
            "sourceName": "Historic Environment Scotland designation LB16589",
            "sourceOrganisation": "Historic Environment Scotland",
            "sourceRecordId": "LB16589",
            "sourceUrl": "https://portal.historicenvironment.scot/designation/LB16589",
            "accessedAt": "2026-07-29",
            "licence": "Official designation record; HES spatial data is available under the Open Government Licence v3.0.",
            "reliability": "official_statutory",
            "notes": "Refresh current status, category, description and geometry from the live HES designation layer."
          },
          {
            "sourceName": "Tulliallan listed-building coordinate index",
            "sourceOrganisation": "Historic Scotland-derived Open Government Licence index",
            "sourceRecordId": null,
            "sourceUrl": "https://en.wikipedia.org/wiki/List_of_listed_buildings_in_Tulliallan,_Fife",
            "accessedAt": "2026-07-29",
            "licence": "The index states that its addresses and coordinates derive from Historic Scotland data under the Open Government Licence.",
            "reliability": "discovery_only",
            "notes": "Used as a practical coordinate snapshot; refresh against the live HES layer before publication."
          }
        ],
        "licence": "See source records.",
        "tags": [
          "listed building",
          "category C",
          "Historic town and conservation area"
        ],
        "createdAt": "2026-07-29",
        "updatedAt": "2026-07-29",
        "reviewed": true,
        "reviewNotes": null,
        "coverageLevel": "statutory_index",
        "studyAreaSection": "Historic town and conservation area",
        "officialRecordUrl": "https://portal.historicenvironment.scot/designation/LB16589",
        "liveRefreshRecommended": true,
        "geometrySource": {
          "type": "Historic Scotland-derived OGL coordinate index",
          "confidence": "medium",
          "refreshLayer": "HES Listed Buildings by Category"
        },
        "heatmapScoring": {
          "ageFactor": 0.7,
          "significanceFactor": 0.5,
          "confidenceFactor": 1.0,
          "survivalFactor": 0.6,
          "provisionalWeight": 0.21,
          "warning": "The survival factor is provisional until a reviewed condition and integrity survey is completed."
        },
        "datePrecision": "quarter_century_range",
        "dateResearchStatus": "completed",
        "dateResearchedAt": "2026-07-29",
        "dateResearchMethod": "Published exact or approximate date from an official designation record, heritage inventory, archaeological survey or published heritage classification."
      }
    },
    {
      "type": "Feature",
      "id": "hes-lb16594",
      "geometry": {
        "type": "Point",
        "coordinates": [
          -3.720658,
          56.070097
        ]
      },
      "properties": {
        "id": "hes-lb16594",
        "projectId": "kincardine-on-forth-scotland",
        "name": "36 Rosevale, 38–44 Kilbagie Street",
        "alternativeNames": [],
        "countryCode": "GB",
        "nation": "Scotland",
        "region": "Fife",
        "locality": "Kincardine-on-Forth",
        "featureType": "house",
        "designationType": "Listed Building",
        "designationCategory": "B",
        "legacyCategoryLabel": null,
        "statutoryStatus": "Designated — live verification recommended",
        "designationReference": "LB16594",
        "locationType": "designation_point",
        "locationConfidence": "medium",
        "documentedDateText": "Circa 1800",
        "earliestPossibleYear": 1790,
        "latestPossibleYear": 1810,
        "dateBasis": "estimated_from_authoritative_source",
        "dateConfidence": "high",
        "shortDescription": "Officially designated historic asset. Refresh the linked HES record for current designation details and supplementary description.",
        "fullDescription": "Included as part of the comprehensive Kincardine and Tulliallan statutory inventory. The live HES record remains authoritative.",
        "architectOrDesigner": null,
        "extantStatus": "extant",
        "sourceRecords": [
          {
            "sourceName": "Historic Environment Scotland designation LB16594",
            "sourceOrganisation": "Historic Environment Scotland",
            "sourceRecordId": "LB16594",
            "sourceUrl": "https://portal.historicenvironment.scot/designation/LB16594",
            "accessedAt": "2026-07-29",
            "licence": "Official designation record; HES spatial data is available under the Open Government Licence v3.0.",
            "reliability": "official_statutory",
            "notes": "Refresh current status, category, description and geometry from the live HES designation layer."
          },
          {
            "sourceName": "Tulliallan listed-building coordinate index",
            "sourceOrganisation": "Historic Scotland-derived Open Government Licence index",
            "sourceRecordId": null,
            "sourceUrl": "https://en.wikipedia.org/wiki/List_of_listed_buildings_in_Tulliallan,_Fife",
            "accessedAt": "2026-07-29",
            "licence": "The index states that its addresses and coordinates derive from Historic Scotland data under the Open Government Licence.",
            "reliability": "discovery_only",
            "notes": "Used as a practical coordinate snapshot; refresh against the live HES layer before publication."
          }
        ],
        "licence": "See source records.",
        "tags": [
          "listed building",
          "category B",
          "Historic town and conservation area"
        ],
        "createdAt": "2026-07-29",
        "updatedAt": "2026-07-29",
        "reviewed": true,
        "reviewNotes": null,
        "coverageLevel": "statutory_index",
        "studyAreaSection": "Historic town and conservation area",
        "officialRecordUrl": "https://portal.historicenvironment.scot/designation/LB16594",
        "liveRefreshRecommended": true,
        "geometrySource": {
          "type": "Historic Scotland-derived OGL coordinate index",
          "confidence": "medium",
          "refreshLayer": "HES Listed Buildings by Category"
        },
        "heatmapScoring": {
          "ageFactor": 0.8,
          "significanceFactor": 0.75,
          "confidenceFactor": 1.0,
          "survivalFactor": 0.6,
          "provisionalWeight": 0.36,
          "warning": "The survival factor is provisional until a reviewed condition and integrity survey is completed."
        },
        "datePrecision": "circa_twenty_year_range",
        "dateResearchStatus": "completed",
        "dateResearchedAt": "2026-07-29",
        "dateResearchMethod": "Published exact or approximate date from an official designation record, heritage inventory, archaeological survey or published heritage classification."
      }
    },
    {
      "type": "Feature",
      "id": "hes-lb16595",
      "geometry": {
        "type": "Point",
        "coordinates": [
          -3.72078,
          56.07067
        ]
      },
      "properties": {
        "id": "hes-lb16595",
        "projectId": "kincardine-on-forth-scotland",
        "name": "Primrose Villa, 60 Kilbagie Street",
        "alternativeNames": [],
        "countryCode": "GB",
        "nation": "Scotland",
        "region": "Fife",
        "locality": "Kincardine-on-Forth",
        "featureType": "house",
        "designationType": "Listed Building",
        "designationCategory": "B",
        "legacyCategoryLabel": null,
        "statutoryStatus": "Designated — live verification recommended",
        "designationReference": "LB16595",
        "locationType": "designation_point",
        "locationConfidence": "medium",
        "documentedDateText": "Circa 1800",
        "earliestPossibleYear": 1790,
        "latestPossibleYear": 1810,
        "dateBasis": "estimated_from_authoritative_source",
        "dateConfidence": "high",
        "shortDescription": "Officially designated historic asset. Refresh the linked HES record for current designation details and supplementary description.",
        "fullDescription": "Included as part of the comprehensive Kincardine and Tulliallan statutory inventory. The live HES record remains authoritative.",
        "architectOrDesigner": null,
        "extantStatus": "extant",
        "sourceRecords": [
          {
            "sourceName": "Historic Environment Scotland designation LB16595",
            "sourceOrganisation": "Historic Environment Scotland",
            "sourceRecordId": "LB16595",
            "sourceUrl": "https://portal.historicenvironment.scot/designation/LB16595",
            "accessedAt": "2026-07-29",
            "licence": "Official designation record; HES spatial data is available under the Open Government Licence v3.0.",
            "reliability": "official_statutory",
            "notes": "Refresh current status, category, description and geometry from the live HES designation layer."
          },
          {
            "sourceName": "Tulliallan listed-building coordinate index",
            "sourceOrganisation": "Historic Scotland-derived Open Government Licence index",
            "sourceRecordId": null,
            "sourceUrl": "https://en.wikipedia.org/wiki/List_of_listed_buildings_in_Tulliallan,_Fife",
            "accessedAt": "2026-07-29",
            "licence": "The index states that its addresses and coordinates derive from Historic Scotland data under the Open Government Licence.",
            "reliability": "discovery_only",
            "notes": "Used as a practical coordinate snapshot; refresh against the live HES layer before publication."
          }
        ],
        "licence": "See source records.",
        "tags": [
          "listed building",
          "category B",
          "Historic town and conservation area"
        ],
        "createdAt": "2026-07-29",
        "updatedAt": "2026-07-29",
        "reviewed": true,
        "reviewNotes": null,
        "coverageLevel": "statutory_index",
        "studyAreaSection": "Historic town and conservation area",
        "officialRecordUrl": "https://portal.historicenvironment.scot/designation/LB16595",
        "liveRefreshRecommended": true,
        "geometrySource": {
          "type": "Historic Scotland-derived OGL coordinate index",
          "confidence": "medium",
          "refreshLayer": "HES Listed Buildings by Category"
        },
        "heatmapScoring": {
          "ageFactor": 0.8,
          "significanceFactor": 0.75,
          "confidenceFactor": 1.0,
          "survivalFactor": 0.6,
          "provisionalWeight": 0.36,
          "warning": "The survival factor is provisional until a reviewed condition and integrity survey is completed."
        },
        "datePrecision": "circa_twenty_year_range",
        "dateResearchStatus": "completed",
        "dateResearchedAt": "2026-07-29",
        "dateResearchMethod": "Published exact or approximate date from an official designation record, heritage inventory, archaeological survey or published heritage classification."
      }
    },
    {
      "type": "Feature",
      "id": "hes-lb16601",
      "geometry": {
        "type": "Point",
        "coordinates": [
          -3.718104,
          56.067562
        ]
      },
      "properties": {
        "id": "hes-lb16601",
        "projectId": "kincardine-on-forth-scotland",
        "name": "Kincardine Church of Scotland, Chapel Street",
        "alternativeNames": [],
        "countryCode": "GB",
        "nation": "Scotland",
        "region": "Fife",
        "locality": "Kincardine-on-Forth",
        "featureType": "church",
        "designationType": "Listed Building",
        "designationCategory": "B",
        "legacyCategoryLabel": null,
        "statutoryStatus": "Designated — live verification recommended",
        "designationReference": "LB16601",
        "locationType": "designation_point",
        "locationConfidence": "medium",
        "documentedDateText": "Built in 1819; internally altered in 1926",
        "earliestPossibleYear": 1819,
        "latestPossibleYear": 1819,
        "dateBasis": "documented_construction",
        "dateConfidence": "high",
        "shortDescription": "A plain rubble former United Presbyterian church with a later five-stage bell tower.",
        "fullDescription": "Included as part of the comprehensive Kincardine and Tulliallan statutory inventory. The live HES record remains authoritative.",
        "architectOrDesigner": null,
        "extantStatus": "extant",
        "sourceRecords": [
          {
            "sourceName": "Historic Environment Scotland designation LB16601",
            "sourceOrganisation": "Historic Environment Scotland",
            "sourceRecordId": "LB16601",
            "sourceUrl": "https://portal.historicenvironment.scot/designation/LB16601",
            "accessedAt": "2026-07-29",
            "licence": "Official designation record; HES spatial data is available under the Open Government Licence v3.0.",
            "reliability": "official_statutory",
            "notes": "Manually enriched for this pack."
          },
          {
            "sourceName": "Tulliallan listed-building coordinate index",
            "sourceOrganisation": "Historic Scotland-derived Open Government Licence index",
            "sourceRecordId": null,
            "sourceUrl": "https://en.wikipedia.org/wiki/List_of_listed_buildings_in_Tulliallan,_Fife",
            "accessedAt": "2026-07-29",
            "licence": "The index states that its addresses and coordinates derive from Historic Scotland data under the Open Government Licence.",
            "reliability": "discovery_only",
            "notes": "Used as a practical coordinate snapshot; refresh against the live HES layer before publication."
          }
        ],
        "licence": "See source records.",
        "tags": [
          "listed building",
          "category B",
          "Historic town and conservation area"
        ],
        "createdAt": "2026-07-29",
        "updatedAt": "2026-07-29",
        "reviewed": true,
        "reviewNotes": null,
        "coverageLevel": "detailed",
        "studyAreaSection": "Historic town and conservation area",
        "officialRecordUrl": "https://portal.historicenvironment.scot/designation/LB16601",
        "liveRefreshRecommended": true,
        "geometrySource": {
          "type": "Historic Scotland-derived OGL coordinate index",
          "confidence": "medium",
          "refreshLayer": "HES Listed Buildings by Category"
        },
        "heatmapScoring": {
          "ageFactor": 0.7,
          "significanceFactor": 0.75,
          "confidenceFactor": 1.0,
          "survivalFactor": 0.6,
          "provisionalWeight": 0.315,
          "warning": "The survival factor is provisional until a reviewed condition and integrity survey is completed."
        }
      }
    },
    {
      "type": "Feature",
      "id": "hes-lb16603",
      "geometry": {
        "type": "Point",
        "coordinates": [
          -3.717436,
          56.068812
        ]
      },
      "properties": {
        "id": "hes-lb16603",
        "projectId": "kincardine-on-forth-scotland",
        "name": "32–42 High Street",
        "alternativeNames": [],
        "countryCode": "GB",
        "nation": "Scotland",
        "region": "Fife",
        "locality": "Kincardine-on-Forth",
        "featureType": "house",
        "designationType": "Listed Building",
        "designationCategory": "B",
        "legacyCategoryLabel": null,
        "statutoryStatus": "Designated — live verification recommended",
        "designationReference": "LB16603",
        "locationType": "designation_point",
        "locationConfidence": "medium",
        "documentedDateText": "18th-century group; number 40 has a lintel dated 1767",
        "earliestPossibleYear": 1767,
        "latestPossibleYear": 1799,
        "dateBasis": "documented_date_range",
        "dateConfidence": "high",
        "shortDescription": "Officially designated historic asset. Refresh the linked HES record for current designation details and supplementary description.",
        "fullDescription": "Included as part of the comprehensive Kincardine and Tulliallan statutory inventory. The live HES record remains authoritative.",
        "architectOrDesigner": null,
        "extantStatus": "extant",
        "sourceRecords": [
          {
            "sourceName": "Historic Environment Scotland designation LB16603",
            "sourceOrganisation": "Historic Environment Scotland",
            "sourceRecordId": "LB16603",
            "sourceUrl": "https://portal.historicenvironment.scot/designation/LB16603",
            "accessedAt": "2026-07-29",
            "licence": "Official designation record; HES spatial data is available under the Open Government Licence v3.0.",
            "reliability": "official_statutory",
            "notes": "Refresh current status, category, description and geometry from the live HES designation layer."
          },
          {
            "sourceName": "Tulliallan listed-building coordinate index",
            "sourceOrganisation": "Historic Scotland-derived Open Government Licence index",
            "sourceRecordId": null,
            "sourceUrl": "https://en.wikipedia.org/wiki/List_of_listed_buildings_in_Tulliallan,_Fife",
            "accessedAt": "2026-07-29",
            "licence": "The index states that its addresses and coordinates derive from Historic Scotland data under the Open Government Licence.",
            "reliability": "discovery_only",
            "notes": "Used as a practical coordinate snapshot; refresh against the live HES layer before publication."
          }
        ],
        "licence": "See source records.",
        "tags": [
          "listed building",
          "category B",
          "Historic town and conservation area"
        ],
        "createdAt": "2026-07-29",
        "updatedAt": "2026-07-29",
        "reviewed": true,
        "reviewNotes": null,
        "coverageLevel": "statutory_index",
        "studyAreaSection": "Historic town and conservation area",
        "officialRecordUrl": "https://portal.historicenvironment.scot/designation/LB16603",
        "liveRefreshRecommended": true,
        "geometrySource": {
          "type": "Historic Scotland-derived OGL coordinate index",
          "confidence": "medium",
          "refreshLayer": "HES Listed Buildings by Category"
        },
        "heatmapScoring": {
          "ageFactor": 0.8,
          "significanceFactor": 0.75,
          "confidenceFactor": 1.0,
          "survivalFactor": 0.6,
          "provisionalWeight": 0.36,
          "warning": "The survival factor is provisional until a reviewed condition and integrity survey is completed."
        },
        "datePrecision": "inscribed_year_to_century_end",
        "dateResearchStatus": "completed",
        "dateResearchedAt": "2026-07-29",
        "dateResearchMethod": "Published exact or approximate date from an official designation record, heritage inventory, archaeological survey or published heritage classification."
      }
    },
    {
      "type": "Feature",
      "id": "hes-lb16608",
      "geometry": {
        "type": "Point",
        "coordinates": [
          -3.719745,
          56.068708
        ]
      },
      "properties": {
        "id": "hes-lb16608",
        "projectId": "kincardine-on-forth-scotland",
        "name": "22 Elphinstone Street",
        "alternativeNames": [],
        "countryCode": "GB",
        "nation": "Scotland",
        "region": "Fife",
        "locality": "Kincardine-on-Forth",
        "featureType": "house",
        "designationType": "Listed Building",
        "designationCategory": "C",
        "legacyCategoryLabel": "C(S)",
        "statutoryStatus": "Designated — live verification recommended",
        "designationReference": "LB16608",
        "locationType": "designation_point",
        "locationConfidence": "medium",
        "documentedDateText": "Inscribed 1754; altered in 1960",
        "earliestPossibleYear": 1754,
        "latestPossibleYear": 1960,
        "dateBasis": "documented_date_range",
        "dateConfidence": "high",
        "shortDescription": "Officially designated historic asset. Refresh the linked HES record for current designation details and supplementary description.",
        "fullDescription": "Included as part of the comprehensive Kincardine and Tulliallan statutory inventory. The live HES record remains authoritative.",
        "architectOrDesigner": null,
        "extantStatus": "extant",
        "sourceRecords": [
          {
            "sourceName": "Historic Environment Scotland designation LB16608",
            "sourceOrganisation": "Historic Environment Scotland",
            "sourceRecordId": "LB16608",
            "sourceUrl": "https://portal.historicenvironment.scot/designation/LB16608",
            "accessedAt": "2026-07-29",
            "licence": "Official designation record; HES spatial data is available under the Open Government Licence v3.0.",
            "reliability": "official_statutory",
            "notes": "Refresh current status, category, description and geometry from the live HES designation layer."
          },
          {
            "sourceName": "Tulliallan listed-building coordinate index",
            "sourceOrganisation": "Historic Scotland-derived Open Government Licence index",
            "sourceRecordId": null,
            "sourceUrl": "https://en.wikipedia.org/wiki/List_of_listed_buildings_in_Tulliallan,_Fife",
            "accessedAt": "2026-07-29",
            "licence": "The index states that its addresses and coordinates derive from Historic Scotland data under the Open Government Licence.",
            "reliability": "discovery_only",
            "notes": "Used as a practical coordinate snapshot; refresh against the live HES layer before publication."
          }
        ],
        "licence": "See source records.",
        "tags": [
          "listed building",
          "category C",
          "Historic town and conservation area"
        ],
        "createdAt": "2026-07-29",
        "updatedAt": "2026-07-29",
        "reviewed": true,
        "reviewNotes": null,
        "coverageLevel": "statutory_index",
        "studyAreaSection": "Historic town and conservation area",
        "officialRecordUrl": "https://portal.historicenvironment.scot/designation/LB16608",
        "liveRefreshRecommended": true,
        "geometrySource": {
          "type": "Historic Scotland-derived OGL coordinate index",
          "confidence": "medium",
          "refreshLayer": "HES Listed Buildings by Category"
        },
        "heatmapScoring": {
          "ageFactor": 0.8,
          "significanceFactor": 0.5,
          "confidenceFactor": 1.0,
          "survivalFactor": 0.6,
          "provisionalWeight": 0.24,
          "warning": "The survival factor is provisional until a reviewed condition and integrity survey is completed."
        },
        "datePrecision": "documented_phases",
        "dateResearchStatus": "completed",
        "dateResearchedAt": "2026-07-29",
        "dateResearchMethod": "Published exact or approximate date from an official designation record, heritage inventory, archaeological survey or published heritage classification."
      }
    },
    {
      "type": "Feature",
      "id": "hes-lb16609",
      "geometry": {
        "type": "Point",
        "coordinates": [
          -3.719707,
          56.068214
        ]
      },
      "properties": {
        "id": "hes-lb16609",
        "projectId": "kincardine-on-forth-scotland",
        "name": "20 Excise Street",
        "alternativeNames": [],
        "countryCode": "GB",
        "nation": "Scotland",
        "region": "Fife",
        "locality": "Kincardine-on-Forth",
        "featureType": "house",
        "designationType": "Listed Building",
        "designationCategory": "B",
        "legacyCategoryLabel": null,
        "statutoryStatus": "Designated — live verification recommended",
        "designationReference": "LB16609",
        "locationType": "designation_point",
        "locationConfidence": "medium",
        "documentedDateText": "18th century",
        "earliestPossibleYear": 1700,
        "latestPossibleYear": 1799,
        "dateBasis": "documented_date_range",
        "dateConfidence": "high",
        "shortDescription": "Officially designated historic asset. Refresh the linked HES record for current designation details and supplementary description.",
        "fullDescription": "Included as part of the comprehensive Kincardine and Tulliallan statutory inventory. The live HES record remains authoritative.",
        "architectOrDesigner": null,
        "extantStatus": "extant",
        "sourceRecords": [
          {
            "sourceName": "Historic Environment Scotland designation LB16609",
            "sourceOrganisation": "Historic Environment Scotland",
            "sourceRecordId": "LB16609",
            "sourceUrl": "https://portal.historicenvironment.scot/designation/LB16609",
            "accessedAt": "2026-07-29",
            "licence": "Official designation record; HES spatial data is available under the Open Government Licence v3.0.",
            "reliability": "official_statutory",
            "notes": "Refresh current status, category, description and geometry from the live HES designation layer."
          },
          {
            "sourceName": "Tulliallan listed-building coordinate index",
            "sourceOrganisation": "Historic Scotland-derived Open Government Licence index",
            "sourceRecordId": null,
            "sourceUrl": "https://en.wikipedia.org/wiki/List_of_listed_buildings_in_Tulliallan,_Fife",
            "accessedAt": "2026-07-29",
            "licence": "The index states that its addresses and coordinates derive from Historic Scotland data under the Open Government Licence.",
            "reliability": "discovery_only",
            "notes": "Used as a practical coordinate snapshot; refresh against the live HES layer before publication."
          }
        ],
        "licence": "See source records.",
        "tags": [
          "listed building",
          "category B",
          "Historic town and conservation area"
        ],
        "createdAt": "2026-07-29",
        "updatedAt": "2026-07-29",
        "reviewed": true,
        "reviewNotes": null,
        "coverageLevel": "statutory_index",
        "studyAreaSection": "Historic town and conservation area",
        "officialRecordUrl": "https://portal.historicenvironment.scot/designation/LB16609",
        "liveRefreshRecommended": true,
        "geometrySource": {
          "type": "Historic Scotland-derived OGL coordinate index",
          "confidence": "medium",
          "refreshLayer": "HES Listed Buildings by Category"
        },
        "heatmapScoring": {
          "ageFactor": 0.8,
          "significanceFactor": 0.75,
          "confidenceFactor": 1.0,
          "survivalFactor": 0.6,
          "provisionalWeight": 0.36,
          "warning": "The survival factor is provisional until a reviewed condition and integrity survey is completed."
        },
        "datePrecision": "century_range",
        "dateResearchStatus": "completed",
        "dateResearchedAt": "2026-07-29",
        "dateResearchMethod": "Published exact or approximate date from an official designation record, heritage inventory, archaeological survey or published heritage classification."
      }
    },
    {
      "type": "Feature",
      "id": "hes-lb16610",
      "geometry": {
        "type": "Point",
        "coordinates": [
          -3.719841,
          56.068338
        ]
      },
      "properties": {
        "id": "hes-lb16610",
        "projectId": "kincardine-on-forth-scotland",
        "name": "22 and 24 Excise Street",
        "alternativeNames": [],
        "countryCode": "GB",
        "nation": "Scotland",
        "region": "Fife",
        "locality": "Kincardine-on-Forth",
        "featureType": "house",
        "designationType": "Listed Building",
        "designationCategory": "B",
        "legacyCategoryLabel": null,
        "statutoryStatus": "Designated — live verification recommended",
        "designationReference": "LB16610",
        "locationType": "designation_point",
        "locationConfidence": "medium",
        "documentedDateText": "18th century",
        "earliestPossibleYear": 1700,
        "latestPossibleYear": 1799,
        "dateBasis": "documented_date_range",
        "dateConfidence": "high",
        "shortDescription": "Officially designated historic asset. Refresh the linked HES record for current designation details and supplementary description.",
        "fullDescription": "Included as part of the comprehensive Kincardine and Tulliallan statutory inventory. The live HES record remains authoritative.",
        "architectOrDesigner": null,
        "extantStatus": "extant",
        "sourceRecords": [
          {
            "sourceName": "Historic Environment Scotland designation LB16610",
            "sourceOrganisation": "Historic Environment Scotland",
            "sourceRecordId": "LB16610",
            "sourceUrl": "https://portal.historicenvironment.scot/designation/LB16610",
            "accessedAt": "2026-07-29",
            "licence": "Official designation record; HES spatial data is available under the Open Government Licence v3.0.",
            "reliability": "official_statutory",
            "notes": "Refresh current status, category, description and geometry from the live HES designation layer."
          },
          {
            "sourceName": "Tulliallan listed-building coordinate index",
            "sourceOrganisation": "Historic Scotland-derived Open Government Licence index",
            "sourceRecordId": null,
            "sourceUrl": "https://en.wikipedia.org/wiki/List_of_listed_buildings_in_Tulliallan,_Fife",
            "accessedAt": "2026-07-29",
            "licence": "The index states that its addresses and coordinates derive from Historic Scotland data under the Open Government Licence.",
            "reliability": "discovery_only",
            "notes": "Used as a practical coordinate snapshot; refresh against the live HES layer before publication."
          }
        ],
        "licence": "See source records.",
        "tags": [
          "listed building",
          "category B",
          "Historic town and conservation area"
        ],
        "createdAt": "2026-07-29",
        "updatedAt": "2026-07-29",
        "reviewed": true,
        "reviewNotes": null,
        "coverageLevel": "statutory_index",
        "studyAreaSection": "Historic town and conservation area",
        "officialRecordUrl": "https://portal.historicenvironment.scot/designation/LB16610",
        "liveRefreshRecommended": true,
        "geometrySource": {
          "type": "Historic Scotland-derived OGL coordinate index",
          "confidence": "medium",
          "refreshLayer": "HES Listed Buildings by Category"
        },
        "heatmapScoring": {
          "ageFactor": 0.8,
          "significanceFactor": 0.75,
          "confidenceFactor": 1.0,
          "survivalFactor": 0.6,
          "provisionalWeight": 0.36,
          "warning": "The survival factor is provisional until a reviewed condition and integrity survey is completed."
        },
        "datePrecision": "century_range",
        "dateResearchStatus": "completed",
        "dateResearchedAt": "2026-07-29",
        "dateResearchMethod": "Published exact or approximate date from an official designation record, heritage inventory, archaeological survey or published heritage classification."
      }
    },
    {
      "type": "Feature",
      "id": "hes-lb16624",
      "geometry": {
        "type": "Point",
        "coordinates": [
          -3.718715,
          56.0683
        ]
      },
      "properties": {
        "id": "hes-lb16624",
        "projectId": "kincardine-on-forth-scotland",
        "name": "Commercial Hotel, 2 Elphinstone Street",
        "alternativeNames": [],
        "countryCode": "GB",
        "nation": "Scotland",
        "region": "Fife",
        "locality": "Kincardine-on-Forth",
        "featureType": "hotel_or_inn",
        "designationType": "Listed Building",
        "designationCategory": "B",
        "legacyCategoryLabel": null,
        "statutoryStatus": "Designated — live verification recommended",
        "designationReference": "LB16624",
        "locationType": "designation_point",
        "locationConfidence": "medium",
        "documentedDateText": "Probably late 18th century",
        "earliestPossibleYear": 1775,
        "latestPossibleYear": 1799,
        "dateBasis": "estimated_from_authoritative_source",
        "dateConfidence": "medium",
        "shortDescription": "Officially designated historic asset. Refresh the linked HES record for current designation details and supplementary description.",
        "fullDescription": "Included as part of the comprehensive Kincardine and Tulliallan statutory inventory. The live HES record remains authoritative.",
        "architectOrDesigner": null,
        "extantStatus": "extant",
        "sourceRecords": [
          {
            "sourceName": "Historic Environment Scotland designation LB16624",
            "sourceOrganisation": "Historic Environment Scotland",
            "sourceRecordId": "LB16624",
            "sourceUrl": "https://portal.historicenvironment.scot/designation/LB16624",
            "accessedAt": "2026-07-29",
            "licence": "Official designation record; HES spatial data is available under the Open Government Licence v3.0.",
            "reliability": "official_statutory",
            "notes": "Refresh current status, category, description and geometry from the live HES designation layer."
          },
          {
            "sourceName": "Tulliallan listed-building coordinate index",
            "sourceOrganisation": "Historic Scotland-derived Open Government Licence index",
            "sourceRecordId": null,
            "sourceUrl": "https://en.wikipedia.org/wiki/List_of_listed_buildings_in_Tulliallan,_Fife",
            "accessedAt": "2026-07-29",
            "licence": "The index states that its addresses and coordinates derive from Historic Scotland data under the Open Government Licence.",
            "reliability": "discovery_only",
            "notes": "Used as a practical coordinate snapshot; refresh against the live HES layer before publication."
          }
        ],
        "licence": "See source records.",
        "tags": [
          "listed building",
          "category B",
          "Historic town and conservation area"
        ],
        "createdAt": "2026-07-29",
        "updatedAt": "2026-07-29",
        "reviewed": true,
        "reviewNotes": null,
        "coverageLevel": "statutory_index",
        "studyAreaSection": "Historic town and conservation area",
        "officialRecordUrl": "https://portal.historicenvironment.scot/designation/LB16624",
        "liveRefreshRecommended": true,
        "geometrySource": {
          "type": "Historic Scotland-derived OGL coordinate index",
          "confidence": "medium",
          "refreshLayer": "HES Listed Buildings by Category"
        },
        "heatmapScoring": {
          "ageFactor": 0.8,
          "significanceFactor": 0.75,
          "confidenceFactor": 0.75,
          "survivalFactor": 0.6,
          "provisionalWeight": 0.27,
          "warning": "The survival factor is provisional until a reviewed condition and integrity survey is completed."
        },
        "datePrecision": "quarter_century_range",
        "dateResearchStatus": "completed",
        "dateResearchedAt": "2026-07-29",
        "dateResearchMethod": "Published exact or approximate date from an official designation record, heritage inventory, archaeological survey or published heritage classification."
      }
    },
    {
      "type": "Feature",
      "id": "hes-lb16625",
      "geometry": {
        "type": "Point",
        "coordinates": [
          -3.71832,
          56.06808
        ]
      },
      "properties": {
        "id": "hes-lb16625",
        "projectId": "kincardine-on-forth-scotland",
        "name": "3 and 5 Chapel Street",
        "alternativeNames": [],
        "countryCode": "GB",
        "nation": "Scotland",
        "region": "Fife",
        "locality": "Kincardine-on-Forth",
        "featureType": "church",
        "designationType": "Listed Building",
        "designationCategory": "B",
        "legacyCategoryLabel": null,
        "statutoryStatus": "Designated — live verification recommended",
        "designationReference": "LB16625",
        "locationType": "designation_point",
        "locationConfidence": "medium",
        "documentedDateText": "Door lintel dated 1752",
        "earliestPossibleYear": 1752,
        "latestPossibleYear": 1752,
        "dateBasis": "documented_construction",
        "dateConfidence": "high",
        "shortDescription": "Officially designated historic asset. Refresh the linked HES record for current designation details and supplementary description.",
        "fullDescription": "Included as part of the comprehensive Kincardine and Tulliallan statutory inventory. The live HES record remains authoritative.",
        "architectOrDesigner": null,
        "extantStatus": "extant",
        "sourceRecords": [
          {
            "sourceName": "Historic Environment Scotland designation LB16625",
            "sourceOrganisation": "Historic Environment Scotland",
            "sourceRecordId": "LB16625",
            "sourceUrl": "https://portal.historicenvironment.scot/designation/LB16625",
            "accessedAt": "2026-07-29",
            "licence": "Official designation record; HES spatial data is available under the Open Government Licence v3.0.",
            "reliability": "official_statutory",
            "notes": "Refresh current status, category, description and geometry from the live HES designation layer."
          },
          {
            "sourceName": "Tulliallan listed-building coordinate index",
            "sourceOrganisation": "Historic Scotland-derived Open Government Licence index",
            "sourceRecordId": null,
            "sourceUrl": "https://en.wikipedia.org/wiki/List_of_listed_buildings_in_Tulliallan,_Fife",
            "accessedAt": "2026-07-29",
            "licence": "The index states that its addresses and coordinates derive from Historic Scotland data under the Open Government Licence.",
            "reliability": "discovery_only",
            "notes": "Used as a practical coordinate snapshot; refresh against the live HES layer before publication."
          }
        ],
        "licence": "See source records.",
        "tags": [
          "listed building",
          "category B",
          "Historic town and conservation area"
        ],
        "createdAt": "2026-07-29",
        "updatedAt": "2026-07-29",
        "reviewed": true,
        "reviewNotes": null,
        "coverageLevel": "statutory_index",
        "studyAreaSection": "Historic town and conservation area",
        "officialRecordUrl": "https://portal.historicenvironment.scot/designation/LB16625",
        "liveRefreshRecommended": true,
        "geometrySource": {
          "type": "Historic Scotland-derived OGL coordinate index",
          "confidence": "medium",
          "refreshLayer": "HES Listed Buildings by Category"
        },
        "heatmapScoring": {
          "ageFactor": 0.8,
          "significanceFactor": 0.75,
          "confidenceFactor": 1.0,
          "survivalFactor": 0.6,
          "provisionalWeight": 0.36,
          "warning": "The survival factor is provisional until a reviewed condition and integrity survey is completed."
        },
        "datePrecision": "inscribed_exact_year",
        "dateResearchStatus": "completed",
        "dateResearchedAt": "2026-07-29",
        "dateResearchMethod": "Published exact or approximate date from an official designation record, heritage inventory, archaeological survey or published heritage classification."
      }
    },
    {
      "type": "Feature",
      "id": "hes-lb15047",
      "geometry": {
        "type": "Point",
        "coordinates": [
          -3.722737,
          56.073114
        ]
      },
      "properties": {
        "id": "hes-lb15047",
        "projectId": "kincardine-on-forth-scotland",
        "name": "22–38 Hawkhill Road",
        "alternativeNames": [],
        "countryCode": "GB",
        "nation": "Scotland",
        "region": "Fife",
        "locality": "Kincardine-on-Forth",
        "featureType": "historic_building",
        "designationType": "Listed Building",
        "designationCategory": "C",
        "legacyCategoryLabel": "C(S)",
        "statutoryStatus": "Designated — live verification recommended",
        "designationReference": "LB15047",
        "locationType": "designation_point",
        "locationConfidence": "medium",
        "documentedDateText": "Latter half of the 18th century",
        "earliestPossibleYear": 1750,
        "latestPossibleYear": 1799,
        "dateBasis": "estimated_from_authoritative_source",
        "dateConfidence": "high",
        "shortDescription": "Officially designated historic asset. Refresh the linked HES record for current designation details and supplementary description.",
        "fullDescription": "Included as part of the comprehensive Kincardine and Tulliallan statutory inventory. The live HES record remains authoritative.",
        "architectOrDesigner": null,
        "extantStatus": "extant",
        "sourceRecords": [
          {
            "sourceName": "Historic Environment Scotland designation LB15047",
            "sourceOrganisation": "Historic Environment Scotland",
            "sourceRecordId": "LB15047",
            "sourceUrl": "https://portal.historicenvironment.scot/designation/LB15047",
            "accessedAt": "2026-07-29",
            "licence": "Official designation record; HES spatial data is available under the Open Government Licence v3.0.",
            "reliability": "official_statutory",
            "notes": "Refresh current status, category, description and geometry from the live HES designation layer."
          },
          {
            "sourceName": "Tulliallan listed-building coordinate index",
            "sourceOrganisation": "Historic Scotland-derived Open Government Licence index",
            "sourceRecordId": null,
            "sourceUrl": "https://en.wikipedia.org/wiki/List_of_listed_buildings_in_Tulliallan,_Fife",
            "accessedAt": "2026-07-29",
            "licence": "The index states that its addresses and coordinates derive from Historic Scotland data under the Open Government Licence.",
            "reliability": "discovery_only",
            "notes": "Used as a practical coordinate snapshot; refresh against the live HES layer before publication."
          }
        ],
        "licence": "See source records.",
        "tags": [
          "listed building",
          "category C",
          "Tulliallan policies and church sites"
        ],
        "createdAt": "2026-07-29",
        "updatedAt": "2026-07-29",
        "reviewed": true,
        "reviewNotes": null,
        "coverageLevel": "statutory_index",
        "studyAreaSection": "Tulliallan policies and church sites",
        "officialRecordUrl": "https://portal.historicenvironment.scot/designation/LB15047",
        "liveRefreshRecommended": true,
        "geometrySource": {
          "type": "Historic Scotland-derived OGL coordinate index",
          "confidence": "medium",
          "refreshLayer": "HES Listed Buildings by Category"
        },
        "heatmapScoring": {
          "ageFactor": 0.8,
          "significanceFactor": 0.5,
          "confidenceFactor": 1.0,
          "survivalFactor": 0.6,
          "provisionalWeight": 0.24,
          "warning": "The survival factor is provisional until a reviewed condition and integrity survey is completed."
        },
        "datePrecision": "half_century_range",
        "dateResearchStatus": "completed",
        "dateResearchedAt": "2026-07-29",
        "dateResearchMethod": "Published exact or approximate date from an official designation record, heritage inventory, archaeological survey or published heritage classification."
      }
    },
    {
      "type": "Feature",
      "id": "hes-lb51130",
      "geometry": {
        "type": "Point",
        "coordinates": [
          -3.722405,
          56.067475
        ]
      },
      "properties": {
        "id": "hes-lb51130",
        "projectId": "kincardine-on-forth-scotland",
        "name": "16 Forth Street, Railway Tavern",
        "alternativeNames": [],
        "countryCode": "GB",
        "nation": "Scotland",
        "region": "Fife",
        "locality": "Kincardine-on-Forth",
        "featureType": "hotel_or_inn",
        "designationType": "Listed Building",
        "designationCategory": "C",
        "legacyCategoryLabel": null,
        "statutoryStatus": "Designated — live verification recommended",
        "designationReference": "LB51130",
        "locationType": "designation_point",
        "locationConfidence": "medium",
        "documentedDateText": "Probably mid- to late-19th century, possibly incorporating an earlier pre-1800 drovers' inn",
        "earliestPossibleYear": 1750,
        "latestPossibleYear": 1890,
        "dateBasis": "documented_date_range",
        "dateConfidence": "medium",
        "shortDescription": "A rare surviving small vernacular public house overlooking the Forth and associated with the historic ferry and railway.",
        "fullDescription": "Historic Environment Scotland notes that a drovers' inn may have occupied the site before 1800 and that the North British Railway opened its Kincardine terminal on 18 December 1893.",
        "architectOrDesigner": null,
        "extantStatus": "extant",
        "sourceRecords": [
          {
            "sourceName": "Historic Environment Scotland designation LB51130",
            "sourceOrganisation": "Historic Environment Scotland",
            "sourceRecordId": "LB51130",
            "sourceUrl": "https://portal.historicenvironment.scot/designation/LB51130",
            "accessedAt": "2026-07-29",
            "licence": "Official designation record; HES spatial data is available under the Open Government Licence v3.0.",
            "reliability": "official_statutory",
            "notes": "Manually enriched for this pack."
          },
          {
            "sourceName": "Tulliallan listed-building coordinate index",
            "sourceOrganisation": "Historic Scotland-derived Open Government Licence index",
            "sourceRecordId": null,
            "sourceUrl": "https://en.wikipedia.org/wiki/List_of_listed_buildings_in_Tulliallan,_Fife",
            "accessedAt": "2026-07-29",
            "licence": "The index states that its addresses and coordinates derive from Historic Scotland data under the Open Government Licence.",
            "reliability": "discovery_only",
            "notes": "Used as a practical coordinate snapshot; refresh against the live HES layer before publication."
          }
        ],
        "licence": "See source records.",
        "tags": [
          "listed building",
          "category C",
          "Historic town and conservation area"
        ],
        "createdAt": "2026-07-29",
        "updatedAt": "2026-07-29",
        "reviewed": true,
        "reviewNotes": null,
        "coverageLevel": "detailed",
        "studyAreaSection": "Historic town and conservation area",
        "officialRecordUrl": "https://portal.historicenvironment.scot/designation/LB51130",
        "liveRefreshRecommended": true,
        "geometrySource": {
          "type": "Historic Scotland-derived OGL coordinate index",
          "confidence": "medium",
          "refreshLayer": "HES Listed Buildings by Category"
        },
        "heatmapScoring": {
          "ageFactor": 0.8,
          "significanceFactor": 0.5,
          "confidenceFactor": 0.75,
          "survivalFactor": 0.6,
          "provisionalWeight": 0.18,
          "warning": "The survival factor is provisional until a reviewed condition and integrity survey is completed."
        }
      }
    },
    {
      "type": "Feature",
      "id": "hes-lb16581",
      "geometry": {
        "type": "Point",
        "coordinates": [
          -3.71837,
          56.066319
        ]
      },
      "properties": {
        "id": "hes-lb16581",
        "projectId": "kincardine-on-forth-scotland",
        "name": "Kincardine House, 10 Walker Street",
        "alternativeNames": [],
        "countryCode": "GB",
        "nation": "Scotland",
        "region": "Fife",
        "locality": "Kincardine-on-Forth",
        "featureType": "house",
        "designationType": "Listed Building",
        "designationCategory": "B",
        "legacyCategoryLabel": null,
        "statutoryStatus": "Designated — live verification recommended",
        "designationReference": "LB16581",
        "locationType": "designation_point",
        "locationConfidence": "medium",
        "documentedDateText": "Inscribed building phases dated 1664, 1700 and 1720",
        "earliestPossibleYear": 1664,
        "latestPossibleYear": 1720,
        "dateBasis": "documented_date_range",
        "dateConfidence": "high",
        "shortDescription": "A crowstepped E-plan house recording several late-17th- and early-18th-century building phases.",
        "fullDescription": "Included as part of the comprehensive Kincardine and Tulliallan statutory inventory. The live HES record remains authoritative.",
        "architectOrDesigner": null,
        "extantStatus": "extant",
        "sourceRecords": [
          {
            "sourceName": "Historic Environment Scotland designation LB16581",
            "sourceOrganisation": "Historic Environment Scotland",
            "sourceRecordId": "LB16581",
            "sourceUrl": "https://portal.historicenvironment.scot/designation/LB16581",
            "accessedAt": "2026-07-29",
            "licence": "Official designation record; HES spatial data is available under the Open Government Licence v3.0.",
            "reliability": "official_statutory",
            "notes": "Manually enriched for this pack."
          },
          {
            "sourceName": "Tulliallan listed-building coordinate index",
            "sourceOrganisation": "Historic Scotland-derived Open Government Licence index",
            "sourceRecordId": null,
            "sourceUrl": "https://en.wikipedia.org/wiki/List_of_listed_buildings_in_Tulliallan,_Fife",
            "accessedAt": "2026-07-29",
            "licence": "The index states that its addresses and coordinates derive from Historic Scotland data under the Open Government Licence.",
            "reliability": "discovery_only",
            "notes": "Used as a practical coordinate snapshot; refresh against the live HES layer before publication."
          }
        ],
        "licence": "See source records.",
        "tags": [
          "listed building",
          "category B",
          "Historic town and conservation area"
        ],
        "createdAt": "2026-07-29",
        "updatedAt": "2026-07-29",
        "reviewed": true,
        "reviewNotes": null,
        "coverageLevel": "detailed",
        "studyAreaSection": "Historic town and conservation area",
        "officialRecordUrl": "https://portal.historicenvironment.scot/designation/LB16581",
        "liveRefreshRecommended": true,
        "geometrySource": {
          "type": "Historic Scotland-derived OGL coordinate index",
          "confidence": "medium",
          "refreshLayer": "HES Listed Buildings by Category"
        },
        "heatmapScoring": {
          "ageFactor": 0.9,
          "significanceFactor": 0.75,
          "confidenceFactor": 1.0,
          "survivalFactor": 0.6,
          "provisionalWeight": 0.405,
          "warning": "The survival factor is provisional until a reviewed condition and integrity survey is completed."
        }
      }
    },
    {
      "type": "Feature",
      "id": "hes-lb16583",
      "geometry": {
        "type": "Point",
        "coordinates": [
          -3.722531,
          56.07282
        ]
      },
      "properties": {
        "id": "hes-lb16583",
        "projectId": "kincardine-on-forth-scotland",
        "name": "2–20 Hawkhill Road, all even numbers",
        "alternativeNames": [],
        "countryCode": "GB",
        "nation": "Scotland",
        "region": "Fife",
        "locality": "Kincardine-on-Forth",
        "featureType": "historic_building",
        "designationType": "Listed Building",
        "designationCategory": "C",
        "legacyCategoryLabel": "C(S)",
        "statutoryStatus": "Designated — live verification recommended",
        "designationReference": "LB16583",
        "locationType": "designation_point",
        "locationConfidence": "medium",
        "documentedDateText": "Latter half of the 18th century",
        "earliestPossibleYear": 1750,
        "latestPossibleYear": 1799,
        "dateBasis": "estimated_from_authoritative_source",
        "dateConfidence": "high",
        "shortDescription": "Officially designated historic asset. Refresh the linked HES record for current designation details and supplementary description.",
        "fullDescription": "Included as part of the comprehensive Kincardine and Tulliallan statutory inventory. The live HES record remains authoritative.",
        "architectOrDesigner": null,
        "extantStatus": "extant",
        "sourceRecords": [
          {
            "sourceName": "Historic Environment Scotland designation LB16583",
            "sourceOrganisation": "Historic Environment Scotland",
            "sourceRecordId": "LB16583",
            "sourceUrl": "https://portal.historicenvironment.scot/designation/LB16583",
            "accessedAt": "2026-07-29",
            "licence": "Official designation record; HES spatial data is available under the Open Government Licence v3.0.",
            "reliability": "official_statutory",
            "notes": "Refresh current status, category, description and geometry from the live HES designation layer."
          },
          {
            "sourceName": "Tulliallan listed-building coordinate index",
            "sourceOrganisation": "Historic Scotland-derived Open Government Licence index",
            "sourceRecordId": null,
            "sourceUrl": "https://en.wikipedia.org/wiki/List_of_listed_buildings_in_Tulliallan,_Fife",
            "accessedAt": "2026-07-29",
            "licence": "The index states that its addresses and coordinates derive from Historic Scotland data under the Open Government Licence.",
            "reliability": "discovery_only",
            "notes": "Used as a practical coordinate snapshot; refresh against the live HES layer before publication."
          }
        ],
        "licence": "See source records.",
        "tags": [
          "listed building",
          "category C",
          "Tulliallan policies and church sites"
        ],
        "createdAt": "2026-07-29",
        "updatedAt": "2026-07-29",
        "reviewed": true,
        "reviewNotes": null,
        "coverageLevel": "statutory_index",
        "studyAreaSection": "Tulliallan policies and church sites",
        "officialRecordUrl": "https://portal.historicenvironment.scot/designation/LB16583",
        "liveRefreshRecommended": true,
        "geometrySource": {
          "type": "Historic Scotland-derived OGL coordinate index",
          "confidence": "medium",
          "refreshLayer": "HES Listed Buildings by Category"
        },
        "heatmapScoring": {
          "ageFactor": 0.8,
          "significanceFactor": 0.5,
          "confidenceFactor": 1.0,
          "survivalFactor": 0.6,
          "provisionalWeight": 0.24,
          "warning": "The survival factor is provisional until a reviewed condition and integrity survey is completed."
        },
        "datePrecision": "half_century_range",
        "dateResearchStatus": "completed",
        "dateResearchedAt": "2026-07-29",
        "dateResearchMethod": "Published exact or approximate date from an official designation record, heritage inventory, archaeological survey or published heritage classification."
      }
    },
    {
      "type": "Feature",
      "id": "hes-lb16592",
      "geometry": {
        "type": "Point",
        "coordinates": [
          -3.717682,
          56.068566
        ]
      },
      "properties": {
        "id": "hes-lb16592",
        "projectId": "kincardine-on-forth-scotland",
        "name": "28 High Street, in wynd",
        "alternativeNames": [],
        "countryCode": "GB",
        "nation": "Scotland",
        "region": "Fife",
        "locality": "Kincardine-on-Forth",
        "featureType": "house",
        "designationType": "Listed Building",
        "designationCategory": "C",
        "legacyCategoryLabel": "C(S)",
        "statutoryStatus": "Designated — live verification recommended",
        "designationReference": "LB16592",
        "locationType": "designation_point",
        "locationConfidence": "medium",
        "documentedDateText": "18th century",
        "earliestPossibleYear": 1700,
        "latestPossibleYear": 1799,
        "dateBasis": "documented_date_range",
        "dateConfidence": "high",
        "shortDescription": "Officially designated historic asset. Refresh the linked HES record for current designation details and supplementary description.",
        "fullDescription": "Included as part of the comprehensive Kincardine and Tulliallan statutory inventory. The live HES record remains authoritative.",
        "architectOrDesigner": null,
        "extantStatus": "extant",
        "sourceRecords": [
          {
            "sourceName": "Historic Environment Scotland designation LB16592",
            "sourceOrganisation": "Historic Environment Scotland",
            "sourceRecordId": "LB16592",
            "sourceUrl": "https://portal.historicenvironment.scot/designation/LB16592",
            "accessedAt": "2026-07-29",
            "licence": "Official designation record; HES spatial data is available under the Open Government Licence v3.0.",
            "reliability": "official_statutory",
            "notes": "Refresh current status, category, description and geometry from the live HES designation layer."
          },
          {
            "sourceName": "Tulliallan listed-building coordinate index",
            "sourceOrganisation": "Historic Scotland-derived Open Government Licence index",
            "sourceRecordId": null,
            "sourceUrl": "https://en.wikipedia.org/wiki/List_of_listed_buildings_in_Tulliallan,_Fife",
            "accessedAt": "2026-07-29",
            "licence": "The index states that its addresses and coordinates derive from Historic Scotland data under the Open Government Licence.",
            "reliability": "discovery_only",
            "notes": "Used as a practical coordinate snapshot; refresh against the live HES layer before publication."
          }
        ],
        "licence": "See source records.",
        "tags": [
          "listed building",
          "category C",
          "Historic town and conservation area"
        ],
        "createdAt": "2026-07-29",
        "updatedAt": "2026-07-29",
        "reviewed": true,
        "reviewNotes": null,
        "coverageLevel": "statutory_index",
        "studyAreaSection": "Historic town and conservation area",
        "officialRecordUrl": "https://portal.historicenvironment.scot/designation/LB16592",
        "liveRefreshRecommended": true,
        "geometrySource": {
          "type": "Historic Scotland-derived OGL coordinate index",
          "confidence": "medium",
          "refreshLayer": "HES Listed Buildings by Category"
        },
        "heatmapScoring": {
          "ageFactor": 0.8,
          "significanceFactor": 0.5,
          "confidenceFactor": 1.0,
          "survivalFactor": 0.6,
          "provisionalWeight": 0.24,
          "warning": "The survival factor is provisional until a reviewed condition and integrity survey is completed."
        },
        "datePrecision": "century_range",
        "dateResearchStatus": "completed",
        "dateResearchedAt": "2026-07-29",
        "dateResearchMethod": "Published exact or approximate date from an official designation record, heritage inventory, archaeological survey or published heritage classification."
      }
    },
    {
      "type": "Feature",
      "id": "hes-lb16593",
      "geometry": {
        "type": "Point",
        "coordinates": [
          -3.717765,
          56.068618
        ]
      },
      "properties": {
        "id": "hes-lb16593",
        "projectId": "kincardine-on-forth-scotland",
        "name": "30 High Street",
        "alternativeNames": [],
        "countryCode": "GB",
        "nation": "Scotland",
        "region": "Fife",
        "locality": "Kincardine-on-Forth",
        "featureType": "house",
        "designationType": "Listed Building",
        "designationCategory": "B",
        "legacyCategoryLabel": null,
        "statutoryStatus": "Designated — live verification recommended",
        "designationReference": "LB16593",
        "locationType": "designation_point",
        "locationConfidence": "medium",
        "documentedDateText": "Probably early 18th century",
        "earliestPossibleYear": 1700,
        "latestPossibleYear": 1725,
        "dateBasis": "estimated_from_authoritative_source",
        "dateConfidence": "medium",
        "shortDescription": "Officially designated historic asset. Refresh the linked HES record for current designation details and supplementary description.",
        "fullDescription": "Included as part of the comprehensive Kincardine and Tulliallan statutory inventory. The live HES record remains authoritative.",
        "architectOrDesigner": null,
        "extantStatus": "extant",
        "sourceRecords": [
          {
            "sourceName": "Historic Environment Scotland designation LB16593",
            "sourceOrganisation": "Historic Environment Scotland",
            "sourceRecordId": "LB16593",
            "sourceUrl": "https://portal.historicenvironment.scot/designation/LB16593",
            "accessedAt": "2026-07-29",
            "licence": "Official designation record; HES spatial data is available under the Open Government Licence v3.0.",
            "reliability": "official_statutory",
            "notes": "Refresh current status, category, description and geometry from the live HES designation layer."
          },
          {
            "sourceName": "Tulliallan listed-building coordinate index",
            "sourceOrganisation": "Historic Scotland-derived Open Government Licence index",
            "sourceRecordId": null,
            "sourceUrl": "https://en.wikipedia.org/wiki/List_of_listed_buildings_in_Tulliallan,_Fife",
            "accessedAt": "2026-07-29",
            "licence": "The index states that its addresses and coordinates derive from Historic Scotland data under the Open Government Licence.",
            "reliability": "discovery_only",
            "notes": "Used as a practical coordinate snapshot; refresh against the live HES layer before publication."
          }
        ],
        "licence": "See source records.",
        "tags": [
          "listed building",
          "category B",
          "Historic town and conservation area"
        ],
        "createdAt": "2026-07-29",
        "updatedAt": "2026-07-29",
        "reviewed": true,
        "reviewNotes": null,
        "coverageLevel": "statutory_index",
        "studyAreaSection": "Historic town and conservation area",
        "officialRecordUrl": "https://portal.historicenvironment.scot/designation/LB16593",
        "liveRefreshRecommended": true,
        "geometrySource": {
          "type": "Historic Scotland-derived OGL coordinate index",
          "confidence": "medium",
          "refreshLayer": "HES Listed Buildings by Category"
        },
        "heatmapScoring": {
          "ageFactor": 0.8,
          "significanceFactor": 0.75,
          "confidenceFactor": 0.75,
          "survivalFactor": 0.6,
          "provisionalWeight": 0.27,
          "warning": "The survival factor is provisional until a reviewed condition and integrity survey is completed."
        },
        "datePrecision": "quarter_century_range",
        "dateResearchStatus": "completed",
        "dateResearchedAt": "2026-07-29",
        "dateResearchMethod": "Published exact or approximate date from an official designation record, heritage inventory, archaeological survey or published heritage classification."
      }
    },
    {
      "type": "Feature",
      "id": "hes-lb16604",
      "geometry": {
        "type": "Point",
        "coordinates": [
          -3.717168,
          56.068923
        ]
      },
      "properties": {
        "id": "hes-lb16604",
        "projectId": "kincardine-on-forth-scotland",
        "name": "44 High Street",
        "alternativeNames": [],
        "countryCode": "GB",
        "nation": "Scotland",
        "region": "Fife",
        "locality": "Kincardine-on-Forth",
        "featureType": "house",
        "designationType": "Listed Building",
        "designationCategory": "C",
        "legacyCategoryLabel": "C(S)",
        "statutoryStatus": "Designated — live verification recommended",
        "designationReference": "LB16604",
        "locationType": "designation_point",
        "locationConfidence": "medium",
        "documentedDateText": "19th century",
        "earliestPossibleYear": 1800,
        "latestPossibleYear": 1899,
        "dateBasis": "documented_date_range",
        "dateConfidence": "medium",
        "shortDescription": "Officially designated historic asset. Refresh the linked HES record for current designation details and supplementary description.",
        "fullDescription": "Included as part of the comprehensive Kincardine and Tulliallan statutory inventory. The live HES record remains authoritative.",
        "architectOrDesigner": null,
        "extantStatus": "extant",
        "sourceRecords": [
          {
            "sourceName": "Historic Environment Scotland designation LB16604",
            "sourceOrganisation": "Historic Environment Scotland",
            "sourceRecordId": "LB16604",
            "sourceUrl": "https://portal.historicenvironment.scot/designation/LB16604",
            "accessedAt": "2026-07-29",
            "licence": "Official designation record; HES spatial data is available under the Open Government Licence v3.0.",
            "reliability": "official_statutory",
            "notes": "Refresh current status, category, description and geometry from the live HES designation layer."
          },
          {
            "sourceName": "Tulliallan listed-building coordinate index",
            "sourceOrganisation": "Historic Scotland-derived Open Government Licence index",
            "sourceRecordId": null,
            "sourceUrl": "https://en.wikipedia.org/wiki/List_of_listed_buildings_in_Tulliallan,_Fife",
            "accessedAt": "2026-07-29",
            "licence": "The index states that its addresses and coordinates derive from Historic Scotland data under the Open Government Licence.",
            "reliability": "discovery_only",
            "notes": "Used as a practical coordinate snapshot; refresh against the live HES layer before publication."
          }
        ],
        "licence": "See source records.",
        "tags": [
          "listed building",
          "category C",
          "Historic town and conservation area"
        ],
        "createdAt": "2026-07-29",
        "updatedAt": "2026-07-29",
        "reviewed": true,
        "reviewNotes": null,
        "coverageLevel": "statutory_index",
        "studyAreaSection": "Historic town and conservation area",
        "officialRecordUrl": "https://portal.historicenvironment.scot/designation/LB16604",
        "liveRefreshRecommended": true,
        "geometrySource": {
          "type": "Historic Scotland-derived OGL coordinate index",
          "confidence": "medium",
          "refreshLayer": "HES Listed Buildings by Category"
        },
        "heatmapScoring": {
          "ageFactor": 0.7,
          "significanceFactor": 0.5,
          "confidenceFactor": 0.75,
          "survivalFactor": 0.6,
          "provisionalWeight": 0.1575,
          "warning": "The survival factor is provisional until a reviewed condition and integrity survey is completed."
        },
        "datePrecision": "century_range",
        "dateResearchStatus": "completed",
        "dateResearchedAt": "2026-07-29",
        "dateResearchMethod": "Published exact or approximate date from an official designation record, heritage inventory, archaeological survey or published heritage classification."
      }
    },
    {
      "type": "Feature",
      "id": "hes-lb16606",
      "geometry": {
        "type": "Point",
        "coordinates": [
          -3.719438,
          56.068317
        ]
      },
      "properties": {
        "id": "hes-lb16606",
        "projectId": "kincardine-on-forth-scotland",
        "name": "11–17 Elphinstone Street",
        "alternativeNames": [],
        "countryCode": "GB",
        "nation": "Scotland",
        "region": "Fife",
        "locality": "Kincardine-on-Forth",
        "featureType": "house",
        "designationType": "Listed Building",
        "designationCategory": "C",
        "legacyCategoryLabel": "C(S)",
        "statutoryStatus": "Designated — live verification recommended",
        "designationReference": "LB16606",
        "locationType": "designation_point",
        "locationConfidence": "medium",
        "documentedDateText": "18th century",
        "earliestPossibleYear": 1700,
        "latestPossibleYear": 1799,
        "dateBasis": "documented_date_range",
        "dateConfidence": "high",
        "shortDescription": "Officially designated historic asset. Refresh the linked HES record for current designation details and supplementary description.",
        "fullDescription": "Included as part of the comprehensive Kincardine and Tulliallan statutory inventory. The live HES record remains authoritative.",
        "architectOrDesigner": null,
        "extantStatus": "extant",
        "sourceRecords": [
          {
            "sourceName": "Historic Environment Scotland designation LB16606",
            "sourceOrganisation": "Historic Environment Scotland",
            "sourceRecordId": "LB16606",
            "sourceUrl": "https://portal.historicenvironment.scot/designation/LB16606",
            "accessedAt": "2026-07-29",
            "licence": "Official designation record; HES spatial data is available under the Open Government Licence v3.0.",
            "reliability": "official_statutory",
            "notes": "Refresh current status, category, description and geometry from the live HES designation layer."
          },
          {
            "sourceName": "Tulliallan listed-building coordinate index",
            "sourceOrganisation": "Historic Scotland-derived Open Government Licence index",
            "sourceRecordId": null,
            "sourceUrl": "https://en.wikipedia.org/wiki/List_of_listed_buildings_in_Tulliallan,_Fife",
            "accessedAt": "2026-07-29",
            "licence": "The index states that its addresses and coordinates derive from Historic Scotland data under the Open Government Licence.",
            "reliability": "discovery_only",
            "notes": "Used as a practical coordinate snapshot; refresh against the live HES layer before publication."
          }
        ],
        "licence": "See source records.",
        "tags": [
          "listed building",
          "category C",
          "Historic town and conservation area"
        ],
        "createdAt": "2026-07-29",
        "updatedAt": "2026-07-29",
        "reviewed": true,
        "reviewNotes": null,
        "coverageLevel": "statutory_index",
        "studyAreaSection": "Historic town and conservation area",
        "officialRecordUrl": "https://portal.historicenvironment.scot/designation/LB16606",
        "liveRefreshRecommended": true,
        "geometrySource": {
          "type": "Historic Scotland-derived OGL coordinate index",
          "confidence": "medium",
          "refreshLayer": "HES Listed Buildings by Category"
        },
        "heatmapScoring": {
          "ageFactor": 0.8,
          "significanceFactor": 0.5,
          "confidenceFactor": 1.0,
          "survivalFactor": 0.6,
          "provisionalWeight": 0.24,
          "warning": "The survival factor is provisional until a reviewed condition and integrity survey is completed."
        },
        "datePrecision": "century_range",
        "dateResearchStatus": "completed",
        "dateResearchedAt": "2026-07-29",
        "dateResearchMethod": "Published exact or approximate date from an official designation record, heritage inventory, archaeological survey or published heritage classification."
      }
    },
    {
      "type": "Feature",
      "id": "hes-lb16607",
      "geometry": {
        "type": "Point",
        "coordinates": [
          -3.719255,
          56.068535
        ]
      },
      "properties": {
        "id": "hes-lb16607",
        "projectId": "kincardine-on-forth-scotland",
        "name": "Masonic Hall, Lodge Tulliallan No 598, 8 and 10 Elphinstone Street",
        "alternativeNames": [],
        "countryCode": "GB",
        "nation": "Scotland",
        "region": "Fife",
        "locality": "Kincardine-on-Forth",
        "featureType": "hall",
        "designationType": "Listed Building",
        "designationCategory": "C",
        "legacyCategoryLabel": "C(S)",
        "statutoryStatus": "Designated — live verification recommended",
        "designationReference": "LB16607",
        "locationType": "designation_point",
        "locationConfidence": "medium",
        "documentedDateText": "19th century",
        "earliestPossibleYear": 1800,
        "latestPossibleYear": 1899,
        "dateBasis": "documented_date_range",
        "dateConfidence": "medium",
        "shortDescription": "Officially designated historic asset. Refresh the linked HES record for current designation details and supplementary description.",
        "fullDescription": "Included as part of the comprehensive Kincardine and Tulliallan statutory inventory. The live HES record remains authoritative.",
        "architectOrDesigner": null,
        "extantStatus": "extant",
        "sourceRecords": [
          {
            "sourceName": "Historic Environment Scotland designation LB16607",
            "sourceOrganisation": "Historic Environment Scotland",
            "sourceRecordId": "LB16607",
            "sourceUrl": "https://portal.historicenvironment.scot/designation/LB16607",
            "accessedAt": "2026-07-29",
            "licence": "Official designation record; HES spatial data is available under the Open Government Licence v3.0.",
            "reliability": "official_statutory",
            "notes": "Refresh current status, category, description and geometry from the live HES designation layer."
          },
          {
            "sourceName": "Tulliallan listed-building coordinate index",
            "sourceOrganisation": "Historic Scotland-derived Open Government Licence index",
            "sourceRecordId": null,
            "sourceUrl": "https://en.wikipedia.org/wiki/List_of_listed_buildings_in_Tulliallan,_Fife",
            "accessedAt": "2026-07-29",
            "licence": "The index states that its addresses and coordinates derive from Historic Scotland data under the Open Government Licence.",
            "reliability": "discovery_only",
            "notes": "Used as a practical coordinate snapshot; refresh against the live HES layer before publication."
          }
        ],
        "licence": "See source records.",
        "tags": [
          "listed building",
          "category C",
          "Historic town and conservation area"
        ],
        "createdAt": "2026-07-29",
        "updatedAt": "2026-07-29",
        "reviewed": true,
        "reviewNotes": null,
        "coverageLevel": "statutory_index",
        "studyAreaSection": "Historic town and conservation area",
        "officialRecordUrl": "https://portal.historicenvironment.scot/designation/LB16607",
        "liveRefreshRecommended": true,
        "geometrySource": {
          "type": "Historic Scotland-derived OGL coordinate index",
          "confidence": "medium",
          "refreshLayer": "HES Listed Buildings by Category"
        },
        "heatmapScoring": {
          "ageFactor": 0.7,
          "significanceFactor": 0.5,
          "confidenceFactor": 0.75,
          "survivalFactor": 0.6,
          "provisionalWeight": 0.1575,
          "warning": "The survival factor is provisional until a reviewed condition and integrity survey is completed."
        },
        "datePrecision": "century_range",
        "dateResearchStatus": "completed",
        "dateResearchedAt": "2026-07-29",
        "dateResearchMethod": "Published exact or approximate date from an official designation record, heritage inventory, archaeological survey or published heritage classification."
      }
    },
    {
      "type": "Feature",
      "id": "hes-lb16611",
      "geometry": {
        "type": "Point",
        "coordinates": [
          -3.720282,
          56.068493
        ]
      },
      "properties": {
        "id": "hes-lb16611",
        "projectId": "kincardine-on-forth-scotland",
        "name": "17 and 19 Excise Street",
        "alternativeNames": [],
        "countryCode": "GB",
        "nation": "Scotland",
        "region": "Fife",
        "locality": "Kincardine-on-Forth",
        "featureType": "house",
        "designationType": "Listed Building",
        "designationCategory": "C",
        "legacyCategoryLabel": "C(S)",
        "statutoryStatus": "Designated — live verification recommended",
        "designationReference": "LB16611",
        "locationType": "designation_point",
        "locationConfidence": "medium",
        "documentedDateText": "18th century",
        "earliestPossibleYear": 1700,
        "latestPossibleYear": 1799,
        "dateBasis": "documented_date_range",
        "dateConfidence": "high",
        "shortDescription": "Officially designated historic asset. Refresh the linked HES record for current designation details and supplementary description.",
        "fullDescription": "Included as part of the comprehensive Kincardine and Tulliallan statutory inventory. The live HES record remains authoritative.",
        "architectOrDesigner": null,
        "extantStatus": "extant",
        "sourceRecords": [
          {
            "sourceName": "Historic Environment Scotland designation LB16611",
            "sourceOrganisation": "Historic Environment Scotland",
            "sourceRecordId": "LB16611",
            "sourceUrl": "https://portal.historicenvironment.scot/designation/LB16611",
            "accessedAt": "2026-07-29",
            "licence": "Official designation record; HES spatial data is available under the Open Government Licence v3.0.",
            "reliability": "official_statutory",
            "notes": "Refresh current status, category, description and geometry from the live HES designation layer."
          },
          {
            "sourceName": "Tulliallan listed-building coordinate index",
            "sourceOrganisation": "Historic Scotland-derived Open Government Licence index",
            "sourceRecordId": null,
            "sourceUrl": "https://en.wikipedia.org/wiki/List_of_listed_buildings_in_Tulliallan,_Fife",
            "accessedAt": "2026-07-29",
            "licence": "The index states that its addresses and coordinates derive from Historic Scotland data under the Open Government Licence.",
            "reliability": "discovery_only",
            "notes": "Used as a practical coordinate snapshot; refresh against the live HES layer before publication."
          }
        ],
        "licence": "See source records.",
        "tags": [
          "listed building",
          "category C",
          "Historic town and conservation area"
        ],
        "createdAt": "2026-07-29",
        "updatedAt": "2026-07-29",
        "reviewed": true,
        "reviewNotes": null,
        "coverageLevel": "statutory_index",
        "studyAreaSection": "Historic town and conservation area",
        "officialRecordUrl": "https://portal.historicenvironment.scot/designation/LB16611",
        "liveRefreshRecommended": true,
        "geometrySource": {
          "type": "Historic Scotland-derived OGL coordinate index",
          "confidence": "medium",
          "refreshLayer": "HES Listed Buildings by Category"
        },
        "heatmapScoring": {
          "ageFactor": 0.8,
          "significanceFactor": 0.5,
          "confidenceFactor": 1.0,
          "survivalFactor": 0.6,
          "provisionalWeight": 0.24,
          "warning": "The survival factor is provisional until a reviewed condition and integrity survey is completed."
        },
        "datePrecision": "century_range",
        "dateResearchStatus": "completed",
        "dateResearchedAt": "2026-07-29",
        "dateResearchMethod": "Published exact or approximate date from an official designation record, heritage inventory, archaeological survey or published heritage classification."
      }
    },
    {
      "type": "Feature",
      "id": "hes-lb16622",
      "geometry": {
        "type": "Point",
        "coordinates": [
          -3.716551,
          56.069848
        ]
      },
      "properties": {
        "id": "hes-lb16622",
        "projectId": "kincardine-on-forth-scotland",
        "name": "18, 18A and 20 Kirk Street",
        "alternativeNames": [],
        "countryCode": "GB",
        "nation": "Scotland",
        "region": "Fife",
        "locality": "Kincardine-on-Forth",
        "featureType": "house",
        "designationType": "Listed Building",
        "designationCategory": "B",
        "legacyCategoryLabel": null,
        "statutoryStatus": "Designated — live verification recommended",
        "designationReference": "LB16622",
        "locationType": "designation_point",
        "locationConfidence": "medium",
        "documentedDateText": "18th century",
        "earliestPossibleYear": 1700,
        "latestPossibleYear": 1799,
        "dateBasis": "documented_date_range",
        "dateConfidence": "high",
        "shortDescription": "Officially designated historic asset. Refresh the linked HES record for current designation details and supplementary description.",
        "fullDescription": "Included as part of the comprehensive Kincardine and Tulliallan statutory inventory. The live HES record remains authoritative.",
        "architectOrDesigner": null,
        "extantStatus": "extant",
        "sourceRecords": [
          {
            "sourceName": "Historic Environment Scotland designation LB16622",
            "sourceOrganisation": "Historic Environment Scotland",
            "sourceRecordId": "LB16622",
            "sourceUrl": "https://portal.historicenvironment.scot/designation/LB16622",
            "accessedAt": "2026-07-29",
            "licence": "Official designation record; HES spatial data is available under the Open Government Licence v3.0.",
            "reliability": "official_statutory",
            "notes": "Refresh current status, category, description and geometry from the live HES designation layer."
          },
          {
            "sourceName": "Tulliallan listed-building coordinate index",
            "sourceOrganisation": "Historic Scotland-derived Open Government Licence index",
            "sourceRecordId": null,
            "sourceUrl": "https://en.wikipedia.org/wiki/List_of_listed_buildings_in_Tulliallan,_Fife",
            "accessedAt": "2026-07-29",
            "licence": "The index states that its addresses and coordinates derive from Historic Scotland data under the Open Government Licence.",
            "reliability": "discovery_only",
            "notes": "Used as a practical coordinate snapshot; refresh against the live HES layer before publication."
          }
        ],
        "licence": "See source records.",
        "tags": [
          "listed building",
          "category B",
          "Historic town and conservation area"
        ],
        "createdAt": "2026-07-29",
        "updatedAt": "2026-07-29",
        "reviewed": true,
        "reviewNotes": null,
        "coverageLevel": "statutory_index",
        "studyAreaSection": "Historic town and conservation area",
        "officialRecordUrl": "https://portal.historicenvironment.scot/designation/LB16622",
        "liveRefreshRecommended": true,
        "geometrySource": {
          "type": "Historic Scotland-derived OGL coordinate index",
          "confidence": "medium",
          "refreshLayer": "HES Listed Buildings by Category"
        },
        "heatmapScoring": {
          "ageFactor": 0.8,
          "significanceFactor": 0.75,
          "confidenceFactor": 1.0,
          "survivalFactor": 0.6,
          "provisionalWeight": 0.36,
          "warning": "The survival factor is provisional until a reviewed condition and integrity survey is completed."
        },
        "datePrecision": "century_range",
        "dateResearchStatus": "completed",
        "dateResearchedAt": "2026-07-29",
        "dateResearchMethod": "Published exact or approximate date from an official designation record, heritage inventory, archaeological survey or published heritage classification."
      }
    },
    {
      "type": "Feature",
      "id": "hes-lb16623",
      "geometry": {
        "type": "Point",
        "coordinates": [
          -3.71837,
          56.068484
        ]
      },
      "properties": {
        "id": "hes-lb16623",
        "projectId": "kincardine-on-forth-scotland",
        "name": "Kincardine Market Cross, High Street",
        "alternativeNames": [],
        "countryCode": "GB",
        "nation": "Scotland",
        "region": "Fife",
        "locality": "Kincardine-on-Forth",
        "featureType": "monument",
        "designationType": "Listed Building",
        "designationCategory": "B",
        "legacyCategoryLabel": null,
        "statutoryStatus": "Designated — live verification recommended",
        "designationReference": "LB16623",
        "locationType": "designation_point",
        "locationConfidence": "medium",
        "documentedDateText": "17th century",
        "earliestPossibleYear": 1600,
        "latestPossibleYear": 1699,
        "dateBasis": "documented_date_range",
        "dateConfidence": "high",
        "shortDescription": "The burgh's historic market cross, with an octagonal shaft set on six steps.",
        "fullDescription": "Included as part of the comprehensive Kincardine and Tulliallan statutory inventory. The live HES record remains authoritative.",
        "architectOrDesigner": null,
        "extantStatus": "extant",
        "sourceRecords": [
          {
            "sourceName": "Historic Environment Scotland designation LB16623",
            "sourceOrganisation": "Historic Environment Scotland",
            "sourceRecordId": "LB16623",
            "sourceUrl": "https://portal.historicenvironment.scot/designation/LB16623",
            "accessedAt": "2026-07-29",
            "licence": "Official designation record; HES spatial data is available under the Open Government Licence v3.0.",
            "reliability": "official_statutory",
            "notes": "Manually enriched for this pack."
          },
          {
            "sourceName": "Tulliallan listed-building coordinate index",
            "sourceOrganisation": "Historic Scotland-derived Open Government Licence index",
            "sourceRecordId": null,
            "sourceUrl": "https://en.wikipedia.org/wiki/List_of_listed_buildings_in_Tulliallan,_Fife",
            "accessedAt": "2026-07-29",
            "licence": "The index states that its addresses and coordinates derive from Historic Scotland data under the Open Government Licence.",
            "reliability": "discovery_only",
            "notes": "Used as a practical coordinate snapshot; refresh against the live HES layer before publication."
          }
        ],
        "licence": "See source records.",
        "tags": [
          "listed building",
          "category B",
          "Historic town and conservation area"
        ],
        "createdAt": "2026-07-29",
        "updatedAt": "2026-07-29",
        "reviewed": true,
        "reviewNotes": null,
        "coverageLevel": "detailed",
        "studyAreaSection": "Historic town and conservation area",
        "officialRecordUrl": "https://portal.historicenvironment.scot/designation/LB16623",
        "liveRefreshRecommended": true,
        "geometrySource": {
          "type": "Historic Scotland-derived OGL coordinate index",
          "confidence": "medium",
          "refreshLayer": "HES Listed Buildings by Category"
        },
        "heatmapScoring": {
          "ageFactor": 0.9,
          "significanceFactor": 0.75,
          "confidenceFactor": 1.0,
          "survivalFactor": 0.6,
          "provisionalWeight": 0.405,
          "warning": "The survival factor is provisional until a reviewed condition and integrity survey is completed."
        }
      }
    },
    {
      "type": "Feature",
      "id": "hes-lb16580",
      "geometry": {
        "type": "Point",
        "coordinates": [
          -3.720935,
          56.066939
        ]
      },
      "properties": {
        "id": "hes-lb16580",
        "projectId": "kincardine-on-forth-scotland",
        "name": "42 and 48 Grangeview, Keith Street",
        "alternativeNames": [],
        "countryCode": "GB",
        "nation": "Scotland",
        "region": "Fife",
        "locality": "Kincardine-on-Forth",
        "featureType": "house",
        "designationType": "Listed Building",
        "designationCategory": "C",
        "legacyCategoryLabel": "C(S)",
        "statutoryStatus": "Designated — live verification recommended",
        "designationReference": "LB16580",
        "locationType": "designation_point",
        "locationConfidence": "medium",
        "documentedDateText": "Late 18th century",
        "earliestPossibleYear": 1775,
        "latestPossibleYear": 1799,
        "dateBasis": "estimated_from_authoritative_source",
        "dateConfidence": "high",
        "shortDescription": "Officially designated historic asset. Refresh the linked HES record for current designation details and supplementary description.",
        "fullDescription": "Included as part of the comprehensive Kincardine and Tulliallan statutory inventory. The live HES record remains authoritative.",
        "architectOrDesigner": null,
        "extantStatus": "extant",
        "sourceRecords": [
          {
            "sourceName": "Historic Environment Scotland designation LB16580",
            "sourceOrganisation": "Historic Environment Scotland",
            "sourceRecordId": "LB16580",
            "sourceUrl": "https://portal.historicenvironment.scot/designation/LB16580",
            "accessedAt": "2026-07-29",
            "licence": "Official designation record; HES spatial data is available under the Open Government Licence v3.0.",
            "reliability": "official_statutory",
            "notes": "Refresh current status, category, description and geometry from the live HES designation layer."
          },
          {
            "sourceName": "Tulliallan listed-building coordinate index",
            "sourceOrganisation": "Historic Scotland-derived Open Government Licence index",
            "sourceRecordId": null,
            "sourceUrl": "https://en.wikipedia.org/wiki/List_of_listed_buildings_in_Tulliallan,_Fife",
            "accessedAt": "2026-07-29",
            "licence": "The index states that its addresses and coordinates derive from Historic Scotland data under the Open Government Licence.",
            "reliability": "discovery_only",
            "notes": "Used as a practical coordinate snapshot; refresh against the live HES layer before publication."
          }
        ],
        "licence": "See source records.",
        "tags": [
          "listed building",
          "category C",
          "Historic town and conservation area"
        ],
        "createdAt": "2026-07-29",
        "updatedAt": "2026-07-29",
        "reviewed": true,
        "reviewNotes": null,
        "coverageLevel": "statutory_index",
        "studyAreaSection": "Historic town and conservation area",
        "officialRecordUrl": "https://portal.historicenvironment.scot/designation/LB16580",
        "liveRefreshRecommended": true,
        "geometrySource": {
          "type": "Historic Scotland-derived OGL coordinate index",
          "confidence": "medium",
          "refreshLayer": "HES Listed Buildings by Category"
        },
        "heatmapScoring": {
          "ageFactor": 0.8,
          "significanceFactor": 0.5,
          "confidenceFactor": 1.0,
          "survivalFactor": 0.6,
          "provisionalWeight": 0.24,
          "warning": "The survival factor is provisional until a reviewed condition and integrity survey is completed."
        },
        "datePrecision": "quarter_century_range",
        "dateResearchStatus": "completed",
        "dateResearchedAt": "2026-07-29",
        "dateResearchMethod": "Published exact or approximate date from an official designation record, heritage inventory, archaeological survey or published heritage classification."
      }
    },
    {
      "type": "Feature",
      "id": "hes-lb16590",
      "geometry": {
        "type": "Point",
        "coordinates": [
          -3.71798,
          56.068391
        ]
      },
      "properties": {
        "id": "hes-lb16590",
        "projectId": "kincardine-on-forth-scotland",
        "name": "12–20 High Street",
        "alternativeNames": [],
        "countryCode": "GB",
        "nation": "Scotland",
        "region": "Fife",
        "locality": "Kincardine-on-Forth",
        "featureType": "house",
        "designationType": "Listed Building",
        "designationCategory": "C",
        "legacyCategoryLabel": "C(S)",
        "statutoryStatus": "Designated — live verification recommended",
        "designationReference": "LB16590",
        "locationType": "designation_point",
        "locationConfidence": "medium",
        "documentedDateText": "19th century",
        "earliestPossibleYear": 1800,
        "latestPossibleYear": 1899,
        "dateBasis": "documented_date_range",
        "dateConfidence": "medium",
        "shortDescription": "Officially designated historic asset. Refresh the linked HES record for current designation details and supplementary description.",
        "fullDescription": "Included as part of the comprehensive Kincardine and Tulliallan statutory inventory. The live HES record remains authoritative.",
        "architectOrDesigner": null,
        "extantStatus": "extant",
        "sourceRecords": [
          {
            "sourceName": "Historic Environment Scotland designation LB16590",
            "sourceOrganisation": "Historic Environment Scotland",
            "sourceRecordId": "LB16590",
            "sourceUrl": "https://portal.historicenvironment.scot/designation/LB16590",
            "accessedAt": "2026-07-29",
            "licence": "Official designation record; HES spatial data is available under the Open Government Licence v3.0.",
            "reliability": "official_statutory",
            "notes": "Refresh current status, category, description and geometry from the live HES designation layer."
          },
          {
            "sourceName": "Tulliallan listed-building coordinate index",
            "sourceOrganisation": "Historic Scotland-derived Open Government Licence index",
            "sourceRecordId": null,
            "sourceUrl": "https://en.wikipedia.org/wiki/List_of_listed_buildings_in_Tulliallan,_Fife",
            "accessedAt": "2026-07-29",
            "licence": "The index states that its addresses and coordinates derive from Historic Scotland data under the Open Government Licence.",
            "reliability": "discovery_only",
            "notes": "Used as a practical coordinate snapshot; refresh against the live HES layer before publication."
          }
        ],
        "licence": "See source records.",
        "tags": [
          "listed building",
          "category C",
          "Historic town and conservation area"
        ],
        "createdAt": "2026-07-29",
        "updatedAt": "2026-07-29",
        "reviewed": true,
        "reviewNotes": null,
        "coverageLevel": "statutory_index",
        "studyAreaSection": "Historic town and conservation area",
        "officialRecordUrl": "https://portal.historicenvironment.scot/designation/LB16590",
        "liveRefreshRecommended": true,
        "geometrySource": {
          "type": "Historic Scotland-derived OGL coordinate index",
          "confidence": "medium",
          "refreshLayer": "HES Listed Buildings by Category"
        },
        "heatmapScoring": {
          "ageFactor": 0.7,
          "significanceFactor": 0.5,
          "confidenceFactor": 0.75,
          "survivalFactor": 0.6,
          "provisionalWeight": 0.1575,
          "warning": "The survival factor is provisional until a reviewed condition and integrity survey is completed."
        },
        "datePrecision": "century_range",
        "dateResearchStatus": "completed",
        "dateResearchedAt": "2026-07-29",
        "dateResearchMethod": "Published exact or approximate date from an official designation record, heritage inventory, archaeological survey or published heritage classification."
      }
    },
    {
      "type": "Feature",
      "id": "hes-lb16598",
      "geometry": {
        "type": "Point",
        "coordinates": [
          -3.721713,
          56.06673
        ]
      },
      "properties": {
        "id": "hes-lb16598",
        "projectId": "kincardine-on-forth-scotland",
        "name": "Ye Olde House, 25 and 26 Forth Street",
        "alternativeNames": [],
        "countryCode": "GB",
        "nation": "Scotland",
        "region": "Fife",
        "locality": "Kincardine-on-Forth",
        "featureType": "house",
        "designationType": "Listed Building",
        "designationCategory": "B",
        "legacyCategoryLabel": null,
        "statutoryStatus": "Designated — live verification recommended",
        "designationReference": "LB16598",
        "locationType": "designation_point",
        "locationConfidence": "medium",
        "documentedDateText": "Early 19th century",
        "earliestPossibleYear": 1800,
        "latestPossibleYear": 1825,
        "dateBasis": "estimated_from_authoritative_source",
        "dateConfidence": "high",
        "shortDescription": "Officially designated historic asset. Refresh the linked HES record for current designation details and supplementary description.",
        "fullDescription": "Included as part of the comprehensive Kincardine and Tulliallan statutory inventory. The live HES record remains authoritative.",
        "architectOrDesigner": null,
        "extantStatus": "extant",
        "sourceRecords": [
          {
            "sourceName": "Historic Environment Scotland designation LB16598",
            "sourceOrganisation": "Historic Environment Scotland",
            "sourceRecordId": "LB16598",
            "sourceUrl": "https://portal.historicenvironment.scot/designation/LB16598",
            "accessedAt": "2026-07-29",
            "licence": "Official designation record; HES spatial data is available under the Open Government Licence v3.0.",
            "reliability": "official_statutory",
            "notes": "Refresh current status, category, description and geometry from the live HES designation layer."
          },
          {
            "sourceName": "Tulliallan listed-building coordinate index",
            "sourceOrganisation": "Historic Scotland-derived Open Government Licence index",
            "sourceRecordId": null,
            "sourceUrl": "https://en.wikipedia.org/wiki/List_of_listed_buildings_in_Tulliallan,_Fife",
            "accessedAt": "2026-07-29",
            "licence": "The index states that its addresses and coordinates derive from Historic Scotland data under the Open Government Licence.",
            "reliability": "discovery_only",
            "notes": "Used as a practical coordinate snapshot; refresh against the live HES layer before publication."
          }
        ],
        "licence": "See source records.",
        "tags": [
          "listed building",
          "category B",
          "Historic town and conservation area"
        ],
        "createdAt": "2026-07-29",
        "updatedAt": "2026-07-29",
        "reviewed": true,
        "reviewNotes": null,
        "coverageLevel": "statutory_index",
        "studyAreaSection": "Historic town and conservation area",
        "officialRecordUrl": "https://portal.historicenvironment.scot/designation/LB16598",
        "liveRefreshRecommended": true,
        "geometrySource": {
          "type": "Historic Scotland-derived OGL coordinate index",
          "confidence": "medium",
          "refreshLayer": "HES Listed Buildings by Category"
        },
        "heatmapScoring": {
          "ageFactor": 0.7,
          "significanceFactor": 0.75,
          "confidenceFactor": 1.0,
          "survivalFactor": 0.6,
          "provisionalWeight": 0.315,
          "warning": "The survival factor is provisional until a reviewed condition and integrity survey is completed."
        },
        "datePrecision": "quarter_century_range",
        "dateResearchStatus": "completed",
        "dateResearchedAt": "2026-07-29",
        "dateResearchMethod": "Published exact or approximate date from an official designation record, heritage inventory, archaeological survey or published heritage classification."
      }
    },
    {
      "type": "Feature",
      "id": "hes-lb16612",
      "geometry": {
        "type": "Point",
        "coordinates": [
          -3.719641,
          56.067819
        ]
      },
      "properties": {
        "id": "hes-lb16612",
        "projectId": "kincardine-on-forth-scotland",
        "name": "5 Excise Lane",
        "alternativeNames": [],
        "countryCode": "GB",
        "nation": "Scotland",
        "region": "Fife",
        "locality": "Kincardine-on-Forth",
        "featureType": "historic_building",
        "designationType": "Listed Building",
        "designationCategory": "C",
        "legacyCategoryLabel": "C(S)",
        "statutoryStatus": "Designated — live verification recommended",
        "designationReference": "LB16612",
        "locationType": "designation_point",
        "locationConfidence": "medium",
        "documentedDateText": "House of 17th-century character with a panel dated 1712",
        "earliestPossibleYear": 1712,
        "latestPossibleYear": 1712,
        "dateBasis": "documented_construction",
        "dateConfidence": "high",
        "shortDescription": "Officially designated historic asset. Refresh the linked HES record for current designation details and supplementary description.",
        "fullDescription": "Included as part of the comprehensive Kincardine and Tulliallan statutory inventory. The live HES record remains authoritative.",
        "architectOrDesigner": null,
        "extantStatus": "extant",
        "sourceRecords": [
          {
            "sourceName": "Historic Environment Scotland designation LB16612",
            "sourceOrganisation": "Historic Environment Scotland",
            "sourceRecordId": "LB16612",
            "sourceUrl": "https://portal.historicenvironment.scot/designation/LB16612",
            "accessedAt": "2026-07-29",
            "licence": "Official designation record; HES spatial data is available under the Open Government Licence v3.0.",
            "reliability": "official_statutory",
            "notes": "Refresh current status, category, description and geometry from the live HES designation layer."
          },
          {
            "sourceName": "Tulliallan listed-building coordinate index",
            "sourceOrganisation": "Historic Scotland-derived Open Government Licence index",
            "sourceRecordId": null,
            "sourceUrl": "https://en.wikipedia.org/wiki/List_of_listed_buildings_in_Tulliallan,_Fife",
            "accessedAt": "2026-07-29",
            "licence": "The index states that its addresses and coordinates derive from Historic Scotland data under the Open Government Licence.",
            "reliability": "discovery_only",
            "notes": "Used as a practical coordinate snapshot; refresh against the live HES layer before publication."
          },
          {
            "sourceName": "Kincardine-on-Forth architectural survey",
            "sourceOrganisation": "Society of Antiquaries of Scotland",
            "sourceRecordId": null,
            "sourceUrl": "https://journals.socantscot.org/index.php/psas/article/download/8685/8653/8640",
            "accessedAt": "2026-07-29",
            "licence": "Link to the published article; check journal terms before reproducing text or imagery.",
            "reliability": "academic",
            "notes": "Describes 5 Excise Lane as a house of 17th-century style with a panel dated 1712."
          },
          {
            "sourceName": "Kincardine On Forth, 5 Excise Lane archive record",
            "sourceOrganisation": "Trove / Historic Environment Scotland",
            "sourceRecordId": "NS98NW 33",
            "sourceUrl": "https://www.trove.scot/archive/2316496",
            "accessedAt": "2026-07-29",
            "licence": "Check Trove reuse terms.",
            "reliability": "official_non_statutory"
          }
        ],
        "licence": "See source records.",
        "tags": [
          "listed building",
          "category C",
          "Historic town and conservation area"
        ],
        "createdAt": "2026-07-29",
        "updatedAt": "2026-07-29",
        "reviewed": true,
        "reviewNotes": null,
        "coverageLevel": "statutory_index",
        "studyAreaSection": "Historic town and conservation area",
        "officialRecordUrl": "https://portal.historicenvironment.scot/designation/LB16612",
        "liveRefreshRecommended": true,
        "geometrySource": {
          "type": "Historic Scotland-derived OGL coordinate index",
          "confidence": "medium",
          "refreshLayer": "HES Listed Buildings by Category"
        },
        "heatmapScoring": {
          "ageFactor": 0.8,
          "significanceFactor": 0.5,
          "confidenceFactor": 1.0,
          "survivalFactor": 0.6,
          "provisionalWeight": 0.24,
          "warning": "The survival factor is provisional until a reviewed condition and integrity survey is completed."
        },
        "datePrecision": "inscribed_exact_year",
        "dateResearchStatus": "completed",
        "dateResearchedAt": "2026-07-29",
        "dateResearchMethod": "Published exact or approximate date from an official designation record, heritage inventory, archaeological survey or published heritage classification.",
        "dateEvidenceNote": "The date comes from a published archaeological survey describing the dated panel; the statutory listing record itself does not supply a construction date."
      }
    },
    {
      "type": "Feature",
      "id": "hes-lb15046",
      "geometry": {
        "type": "Point",
        "coordinates": [
          -3.71626,
          56.071982
        ]
      },
      "properties": {
        "id": "hes-lb15046",
        "projectId": "kincardine-on-forth-scotland",
        "name": "Tulliallan Parish Church, Kirk Street",
        "alternativeNames": [],
        "countryCode": "GB",
        "nation": "Scotland",
        "region": "Fife",
        "locality": "Kincardine-on-Forth",
        "featureType": "church",
        "designationType": "Listed Building",
        "designationCategory": "B",
        "legacyCategoryLabel": null,
        "statutoryStatus": "Designated — live verification recommended",
        "designationReference": "LB15046",
        "locationType": "designation_point",
        "locationConfidence": "medium",
        "documentedDateText": "Porch dated 1833",
        "earliestPossibleYear": 1833,
        "latestPossibleYear": 1833,
        "dateBasis": "documented_construction",
        "dateConfidence": "high",
        "shortDescription": "A Gothic parish church with a prominent clock tower and traceried parapet.",
        "fullDescription": "Included as part of the comprehensive Kincardine and Tulliallan statutory inventory. The live HES record remains authoritative.",
        "architectOrDesigner": "George Angus",
        "extantStatus": "extant",
        "sourceRecords": [
          {
            "sourceName": "Historic Environment Scotland designation LB15046",
            "sourceOrganisation": "Historic Environment Scotland",
            "sourceRecordId": "LB15046",
            "sourceUrl": "https://portal.historicenvironment.scot/designation/LB15046",
            "accessedAt": "2026-07-29",
            "licence": "Official designation record; HES spatial data is available under the Open Government Licence v3.0.",
            "reliability": "official_statutory",
            "notes": "Manually enriched for this pack."
          },
          {
            "sourceName": "Tulliallan listed-building coordinate index",
            "sourceOrganisation": "Historic Scotland-derived Open Government Licence index",
            "sourceRecordId": null,
            "sourceUrl": "https://en.wikipedia.org/wiki/List_of_listed_buildings_in_Tulliallan,_Fife",
            "accessedAt": "2026-07-29",
            "licence": "The index states that its addresses and coordinates derive from Historic Scotland data under the Open Government Licence.",
            "reliability": "discovery_only",
            "notes": "Used as a practical coordinate snapshot; refresh against the live HES layer before publication."
          }
        ],
        "licence": "See source records.",
        "tags": [
          "listed building",
          "category B",
          "Historic town and conservation area"
        ],
        "createdAt": "2026-07-29",
        "updatedAt": "2026-07-29",
        "reviewed": true,
        "reviewNotes": null,
        "coverageLevel": "detailed",
        "studyAreaSection": "Historic town and conservation area",
        "officialRecordUrl": "https://portal.historicenvironment.scot/designation/LB15046",
        "liveRefreshRecommended": true,
        "geometrySource": {
          "type": "Historic Scotland-derived OGL coordinate index",
          "confidence": "medium",
          "refreshLayer": "HES Listed Buildings by Category"
        },
        "heatmapScoring": {
          "ageFactor": 0.7,
          "significanceFactor": 0.75,
          "confidenceFactor": 1.0,
          "survivalFactor": 0.6,
          "provisionalWeight": 0.315,
          "warning": "The survival factor is provisional until a reviewed condition and integrity survey is completed."
        }
      }
    },
    {
      "type": "Feature",
      "id": "hes-lb17132",
      "geometry": {
        "type": "Point",
        "coordinates": [
          -3.720744,
          56.068424
        ]
      },
      "properties": {
        "id": "hes-lb17132",
        "projectId": "kincardine-on-forth-scotland",
        "name": "11 Station Road",
        "alternativeNames": [],
        "countryCode": "GB",
        "nation": "Scotland",
        "region": "Fife",
        "locality": "Kincardine-on-Forth",
        "featureType": "house",
        "designationType": "Listed Building",
        "designationCategory": "C",
        "legacyCategoryLabel": "C(S)",
        "statutoryStatus": "Designated — live verification recommended",
        "designationReference": "LB17132",
        "locationType": "designation_point",
        "locationConfidence": "medium",
        "documentedDateText": "Late 18th to early 19th century",
        "earliestPossibleYear": 1775,
        "latestPossibleYear": 1825,
        "dateBasis": "documented_date_range",
        "dateConfidence": "high",
        "shortDescription": "A good Fife vernacular burgh house with harled walls, pantiles, slate easing course and scrolled skewputts.",
        "fullDescription": "Included as part of the comprehensive Kincardine and Tulliallan statutory inventory. The live HES record remains authoritative.",
        "architectOrDesigner": null,
        "extantStatus": "extant",
        "sourceRecords": [
          {
            "sourceName": "Historic Environment Scotland designation LB17132",
            "sourceOrganisation": "Historic Environment Scotland",
            "sourceRecordId": "LB17132",
            "sourceUrl": "https://portal.historicenvironment.scot/designation/LB17132",
            "accessedAt": "2026-07-29",
            "licence": "Official designation record; HES spatial data is available under the Open Government Licence v3.0.",
            "reliability": "official_statutory",
            "notes": "Manually enriched for this pack."
          },
          {
            "sourceName": "Tulliallan listed-building coordinate index",
            "sourceOrganisation": "Historic Scotland-derived Open Government Licence index",
            "sourceRecordId": null,
            "sourceUrl": "https://en.wikipedia.org/wiki/List_of_listed_buildings_in_Tulliallan,_Fife",
            "accessedAt": "2026-07-29",
            "licence": "The index states that its addresses and coordinates derive from Historic Scotland data under the Open Government Licence.",
            "reliability": "discovery_only",
            "notes": "Used as a practical coordinate snapshot; refresh against the live HES layer before publication."
          }
        ],
        "licence": "See source records.",
        "tags": [
          "listed building",
          "category C",
          "Historic town and conservation area"
        ],
        "createdAt": "2026-07-29",
        "updatedAt": "2026-07-29",
        "reviewed": true,
        "reviewNotes": null,
        "coverageLevel": "detailed",
        "studyAreaSection": "Historic town and conservation area",
        "officialRecordUrl": "https://portal.historicenvironment.scot/designation/LB17132",
        "liveRefreshRecommended": true,
        "geometrySource": {
          "type": "Historic Scotland-derived OGL coordinate index",
          "confidence": "medium",
          "refreshLayer": "HES Listed Buildings by Category"
        },
        "heatmapScoring": {
          "ageFactor": 0.8,
          "significanceFactor": 0.5,
          "confidenceFactor": 1.0,
          "survivalFactor": 0.6,
          "provisionalWeight": 0.24,
          "warning": "The survival factor is provisional until a reviewed condition and integrity survey is completed."
        }
      }
    },
    {
      "type": "Feature",
      "id": "hes-lb17133",
      "geometry": {
        "type": "Point",
        "coordinates": [
          -3.716044,
          56.068202
        ]
      },
      "properties": {
        "id": "hes-lb17133",
        "projectId": "kincardine-on-forth-scotland",
        "name": "52 Mercer Street",
        "alternativeNames": [],
        "countryCode": "GB",
        "nation": "Scotland",
        "region": "Fife",
        "locality": "Kincardine-on-Forth",
        "featureType": "house",
        "designationType": "Listed Building",
        "designationCategory": "C",
        "legacyCategoryLabel": "C(S)",
        "statutoryStatus": "Designated — live verification recommended",
        "designationReference": "LB17133",
        "locationType": "designation_point",
        "locationConfidence": "medium",
        "documentedDateText": "Early 19th century",
        "earliestPossibleYear": 1800,
        "latestPossibleYear": 1825,
        "dateBasis": "estimated_from_authoritative_source",
        "dateConfidence": "high",
        "shortDescription": "Officially designated historic asset. Refresh the linked HES record for current designation details and supplementary description.",
        "fullDescription": "Included as part of the comprehensive Kincardine and Tulliallan statutory inventory. The live HES record remains authoritative.",
        "architectOrDesigner": null,
        "extantStatus": "extant",
        "sourceRecords": [
          {
            "sourceName": "Historic Environment Scotland designation LB17133",
            "sourceOrganisation": "Historic Environment Scotland",
            "sourceRecordId": "LB17133",
            "sourceUrl": "https://portal.historicenvironment.scot/designation/LB17133",
            "accessedAt": "2026-07-29",
            "licence": "Official designation record; HES spatial data is available under the Open Government Licence v3.0.",
            "reliability": "official_statutory",
            "notes": "Refresh current status, category, description and geometry from the live HES designation layer."
          },
          {
            "sourceName": "Tulliallan listed-building coordinate index",
            "sourceOrganisation": "Historic Scotland-derived Open Government Licence index",
            "sourceRecordId": null,
            "sourceUrl": "https://en.wikipedia.org/wiki/List_of_listed_buildings_in_Tulliallan,_Fife",
            "accessedAt": "2026-07-29",
            "licence": "The index states that its addresses and coordinates derive from Historic Scotland data under the Open Government Licence.",
            "reliability": "discovery_only",
            "notes": "Used as a practical coordinate snapshot; refresh against the live HES layer before publication."
          }
        ],
        "licence": "See source records.",
        "tags": [
          "listed building",
          "category C",
          "Historic town and conservation area"
        ],
        "createdAt": "2026-07-29",
        "updatedAt": "2026-07-29",
        "reviewed": true,
        "reviewNotes": null,
        "coverageLevel": "statutory_index",
        "studyAreaSection": "Historic town and conservation area",
        "officialRecordUrl": "https://portal.historicenvironment.scot/designation/LB17133",
        "liveRefreshRecommended": true,
        "geometrySource": {
          "type": "Historic Scotland-derived OGL coordinate index",
          "confidence": "medium",
          "refreshLayer": "HES Listed Buildings by Category"
        },
        "heatmapScoring": {
          "ageFactor": 0.7,
          "significanceFactor": 0.5,
          "confidenceFactor": 1.0,
          "survivalFactor": 0.6,
          "provisionalWeight": 0.21,
          "warning": "The survival factor is provisional until a reviewed condition and integrity survey is completed."
        },
        "datePrecision": "quarter_century_range",
        "dateResearchStatus": "completed",
        "dateResearchedAt": "2026-07-29",
        "dateResearchMethod": "Published exact or approximate date from an official designation record, heritage inventory, archaeological survey or published heritage classification."
      }
    },
    {
      "type": "Feature",
      "id": "hes-lb16578",
      "geometry": {
        "type": "Point",
        "coordinates": [
          -3.720607,
          56.067141
        ]
      },
      "properties": {
        "id": "hes-lb16578",
        "projectId": "kincardine-on-forth-scotland",
        "name": "32, 34 and 36 Keith Street",
        "alternativeNames": [],
        "countryCode": "GB",
        "nation": "Scotland",
        "region": "Fife",
        "locality": "Kincardine-on-Forth",
        "featureType": "house",
        "designationType": "Listed Building",
        "designationCategory": "B",
        "legacyCategoryLabel": null,
        "statutoryStatus": "Designated — live verification recommended",
        "designationReference": "LB16578",
        "locationType": "designation_point",
        "locationConfidence": "medium",
        "documentedDateText": "Late 18th century",
        "earliestPossibleYear": 1775,
        "latestPossibleYear": 1799,
        "dateBasis": "estimated_from_authoritative_source",
        "dateConfidence": "high",
        "shortDescription": "Officially designated historic asset. Refresh the linked HES record for current designation details and supplementary description.",
        "fullDescription": "Included as part of the comprehensive Kincardine and Tulliallan statutory inventory. The live HES record remains authoritative.",
        "architectOrDesigner": null,
        "extantStatus": "extant",
        "sourceRecords": [
          {
            "sourceName": "Historic Environment Scotland designation LB16578",
            "sourceOrganisation": "Historic Environment Scotland",
            "sourceRecordId": "LB16578",
            "sourceUrl": "https://portal.historicenvironment.scot/designation/LB16578",
            "accessedAt": "2026-07-29",
            "licence": "Official designation record; HES spatial data is available under the Open Government Licence v3.0.",
            "reliability": "official_statutory",
            "notes": "Refresh current status, category, description and geometry from the live HES designation layer."
          },
          {
            "sourceName": "Tulliallan listed-building coordinate index",
            "sourceOrganisation": "Historic Scotland-derived Open Government Licence index",
            "sourceRecordId": null,
            "sourceUrl": "https://en.wikipedia.org/wiki/List_of_listed_buildings_in_Tulliallan,_Fife",
            "accessedAt": "2026-07-29",
            "licence": "The index states that its addresses and coordinates derive from Historic Scotland data under the Open Government Licence.",
            "reliability": "discovery_only",
            "notes": "Used as a practical coordinate snapshot; refresh against the live HES layer before publication."
          }
        ],
        "licence": "See source records.",
        "tags": [
          "listed building",
          "category B",
          "Historic town and conservation area"
        ],
        "createdAt": "2026-07-29",
        "updatedAt": "2026-07-29",
        "reviewed": true,
        "reviewNotes": null,
        "coverageLevel": "statutory_index",
        "studyAreaSection": "Historic town and conservation area",
        "officialRecordUrl": "https://portal.historicenvironment.scot/designation/LB16578",
        "liveRefreshRecommended": true,
        "geometrySource": {
          "type": "Historic Scotland-derived OGL coordinate index",
          "confidence": "medium",
          "refreshLayer": "HES Listed Buildings by Category"
        },
        "heatmapScoring": {
          "ageFactor": 0.8,
          "significanceFactor": 0.75,
          "confidenceFactor": 1.0,
          "survivalFactor": 0.6,
          "provisionalWeight": 0.36,
          "warning": "The survival factor is provisional until a reviewed condition and integrity survey is completed."
        },
        "datePrecision": "quarter_century_range",
        "dateResearchStatus": "completed",
        "dateResearchedAt": "2026-07-29",
        "dateResearchMethod": "Published exact or approximate date from an official designation record, heritage inventory, archaeological survey or published heritage classification."
      }
    },
    {
      "type": "Feature",
      "id": "hes-lb16579",
      "geometry": {
        "type": "Point",
        "coordinates": [
          -3.72078,
          56.067049
        ]
      },
      "properties": {
        "id": "hes-lb16579",
        "projectId": "kincardine-on-forth-scotland",
        "name": "38 Keith Street",
        "alternativeNames": [],
        "countryCode": "GB",
        "nation": "Scotland",
        "region": "Fife",
        "locality": "Kincardine-on-Forth",
        "featureType": "house",
        "designationType": "Listed Building",
        "designationCategory": "B",
        "legacyCategoryLabel": null,
        "statutoryStatus": "Designated — live verification recommended",
        "designationReference": "LB16579",
        "locationType": "designation_point",
        "locationConfidence": "medium",
        "documentedDateText": "Lintel dated 1775",
        "earliestPossibleYear": 1775,
        "latestPossibleYear": 1775,
        "dateBasis": "documented_construction",
        "dateConfidence": "high",
        "shortDescription": "Officially designated historic asset. Refresh the linked HES record for current designation details and supplementary description.",
        "fullDescription": "Included as part of the comprehensive Kincardine and Tulliallan statutory inventory. The live HES record remains authoritative.",
        "architectOrDesigner": null,
        "extantStatus": "extant",
        "sourceRecords": [
          {
            "sourceName": "Historic Environment Scotland designation LB16579",
            "sourceOrganisation": "Historic Environment Scotland",
            "sourceRecordId": "LB16579",
            "sourceUrl": "https://portal.historicenvironment.scot/designation/LB16579",
            "accessedAt": "2026-07-29",
            "licence": "Official designation record; HES spatial data is available under the Open Government Licence v3.0.",
            "reliability": "official_statutory",
            "notes": "Refresh current status, category, description and geometry from the live HES designation layer."
          },
          {
            "sourceName": "Tulliallan listed-building coordinate index",
            "sourceOrganisation": "Historic Scotland-derived Open Government Licence index",
            "sourceRecordId": null,
            "sourceUrl": "https://en.wikipedia.org/wiki/List_of_listed_buildings_in_Tulliallan,_Fife",
            "accessedAt": "2026-07-29",
            "licence": "The index states that its addresses and coordinates derive from Historic Scotland data under the Open Government Licence.",
            "reliability": "discovery_only",
            "notes": "Used as a practical coordinate snapshot; refresh against the live HES layer before publication."
          }
        ],
        "licence": "See source records.",
        "tags": [
          "listed building",
          "category B",
          "Historic town and conservation area"
        ],
        "createdAt": "2026-07-29",
        "updatedAt": "2026-07-29",
        "reviewed": true,
        "reviewNotes": null,
        "coverageLevel": "statutory_index",
        "studyAreaSection": "Historic town and conservation area",
        "officialRecordUrl": "https://portal.historicenvironment.scot/designation/LB16579",
        "liveRefreshRecommended": true,
        "geometrySource": {
          "type": "Historic Scotland-derived OGL coordinate index",
          "confidence": "medium",
          "refreshLayer": "HES Listed Buildings by Category"
        },
        "heatmapScoring": {
          "ageFactor": 0.8,
          "significanceFactor": 0.75,
          "confidenceFactor": 1.0,
          "survivalFactor": 0.6,
          "provisionalWeight": 0.36,
          "warning": "The survival factor is provisional until a reviewed condition and integrity survey is completed."
        },
        "datePrecision": "inscribed_exact_year",
        "dateResearchStatus": "completed",
        "dateResearchedAt": "2026-07-29",
        "dateResearchMethod": "Published exact or approximate date from an official designation record, heritage inventory, archaeological survey or published heritage classification."
      }
    },
    {
      "type": "Feature",
      "id": "hes-lb16621",
      "geometry": {
        "type": "Point",
        "coordinates": [
          -3.716416,
          56.070075
        ]
      },
      "properties": {
        "id": "hes-lb16621",
        "projectId": "kincardine-on-forth-scotland",
        "name": "24 and 26 Kirk Street",
        "alternativeNames": [],
        "countryCode": "GB",
        "nation": "Scotland",
        "region": "Fife",
        "locality": "Kincardine-on-Forth",
        "featureType": "house",
        "designationType": "Listed Building",
        "designationCategory": "C",
        "legacyCategoryLabel": "C(S)",
        "statutoryStatus": "Designated — live verification recommended",
        "designationReference": "LB16621",
        "locationType": "designation_point",
        "locationConfidence": "medium",
        "documentedDateText": "Lintel dated 1772",
        "earliestPossibleYear": 1772,
        "latestPossibleYear": 1772,
        "dateBasis": "documented_construction",
        "dateConfidence": "high",
        "shortDescription": "Officially designated historic asset. Refresh the linked HES record for current designation details and supplementary description.",
        "fullDescription": "Included as part of the comprehensive Kincardine and Tulliallan statutory inventory. The live HES record remains authoritative.",
        "architectOrDesigner": null,
        "extantStatus": "extant",
        "sourceRecords": [
          {
            "sourceName": "Historic Environment Scotland designation LB16621",
            "sourceOrganisation": "Historic Environment Scotland",
            "sourceRecordId": "LB16621",
            "sourceUrl": "https://portal.historicenvironment.scot/designation/LB16621",
            "accessedAt": "2026-07-29",
            "licence": "Official designation record; HES spatial data is available under the Open Government Licence v3.0.",
            "reliability": "official_statutory",
            "notes": "Refresh current status, category, description and geometry from the live HES designation layer."
          },
          {
            "sourceName": "Tulliallan listed-building coordinate index",
            "sourceOrganisation": "Historic Scotland-derived Open Government Licence index",
            "sourceRecordId": null,
            "sourceUrl": "https://en.wikipedia.org/wiki/List_of_listed_buildings_in_Tulliallan,_Fife",
            "accessedAt": "2026-07-29",
            "licence": "The index states that its addresses and coordinates derive from Historic Scotland data under the Open Government Licence.",
            "reliability": "discovery_only",
            "notes": "Used as a practical coordinate snapshot; refresh against the live HES layer before publication."
          }
        ],
        "licence": "See source records.",
        "tags": [
          "listed building",
          "category C",
          "Historic town and conservation area"
        ],
        "createdAt": "2026-07-29",
        "updatedAt": "2026-07-29",
        "reviewed": true,
        "reviewNotes": null,
        "coverageLevel": "statutory_index",
        "studyAreaSection": "Historic town and conservation area",
        "officialRecordUrl": "https://portal.historicenvironment.scot/designation/LB16621",
        "liveRefreshRecommended": true,
        "geometrySource": {
          "type": "Historic Scotland-derived OGL coordinate index",
          "confidence": "medium",
          "refreshLayer": "HES Listed Buildings by Category"
        },
        "heatmapScoring": {
          "ageFactor": 0.8,
          "significanceFactor": 0.5,
          "confidenceFactor": 1.0,
          "survivalFactor": 0.6,
          "provisionalWeight": 0.24,
          "warning": "The survival factor is provisional until a reviewed condition and integrity survey is completed."
        },
        "datePrecision": "inscribed_exact_year",
        "dateResearchStatus": "completed",
        "dateResearchedAt": "2026-07-29",
        "dateResearchMethod": "Published exact or approximate date from an official designation record, heritage inventory, archaeological survey or published heritage classification."
      }
    },
    {
      "type": "Feature",
      "id": "hes-lb16573",
      "geometry": {
        "type": "Point",
        "coordinates": [
          -3.719387,
          56.067886
        ]
      },
      "properties": {
        "id": "hes-lb16573",
        "projectId": "kincardine-on-forth-scotland",
        "name": "3 and 5 Excise Street",
        "alternativeNames": [],
        "countryCode": "GB",
        "nation": "Scotland",
        "region": "Fife",
        "locality": "Kincardine-on-Forth",
        "featureType": "house",
        "designationType": "Listed Building",
        "designationCategory": "C",
        "legacyCategoryLabel": "C(S)",
        "statutoryStatus": "Designated — live verification recommended",
        "designationReference": "LB16573",
        "locationType": "designation_point",
        "locationConfidence": "medium",
        "documentedDateText": "Dated 1745; substantially rebuilt circa 1900",
        "earliestPossibleYear": 1745,
        "latestPossibleYear": 1900,
        "dateBasis": "documented_date_range",
        "dateConfidence": "high",
        "shortDescription": "Officially designated historic asset. Refresh the linked HES record for current designation details and supplementary description.",
        "fullDescription": "Included as part of the comprehensive Kincardine and Tulliallan statutory inventory. The live HES record remains authoritative.",
        "architectOrDesigner": null,
        "extantStatus": "extant",
        "sourceRecords": [
          {
            "sourceName": "Historic Environment Scotland designation LB16573",
            "sourceOrganisation": "Historic Environment Scotland",
            "sourceRecordId": "LB16573",
            "sourceUrl": "https://portal.historicenvironment.scot/designation/LB16573",
            "accessedAt": "2026-07-29",
            "licence": "Official designation record; HES spatial data is available under the Open Government Licence v3.0.",
            "reliability": "official_statutory",
            "notes": "Refresh current status, category, description and geometry from the live HES designation layer."
          },
          {
            "sourceName": "Tulliallan listed-building coordinate index",
            "sourceOrganisation": "Historic Scotland-derived Open Government Licence index",
            "sourceRecordId": null,
            "sourceUrl": "https://en.wikipedia.org/wiki/List_of_listed_buildings_in_Tulliallan,_Fife",
            "accessedAt": "2026-07-29",
            "licence": "The index states that its addresses and coordinates derive from Historic Scotland data under the Open Government Licence.",
            "reliability": "discovery_only",
            "notes": "Used as a practical coordinate snapshot; refresh against the live HES layer before publication."
          }
        ],
        "licence": "See source records.",
        "tags": [
          "listed building",
          "category C",
          "Historic town and conservation area"
        ],
        "createdAt": "2026-07-29",
        "updatedAt": "2026-07-29",
        "reviewed": true,
        "reviewNotes": null,
        "coverageLevel": "statutory_index",
        "studyAreaSection": "Historic town and conservation area",
        "officialRecordUrl": "https://portal.historicenvironment.scot/designation/LB16573",
        "liveRefreshRecommended": true,
        "geometrySource": {
          "type": "Historic Scotland-derived OGL coordinate index",
          "confidence": "medium",
          "refreshLayer": "HES Listed Buildings by Category"
        },
        "heatmapScoring": {
          "ageFactor": 0.8,
          "significanceFactor": 0.5,
          "confidenceFactor": 1.0,
          "survivalFactor": 0.6,
          "provisionalWeight": 0.24,
          "warning": "The survival factor is provisional until a reviewed condition and integrity survey is completed."
        },
        "datePrecision": "documented_phases",
        "dateResearchStatus": "completed",
        "dateResearchedAt": "2026-07-29",
        "dateResearchMethod": "Published exact or approximate date from an official designation record, heritage inventory, archaeological survey or published heritage classification."
      }
    },
    {
      "type": "Feature",
      "id": "hes-lb49037",
      "geometry": {
        "type": "Point",
        "coordinates": [
          -3.716171,
          56.076836
        ]
      },
      "properties": {
        "id": "hes-lb49037",
        "projectId": "kincardine-on-forth-scotland",
        "name": "Tulliallan Castle Walled Garden, glasshouses and associated structures",
        "alternativeNames": [],
        "countryCode": "GB",
        "nation": "Scotland",
        "region": "Fife",
        "locality": "Kincardine-on-Forth",
        "featureType": "castle",
        "designationType": "Listed Building",
        "designationCategory": "B",
        "legacyCategoryLabel": null,
        "statutoryStatus": "Designated — live verification recommended",
        "designationReference": "LB49037",
        "locationType": "designation_point",
        "locationConfidence": "medium",
        "documentedDateText": "Early-19th-century walled garden; principal glasshouses circa 1907",
        "earliestPossibleYear": 1800,
        "latestPossibleYear": 1907,
        "dateBasis": "documented_date_range",
        "dateConfidence": "high",
        "shortDescription": "An extensive walled kitchen garden with rare and substantially intact early-20th-century horticultural glasshouses.",
        "fullDescription": "Included as part of the comprehensive Kincardine and Tulliallan statutory inventory. The live HES record remains authoritative.",
        "architectOrDesigner": "Mackenzie & Moncur Ltd for the circa-1907 glasshouses",
        "extantStatus": "extant",
        "sourceRecords": [
          {
            "sourceName": "Historic Environment Scotland designation LB49037",
            "sourceOrganisation": "Historic Environment Scotland",
            "sourceRecordId": "LB49037",
            "sourceUrl": "https://portal.historicenvironment.scot/designation/LB49037",
            "accessedAt": "2026-07-29",
            "licence": "Official designation record; HES spatial data is available under the Open Government Licence v3.0.",
            "reliability": "official_statutory",
            "notes": "Manually enriched for this pack."
          },
          {
            "sourceName": "Tulliallan listed-building coordinate index",
            "sourceOrganisation": "Historic Scotland-derived Open Government Licence index",
            "sourceRecordId": null,
            "sourceUrl": "https://en.wikipedia.org/wiki/List_of_listed_buildings_in_Tulliallan,_Fife",
            "accessedAt": "2026-07-29",
            "licence": "The index states that its addresses and coordinates derive from Historic Scotland data under the Open Government Licence.",
            "reliability": "discovery_only",
            "notes": "Used as a practical coordinate snapshot; refresh against the live HES layer before publication."
          }
        ],
        "licence": "See source records.",
        "tags": [
          "listed building",
          "category B",
          "Tulliallan policies and church sites"
        ],
        "createdAt": "2026-07-29",
        "updatedAt": "2026-07-29",
        "reviewed": true,
        "reviewNotes": null,
        "coverageLevel": "detailed",
        "studyAreaSection": "Tulliallan policies and church sites",
        "officialRecordUrl": "https://portal.historicenvironment.scot/designation/LB49037",
        "liveRefreshRecommended": true,
        "geometrySource": {
          "type": "Historic Scotland-derived OGL coordinate index",
          "confidence": "medium",
          "refreshLayer": "HES Listed Buildings by Category"
        },
        "heatmapScoring": {
          "ageFactor": 0.7,
          "significanceFactor": 0.75,
          "confidenceFactor": 1.0,
          "survivalFactor": 0.6,
          "provisionalWeight": 0.315,
          "warning": "The survival factor is provisional until a reviewed condition and integrity survey is completed."
        }
      }
    },
    {
      "type": "Feature",
      "id": "hes-lb50078",
      "geometry": {
        "type": "Point",
        "coordinates": [
          -3.727187,
          56.065216
        ]
      },
      "properties": {
        "id": "hes-lb50078",
        "projectId": "kincardine-on-forth-scotland",
        "name": "Kincardine Bridge",
        "alternativeNames": [],
        "countryCode": "GB",
        "nation": "Scotland",
        "region": "Fife",
        "locality": "Kincardine-on-Forth",
        "featureType": "bridge",
        "designationType": "Listed Building",
        "designationCategory": "A",
        "legacyCategoryLabel": null,
        "statutoryStatus": "Designated — live verification recommended",
        "designationReference": "LB50078",
        "locationType": "designation_point",
        "locationConfidence": "medium",
        "documentedDateText": "Designed 1930–1931; construction began 1933; opened 29 October 1936",
        "earliestPossibleYear": 1930,
        "latestPossibleYear": 1936,
        "dateBasis": "documented_date_range",
        "dateConfidence": "high",
        "shortDescription": "A major Category A road bridge, originally incorporating the largest swing span in Europe.",
        "fullDescription": "The bridge is 2,696 feet long. Its swing span was fixed shut in 1989. Historic Environment Scotland records that it was Britain's largest road bridge when completed.",
        "architectOrDesigner": "Sir Alexander Gibb & Partners, with architectural advice from James Miller",
        "extantStatus": "extant",
        "sourceRecords": [
          {
            "sourceName": "Historic Environment Scotland designation LB50078",
            "sourceOrganisation": "Historic Environment Scotland",
            "sourceRecordId": "LB50078",
            "sourceUrl": "https://portal.historicenvironment.scot/designation/LB50078",
            "accessedAt": "2026-07-29",
            "licence": "Official designation record; HES spatial data is available under the Open Government Licence v3.0.",
            "reliability": "official_statutory",
            "notes": "Manually enriched for this pack."
          },
          {
            "sourceName": "Tulliallan listed-building coordinate index",
            "sourceOrganisation": "Historic Scotland-derived Open Government Licence index",
            "sourceRecordId": null,
            "sourceUrl": "https://en.wikipedia.org/wiki/List_of_listed_buildings_in_Tulliallan,_Fife",
            "accessedAt": "2026-07-29",
            "licence": "The index states that its addresses and coordinates derive from Historic Scotland data under the Open Government Licence.",
            "reliability": "discovery_only",
            "notes": "Used as a practical coordinate snapshot; refresh against the live HES layer before publication."
          }
        ],
        "licence": "See source records.",
        "tags": [
          "listed building",
          "category A",
          "Forth crossing and western shore"
        ],
        "createdAt": "2026-07-29",
        "updatedAt": "2026-07-29",
        "reviewed": true,
        "reviewNotes": null,
        "coverageLevel": "detailed",
        "studyAreaSection": "Forth crossing and western shore",
        "officialRecordUrl": "https://portal.historicenvironment.scot/designation/LB50078",
        "liveRefreshRecommended": true,
        "geometrySource": {
          "type": "Historic Scotland-derived OGL coordinate index",
          "confidence": "medium",
          "refreshLayer": "HES Listed Buildings by Category"
        },
        "heatmapScoring": {
          "ageFactor": 0.35,
          "significanceFactor": 1.0,
          "confidenceFactor": 1.0,
          "survivalFactor": 0.6,
          "provisionalWeight": 0.21,
          "warning": "The survival factor is provisional until a reviewed condition and integrity survey is completed."
        }
      }
    },
    {
      "type": "Feature",
      "id": "hes-lb17131",
      "geometry": {
        "type": "Point",
        "coordinates": [
          -3.688795,
          56.059664
        ]
      },
      "properties": {
        "id": "hes-lb17131",
        "projectId": "kincardine-on-forth-scotland",
        "name": "Sands Doocot, Lurg Farm",
        "alternativeNames": [],
        "countryCode": "GB",
        "nation": "Scotland",
        "region": "Fife",
        "locality": "Kincardine-on-Forth",
        "featureType": "doocot",
        "designationType": "Listed Building",
        "designationCategory": "B",
        "legacyCategoryLabel": null,
        "statutoryStatus": "Designated — live verification recommended",
        "designationReference": "LB17131",
        "locationType": "designation_point",
        "locationConfidence": "medium",
        "documentedDateText": "Late 18th century",
        "earliestPossibleYear": 1775,
        "latestPossibleYear": 1799,
        "dateBasis": "estimated_from_authoritative_source",
        "dateConfidence": "high",
        "shortDescription": "Officially designated historic asset. Refresh the linked HES record for current designation details and supplementary description.",
        "fullDescription": "Included as part of the comprehensive Kincardine and Tulliallan statutory inventory. The live HES record remains authoritative.",
        "architectOrDesigner": null,
        "extantStatus": "extant",
        "sourceRecords": [
          {
            "sourceName": "Historic Environment Scotland designation LB17131",
            "sourceOrganisation": "Historic Environment Scotland",
            "sourceRecordId": "LB17131",
            "sourceUrl": "https://portal.historicenvironment.scot/designation/LB17131",
            "accessedAt": "2026-07-29",
            "licence": "Official designation record; HES spatial data is available under the Open Government Licence v3.0.",
            "reliability": "official_statutory",
            "notes": "Refresh current status, category, description and geometry from the live HES designation layer."
          },
          {
            "sourceName": "Tulliallan listed-building coordinate index",
            "sourceOrganisation": "Historic Scotland-derived Open Government Licence index",
            "sourceRecordId": null,
            "sourceUrl": "https://en.wikipedia.org/wiki/List_of_listed_buildings_in_Tulliallan,_Fife",
            "accessedAt": "2026-07-29",
            "licence": "The index states that its addresses and coordinates derive from Historic Scotland data under the Open Government Licence.",
            "reliability": "discovery_only",
            "notes": "Used as a practical coordinate snapshot; refresh against the live HES layer before publication."
          }
        ],
        "licence": "See source records.",
        "tags": [
          "listed building",
          "category B",
          "Eastern parish and Lurg"
        ],
        "createdAt": "2026-07-29",
        "updatedAt": "2026-07-29",
        "reviewed": true,
        "reviewNotes": null,
        "coverageLevel": "statutory_index",
        "studyAreaSection": "Eastern parish and Lurg",
        "officialRecordUrl": "https://portal.historicenvironment.scot/designation/LB17131",
        "liveRefreshRecommended": true,
        "geometrySource": {
          "type": "Historic Scotland-derived OGL coordinate index",
          "confidence": "medium",
          "refreshLayer": "HES Listed Buildings by Category"
        },
        "heatmapScoring": {
          "ageFactor": 0.8,
          "significanceFactor": 0.75,
          "confidenceFactor": 1.0,
          "survivalFactor": 0.6,
          "provisionalWeight": 0.36,
          "warning": "The survival factor is provisional until a reviewed condition and integrity survey is completed."
        },
        "datePrecision": "quarter_century_range",
        "dateResearchStatus": "completed",
        "dateResearchedAt": "2026-07-29",
        "dateResearchMethod": "Published exact or approximate date from an official designation record, heritage inventory, archaeological survey or published heritage classification."
      }
    },
    {
      "type": "Feature",
      "id": "hes-lb16577",
      "geometry": {
        "type": "Point",
        "coordinates": [
          -3.720434,
          56.067224
        ]
      },
      "properties": {
        "id": "hes-lb16577",
        "projectId": "kincardine-on-forth-scotland",
        "name": "26, 28 and 30 Keith Street",
        "alternativeNames": [],
        "countryCode": "GB",
        "nation": "Scotland",
        "region": "Fife",
        "locality": "Kincardine-on-Forth",
        "featureType": "house",
        "designationType": "Listed Building",
        "designationCategory": "B",
        "legacyCategoryLabel": null,
        "statutoryStatus": "Designated — live verification recommended",
        "designationReference": "LB16577",
        "locationType": "designation_point",
        "locationConfidence": "medium",
        "documentedDateText": "Late 18th century",
        "earliestPossibleYear": 1775,
        "latestPossibleYear": 1799,
        "dateBasis": "estimated_from_authoritative_source",
        "dateConfidence": "high",
        "shortDescription": "Officially designated historic asset. Refresh the linked HES record for current designation details and supplementary description.",
        "fullDescription": "Included as part of the comprehensive Kincardine and Tulliallan statutory inventory. The live HES record remains authoritative.",
        "architectOrDesigner": null,
        "extantStatus": "extant",
        "sourceRecords": [
          {
            "sourceName": "Historic Environment Scotland designation LB16577",
            "sourceOrganisation": "Historic Environment Scotland",
            "sourceRecordId": "LB16577",
            "sourceUrl": "https://portal.historicenvironment.scot/designation/LB16577",
            "accessedAt": "2026-07-29",
            "licence": "Official designation record; HES spatial data is available under the Open Government Licence v3.0.",
            "reliability": "official_statutory",
            "notes": "Refresh current status, category, description and geometry from the live HES designation layer."
          },
          {
            "sourceName": "Tulliallan listed-building coordinate index",
            "sourceOrganisation": "Historic Scotland-derived Open Government Licence index",
            "sourceRecordId": null,
            "sourceUrl": "https://en.wikipedia.org/wiki/List_of_listed_buildings_in_Tulliallan,_Fife",
            "accessedAt": "2026-07-29",
            "licence": "The index states that its addresses and coordinates derive from Historic Scotland data under the Open Government Licence.",
            "reliability": "discovery_only",
            "notes": "Used as a practical coordinate snapshot; refresh against the live HES layer before publication."
          }
        ],
        "licence": "See source records.",
        "tags": [
          "listed building",
          "category B",
          "Historic town and conservation area"
        ],
        "createdAt": "2026-07-29",
        "updatedAt": "2026-07-29",
        "reviewed": true,
        "reviewNotes": null,
        "coverageLevel": "statutory_index",
        "studyAreaSection": "Historic town and conservation area",
        "officialRecordUrl": "https://portal.historicenvironment.scot/designation/LB16577",
        "liveRefreshRecommended": true,
        "geometrySource": {
          "type": "Historic Scotland-derived OGL coordinate index",
          "confidence": "medium",
          "refreshLayer": "HES Listed Buildings by Category"
        },
        "heatmapScoring": {
          "ageFactor": 0.8,
          "significanceFactor": 0.75,
          "confidenceFactor": 1.0,
          "survivalFactor": 0.6,
          "provisionalWeight": 0.36,
          "warning": "The survival factor is provisional until a reviewed condition and integrity survey is completed."
        },
        "datePrecision": "quarter_century_range",
        "dateResearchStatus": "completed",
        "dateResearchedAt": "2026-07-29",
        "dateResearchMethod": "Published exact or approximate date from an official designation record, heritage inventory, archaeological survey or published heritage classification."
      }
    },
    {
      "type": "Feature",
      "id": "hes-lb16591",
      "geometry": {
        "type": "Point",
        "coordinates": [
          -3.717906,
          56.068527
        ]
      },
      "properties": {
        "id": "hes-lb16591",
        "projectId": "kincardine-on-forth-scotland",
        "name": "22, 24 and 26 High Street",
        "alternativeNames": [],
        "countryCode": "GB",
        "nation": "Scotland",
        "region": "Fife",
        "locality": "Kincardine-on-Forth",
        "featureType": "house",
        "designationType": "Listed Building",
        "designationCategory": "B",
        "legacyCategoryLabel": null,
        "statutoryStatus": "Designated — live verification recommended",
        "designationReference": "LB16591",
        "locationType": "designation_point",
        "locationConfidence": "medium",
        "documentedDateText": "Early 19th century",
        "earliestPossibleYear": 1800,
        "latestPossibleYear": 1825,
        "dateBasis": "estimated_from_authoritative_source",
        "dateConfidence": "medium",
        "shortDescription": "Officially designated historic asset. Refresh the linked HES record for current designation details and supplementary description.",
        "fullDescription": "Included as part of the comprehensive Kincardine and Tulliallan statutory inventory. The live HES record remains authoritative.",
        "architectOrDesigner": null,
        "extantStatus": "extant",
        "sourceRecords": [
          {
            "sourceName": "Historic Environment Scotland designation LB16591",
            "sourceOrganisation": "Historic Environment Scotland",
            "sourceRecordId": "LB16591",
            "sourceUrl": "https://portal.historicenvironment.scot/designation/LB16591",
            "accessedAt": "2026-07-29",
            "licence": "Official designation record; HES spatial data is available under the Open Government Licence v3.0.",
            "reliability": "official_statutory",
            "notes": "Refresh current status, category, description and geometry from the live HES designation layer."
          },
          {
            "sourceName": "Tulliallan listed-building coordinate index",
            "sourceOrganisation": "Historic Scotland-derived Open Government Licence index",
            "sourceRecordId": null,
            "sourceUrl": "https://en.wikipedia.org/wiki/List_of_listed_buildings_in_Tulliallan,_Fife",
            "accessedAt": "2026-07-29",
            "licence": "The index states that its addresses and coordinates derive from Historic Scotland data under the Open Government Licence.",
            "reliability": "discovery_only",
            "notes": "Used as a practical coordinate snapshot; refresh against the live HES layer before publication."
          }
        ],
        "licence": "See source records.",
        "tags": [
          "listed building",
          "category B",
          "Historic town and conservation area"
        ],
        "createdAt": "2026-07-29",
        "updatedAt": "2026-07-29",
        "reviewed": true,
        "reviewNotes": null,
        "coverageLevel": "statutory_index",
        "studyAreaSection": "Historic town and conservation area",
        "officialRecordUrl": "https://portal.historicenvironment.scot/designation/LB16591",
        "liveRefreshRecommended": true,
        "geometrySource": {
          "type": "Historic Scotland-derived OGL coordinate index",
          "confidence": "medium",
          "refreshLayer": "HES Listed Buildings by Category"
        },
        "heatmapScoring": {
          "ageFactor": 0.7,
          "significanceFactor": 0.75,
          "confidenceFactor": 0.75,
          "survivalFactor": 0.6,
          "provisionalWeight": 0.2362,
          "warning": "The survival factor is provisional until a reviewed condition and integrity survey is completed."
        },
        "datePrecision": "quarter_century_range",
        "dateResearchStatus": "completed",
        "dateResearchedAt": "2026-07-29",
        "dateResearchMethod": "Published exact or approximate date from an official designation record, heritage inventory, archaeological survey or published heritage classification.",
        "dateEvidenceNote": "The published heritage classification supplies a period rather than an exact year."
      }
    },
    {
      "type": "Feature",
      "id": "hes-lb16605",
      "geometry": {
        "type": "Point",
        "coordinates": [
          -3.719097,
          56.068231
        ]
      },
      "properties": {
        "id": "hes-lb16605",
        "projectId": "kincardine-on-forth-scotland",
        "name": "5, 7 and 9 Elphinstone Street",
        "alternativeNames": [],
        "countryCode": "GB",
        "nation": "Scotland",
        "region": "Fife",
        "locality": "Kincardine-on-Forth",
        "featureType": "house",
        "designationType": "Listed Building",
        "designationCategory": "B",
        "legacyCategoryLabel": null,
        "statutoryStatus": "Designated — live verification recommended",
        "designationReference": "LB16605",
        "locationType": "designation_point",
        "locationConfidence": "medium",
        "documentedDateText": "Inset panel dated 1738; rebuilt in 1793",
        "earliestPossibleYear": 1738,
        "latestPossibleYear": 1793,
        "dateBasis": "documented_date_range",
        "dateConfidence": "high",
        "shortDescription": "Officially designated historic asset. Refresh the linked HES record for current designation details and supplementary description.",
        "fullDescription": "Included as part of the comprehensive Kincardine and Tulliallan statutory inventory. The live HES record remains authoritative.",
        "architectOrDesigner": null,
        "extantStatus": "extant",
        "sourceRecords": [
          {
            "sourceName": "Historic Environment Scotland designation LB16605",
            "sourceOrganisation": "Historic Environment Scotland",
            "sourceRecordId": "LB16605",
            "sourceUrl": "https://portal.historicenvironment.scot/designation/LB16605",
            "accessedAt": "2026-07-29",
            "licence": "Official designation record; HES spatial data is available under the Open Government Licence v3.0.",
            "reliability": "official_statutory",
            "notes": "Refresh current status, category, description and geometry from the live HES designation layer."
          },
          {
            "sourceName": "Tulliallan listed-building coordinate index",
            "sourceOrganisation": "Historic Scotland-derived Open Government Licence index",
            "sourceRecordId": null,
            "sourceUrl": "https://en.wikipedia.org/wiki/List_of_listed_buildings_in_Tulliallan,_Fife",
            "accessedAt": "2026-07-29",
            "licence": "The index states that its addresses and coordinates derive from Historic Scotland data under the Open Government Licence.",
            "reliability": "discovery_only",
            "notes": "Used as a practical coordinate snapshot; refresh against the live HES layer before publication."
          }
        ],
        "licence": "See source records.",
        "tags": [
          "listed building",
          "category B",
          "Historic town and conservation area"
        ],
        "createdAt": "2026-07-29",
        "updatedAt": "2026-07-29",
        "reviewed": true,
        "reviewNotes": null,
        "coverageLevel": "statutory_index",
        "studyAreaSection": "Historic town and conservation area",
        "officialRecordUrl": "https://portal.historicenvironment.scot/designation/LB16605",
        "liveRefreshRecommended": true,
        "geometrySource": {
          "type": "Historic Scotland-derived OGL coordinate index",
          "confidence": "medium",
          "refreshLayer": "HES Listed Buildings by Category"
        },
        "heatmapScoring": {
          "ageFactor": 0.8,
          "significanceFactor": 0.75,
          "confidenceFactor": 1.0,
          "survivalFactor": 0.6,
          "provisionalWeight": 0.36,
          "warning": "The survival factor is provisional until a reviewed condition and integrity survey is completed."
        },
        "datePrecision": "documented_phases",
        "dateResearchStatus": "completed",
        "dateResearchedAt": "2026-07-29",
        "dateResearchMethod": "Published exact or approximate date from an official designation record, heritage inventory, archaeological survey or published heritage classification."
      }
    },
    {
      "type": "Feature",
      "id": "hes-lb16613",
      "geometry": {
        "type": "Point",
        "coordinates": [
          -3.71922,
          56.068104
        ]
      },
      "properties": {
        "id": "hes-lb16613",
        "projectId": "kincardine-on-forth-scotland",
        "name": "Kincardine RC Chapel, 6 Coopers Lane",
        "alternativeNames": [],
        "countryCode": "GB",
        "nation": "Scotland",
        "region": "Fife",
        "locality": "Kincardine-on-Forth",
        "featureType": "church",
        "designationType": "Listed Building",
        "designationCategory": "B",
        "legacyCategoryLabel": null,
        "statutoryStatus": "Designated — live verification recommended",
        "designationReference": "LB16613",
        "locationType": "designation_point",
        "locationConfidence": "medium",
        "documentedDateText": "Door lintel dated 1750",
        "earliestPossibleYear": 1750,
        "latestPossibleYear": 1750,
        "dateBasis": "documented_construction",
        "dateConfidence": "high",
        "shortDescription": "Officially designated historic asset. Refresh the linked HES record for current designation details and supplementary description.",
        "fullDescription": "Included as part of the comprehensive Kincardine and Tulliallan statutory inventory. The live HES record remains authoritative.",
        "architectOrDesigner": null,
        "extantStatus": "extant",
        "sourceRecords": [
          {
            "sourceName": "Historic Environment Scotland designation LB16613",
            "sourceOrganisation": "Historic Environment Scotland",
            "sourceRecordId": "LB16613",
            "sourceUrl": "https://portal.historicenvironment.scot/designation/LB16613",
            "accessedAt": "2026-07-29",
            "licence": "Official designation record; HES spatial data is available under the Open Government Licence v3.0.",
            "reliability": "official_statutory",
            "notes": "Refresh current status, category, description and geometry from the live HES designation layer."
          },
          {
            "sourceName": "Tulliallan listed-building coordinate index",
            "sourceOrganisation": "Historic Scotland-derived Open Government Licence index",
            "sourceRecordId": null,
            "sourceUrl": "https://en.wikipedia.org/wiki/List_of_listed_buildings_in_Tulliallan,_Fife",
            "accessedAt": "2026-07-29",
            "licence": "The index states that its addresses and coordinates derive from Historic Scotland data under the Open Government Licence.",
            "reliability": "discovery_only",
            "notes": "Used as a practical coordinate snapshot; refresh against the live HES layer before publication."
          }
        ],
        "licence": "See source records.",
        "tags": [
          "listed building",
          "category B",
          "Historic town and conservation area"
        ],
        "createdAt": "2026-07-29",
        "updatedAt": "2026-07-29",
        "reviewed": true,
        "reviewNotes": null,
        "coverageLevel": "statutory_index",
        "studyAreaSection": "Historic town and conservation area",
        "officialRecordUrl": "https://portal.historicenvironment.scot/designation/LB16613",
        "liveRefreshRecommended": true,
        "geometrySource": {
          "type": "Historic Scotland-derived OGL coordinate index",
          "confidence": "medium",
          "refreshLayer": "HES Listed Buildings by Category"
        },
        "heatmapScoring": {
          "ageFactor": 0.8,
          "significanceFactor": 0.75,
          "confidenceFactor": 1.0,
          "survivalFactor": 0.6,
          "provisionalWeight": 0.36,
          "warning": "The survival factor is provisional until a reviewed condition and integrity survey is completed."
        },
        "datePrecision": "inscribed_exact_year",
        "dateResearchStatus": "completed",
        "dateResearchedAt": "2026-07-29",
        "dateResearchMethod": "Published exact or approximate date from an official designation record, heritage inventory, archaeological survey or published heritage classification."
      }
    },
    {
      "type": "Feature",
      "id": "hes-lb16614",
      "geometry": {
        "type": "Point",
        "coordinates": [
          -3.720358,
          56.06949
        ]
      },
      "properties": {
        "id": "hes-lb16614",
        "projectId": "kincardine-on-forth-scotland",
        "name": "The Orchard, 24 Kilbagie Street",
        "alternativeNames": [],
        "countryCode": "GB",
        "nation": "Scotland",
        "region": "Fife",
        "locality": "Kincardine-on-Forth",
        "featureType": "house",
        "designationType": "Listed Building",
        "designationCategory": "B",
        "legacyCategoryLabel": null,
        "statutoryStatus": "Designated — live verification recommended",
        "designationReference": "LB16614",
        "locationType": "designation_point",
        "locationConfidence": "medium",
        "documentedDateText": "Skewputt dated 1629; later alterations",
        "earliestPossibleYear": 1629,
        "latestPossibleYear": 1629,
        "dateBasis": "documented_construction",
        "dateConfidence": "high",
        "shortDescription": "Officially designated historic asset. Refresh the linked HES record for current designation details and supplementary description.",
        "fullDescription": "Included as part of the comprehensive Kincardine and Tulliallan statutory inventory. The live HES record remains authoritative.",
        "architectOrDesigner": null,
        "extantStatus": "extant",
        "sourceRecords": [
          {
            "sourceName": "Historic Environment Scotland designation LB16614",
            "sourceOrganisation": "Historic Environment Scotland",
            "sourceRecordId": "LB16614",
            "sourceUrl": "https://portal.historicenvironment.scot/designation/LB16614",
            "accessedAt": "2026-07-29",
            "licence": "Official designation record; HES spatial data is available under the Open Government Licence v3.0.",
            "reliability": "official_statutory",
            "notes": "Refresh current status, category, description and geometry from the live HES designation layer."
          },
          {
            "sourceName": "Tulliallan listed-building coordinate index",
            "sourceOrganisation": "Historic Scotland-derived Open Government Licence index",
            "sourceRecordId": null,
            "sourceUrl": "https://en.wikipedia.org/wiki/List_of_listed_buildings_in_Tulliallan,_Fife",
            "accessedAt": "2026-07-29",
            "licence": "The index states that its addresses and coordinates derive from Historic Scotland data under the Open Government Licence.",
            "reliability": "discovery_only",
            "notes": "Used as a practical coordinate snapshot; refresh against the live HES layer before publication."
          }
        ],
        "licence": "See source records.",
        "tags": [
          "listed building",
          "category B",
          "Historic town and conservation area"
        ],
        "createdAt": "2026-07-29",
        "updatedAt": "2026-07-29",
        "reviewed": true,
        "reviewNotes": null,
        "coverageLevel": "statutory_index",
        "studyAreaSection": "Historic town and conservation area",
        "officialRecordUrl": "https://portal.historicenvironment.scot/designation/LB16614",
        "liveRefreshRecommended": true,
        "geometrySource": {
          "type": "Historic Scotland-derived OGL coordinate index",
          "confidence": "medium",
          "refreshLayer": "HES Listed Buildings by Category"
        },
        "heatmapScoring": {
          "ageFactor": 0.9,
          "significanceFactor": 0.75,
          "confidenceFactor": 1.0,
          "survivalFactor": 0.6,
          "provisionalWeight": 0.405,
          "warning": "The survival factor is provisional until a reviewed condition and integrity survey is completed."
        },
        "datePrecision": "inscribed_exact_year",
        "dateResearchStatus": "completed",
        "dateResearchedAt": "2026-07-29",
        "dateResearchMethod": "Published exact or approximate date from an official designation record, heritage inventory, archaeological survey or published heritage classification."
      }
    },
    {
      "type": "Feature",
      "id": "hes-lb16619",
      "geometry": {
        "type": "Point",
        "coordinates": [
          -3.716075,
          56.071077
        ]
      },
      "properties": {
        "id": "hes-lb16619",
        "projectId": "kincardine-on-forth-scotland",
        "name": "50–52 Kirk Street",
        "alternativeNames": [],
        "countryCode": "GB",
        "nation": "Scotland",
        "region": "Fife",
        "locality": "Kincardine-on-Forth",
        "featureType": "house",
        "designationType": "Listed Building",
        "designationCategory": "C",
        "legacyCategoryLabel": "C(S)",
        "statutoryStatus": "Designated — live verification recommended",
        "designationReference": "LB16619",
        "locationType": "designation_point",
        "locationConfidence": "medium",
        "documentedDateText": "Door lintel dated 1778",
        "earliestPossibleYear": 1778,
        "latestPossibleYear": 1778,
        "dateBasis": "documented_construction",
        "dateConfidence": "high",
        "shortDescription": "Officially designated historic asset. Refresh the linked HES record for current designation details and supplementary description.",
        "fullDescription": "Included as part of the comprehensive Kincardine and Tulliallan statutory inventory. The live HES record remains authoritative.",
        "architectOrDesigner": null,
        "extantStatus": "extant",
        "sourceRecords": [
          {
            "sourceName": "Historic Environment Scotland designation LB16619",
            "sourceOrganisation": "Historic Environment Scotland",
            "sourceRecordId": "LB16619",
            "sourceUrl": "https://portal.historicenvironment.scot/designation/LB16619",
            "accessedAt": "2026-07-29",
            "licence": "Official designation record; HES spatial data is available under the Open Government Licence v3.0.",
            "reliability": "official_statutory",
            "notes": "Refresh current status, category, description and geometry from the live HES designation layer."
          },
          {
            "sourceName": "Tulliallan listed-building coordinate index",
            "sourceOrganisation": "Historic Scotland-derived Open Government Licence index",
            "sourceRecordId": null,
            "sourceUrl": "https://en.wikipedia.org/wiki/List_of_listed_buildings_in_Tulliallan,_Fife",
            "accessedAt": "2026-07-29",
            "licence": "The index states that its addresses and coordinates derive from Historic Scotland data under the Open Government Licence.",
            "reliability": "discovery_only",
            "notes": "Used as a practical coordinate snapshot; refresh against the live HES layer before publication."
          }
        ],
        "licence": "See source records.",
        "tags": [
          "listed building",
          "category C",
          "Historic town and conservation area"
        ],
        "createdAt": "2026-07-29",
        "updatedAt": "2026-07-29",
        "reviewed": true,
        "reviewNotes": null,
        "coverageLevel": "statutory_index",
        "studyAreaSection": "Historic town and conservation area",
        "officialRecordUrl": "https://portal.historicenvironment.scot/designation/LB16619",
        "liveRefreshRecommended": true,
        "geometrySource": {
          "type": "Historic Scotland-derived OGL coordinate index",
          "confidence": "medium",
          "refreshLayer": "HES Listed Buildings by Category"
        },
        "heatmapScoring": {
          "ageFactor": 0.8,
          "significanceFactor": 0.5,
          "confidenceFactor": 1.0,
          "survivalFactor": 0.6,
          "provisionalWeight": 0.24,
          "warning": "The survival factor is provisional until a reviewed condition and integrity survey is completed."
        },
        "datePrecision": "inscribed_exact_year",
        "dateResearchStatus": "completed",
        "dateResearchedAt": "2026-07-29",
        "dateResearchMethod": "Published exact or approximate date from an official designation record, heritage inventory, archaeological survey or published heritage classification."
      }
    },
    {
      "type": "Feature",
      "id": "hes-lb17134",
      "geometry": {
        "type": "Point",
        "coordinates": [
          -3.715648,
          56.068693
        ]
      },
      "properties": {
        "id": "hes-lb17134",
        "projectId": "kincardine-on-forth-scotland",
        "name": "63 Mercer Street",
        "alternativeNames": [],
        "countryCode": "GB",
        "nation": "Scotland",
        "region": "Fife",
        "locality": "Kincardine-on-Forth",
        "featureType": "house",
        "designationType": "Listed Building",
        "designationCategory": "B",
        "legacyCategoryLabel": null,
        "statutoryStatus": "Designated — live verification recommended",
        "designationReference": "LB17134",
        "locationType": "designation_point",
        "locationConfidence": "medium",
        "documentedDateText": "Door architrave dated 1805",
        "earliestPossibleYear": 1805,
        "latestPossibleYear": 1805,
        "dateBasis": "documented_construction",
        "dateConfidence": "high",
        "shortDescription": "Officially designated historic asset. Refresh the linked HES record for current designation details and supplementary description.",
        "fullDescription": "Included as part of the comprehensive Kincardine and Tulliallan statutory inventory. The live HES record remains authoritative.",
        "architectOrDesigner": null,
        "extantStatus": "extant",
        "sourceRecords": [
          {
            "sourceName": "Historic Environment Scotland designation LB17134",
            "sourceOrganisation": "Historic Environment Scotland",
            "sourceRecordId": "LB17134",
            "sourceUrl": "https://portal.historicenvironment.scot/designation/LB17134",
            "accessedAt": "2026-07-29",
            "licence": "Official designation record; HES spatial data is available under the Open Government Licence v3.0.",
            "reliability": "official_statutory",
            "notes": "Refresh current status, category, description and geometry from the live HES designation layer."
          },
          {
            "sourceName": "Tulliallan listed-building coordinate index",
            "sourceOrganisation": "Historic Scotland-derived Open Government Licence index",
            "sourceRecordId": null,
            "sourceUrl": "https://en.wikipedia.org/wiki/List_of_listed_buildings_in_Tulliallan,_Fife",
            "accessedAt": "2026-07-29",
            "licence": "The index states that its addresses and coordinates derive from Historic Scotland data under the Open Government Licence.",
            "reliability": "discovery_only",
            "notes": "Used as a practical coordinate snapshot; refresh against the live HES layer before publication."
          }
        ],
        "licence": "See source records.",
        "tags": [
          "listed building",
          "category B",
          "Historic town and conservation area"
        ],
        "createdAt": "2026-07-29",
        "updatedAt": "2026-07-29",
        "reviewed": true,
        "reviewNotes": null,
        "coverageLevel": "statutory_index",
        "studyAreaSection": "Historic town and conservation area",
        "officialRecordUrl": "https://portal.historicenvironment.scot/designation/LB17134",
        "liveRefreshRecommended": true,
        "geometrySource": {
          "type": "Historic Scotland-derived OGL coordinate index",
          "confidence": "medium",
          "refreshLayer": "HES Listed Buildings by Category"
        },
        "heatmapScoring": {
          "ageFactor": 0.7,
          "significanceFactor": 0.75,
          "confidenceFactor": 1.0,
          "survivalFactor": 0.6,
          "provisionalWeight": 0.315,
          "warning": "The survival factor is provisional until a reviewed condition and integrity survey is completed."
        },
        "datePrecision": "inscribed_exact_year",
        "dateResearchStatus": "completed",
        "dateResearchedAt": "2026-07-29",
        "dateResearchMethod": "Published exact or approximate date from an official designation record, heritage inventory, archaeological survey or published heritage classification."
      }
    },
    {
      "type": "Feature",
      "id": "hes-lb17143",
      "geometry": {
        "type": "Point",
        "coordinates": [
          -3.717966,
          56.076371
        ]
      },
      "properties": {
        "id": "hes-lb17143",
        "projectId": "kincardine-on-forth-scotland",
        "name": "Tulliallan Doocot, Blackhall",
        "alternativeNames": [],
        "countryCode": "GB",
        "nation": "Scotland",
        "region": "Fife",
        "locality": "Kincardine-on-Forth",
        "featureType": "doocot",
        "designationType": "Listed Building",
        "designationCategory": "B",
        "legacyCategoryLabel": null,
        "statutoryStatus": "Designated — live verification recommended",
        "designationReference": "LB17143",
        "locationType": "designation_point",
        "locationConfidence": "medium",
        "documentedDateText": "18th century",
        "earliestPossibleYear": 1700,
        "latestPossibleYear": 1799,
        "dateBasis": "estimated_from_authoritative_source",
        "dateConfidence": "medium",
        "shortDescription": "Officially designated historic asset. Refresh the linked HES record for current designation details and supplementary description.",
        "fullDescription": "Included as part of the comprehensive Kincardine and Tulliallan statutory inventory. The live HES record remains authoritative.",
        "architectOrDesigner": null,
        "extantStatus": "extant",
        "sourceRecords": [
          {
            "sourceName": "Historic Environment Scotland designation LB17143",
            "sourceOrganisation": "Historic Environment Scotland",
            "sourceRecordId": "LB17143",
            "sourceUrl": "https://portal.historicenvironment.scot/designation/LB17143",
            "accessedAt": "2026-07-29",
            "licence": "Official designation record; HES spatial data is available under the Open Government Licence v3.0.",
            "reliability": "official_statutory",
            "notes": "Refresh current status, category, description and geometry from the live HES designation layer."
          },
          {
            "sourceName": "Tulliallan listed-building coordinate index",
            "sourceOrganisation": "Historic Scotland-derived Open Government Licence index",
            "sourceRecordId": null,
            "sourceUrl": "https://en.wikipedia.org/wiki/List_of_listed_buildings_in_Tulliallan,_Fife",
            "accessedAt": "2026-07-29",
            "licence": "The index states that its addresses and coordinates derive from Historic Scotland data under the Open Government Licence.",
            "reliability": "discovery_only",
            "notes": "Used as a practical coordinate snapshot; refresh against the live HES layer before publication."
          }
        ],
        "licence": "See source records.",
        "tags": [
          "listed building",
          "category B",
          "Tulliallan policies and church sites"
        ],
        "createdAt": "2026-07-29",
        "updatedAt": "2026-07-29",
        "reviewed": true,
        "reviewNotes": null,
        "coverageLevel": "statutory_index",
        "studyAreaSection": "Tulliallan policies and church sites",
        "officialRecordUrl": "https://portal.historicenvironment.scot/designation/LB17143",
        "liveRefreshRecommended": true,
        "geometrySource": {
          "type": "Historic Scotland-derived OGL coordinate index",
          "confidence": "medium",
          "refreshLayer": "HES Listed Buildings by Category"
        },
        "heatmapScoring": {
          "ageFactor": 0.8,
          "significanceFactor": 0.75,
          "confidenceFactor": 0.75,
          "survivalFactor": 0.6,
          "provisionalWeight": 0.27,
          "warning": "The survival factor is provisional until a reviewed condition and integrity survey is completed."
        },
        "datePrecision": "century_range",
        "dateResearchStatus": "completed",
        "dateResearchedAt": "2026-07-29",
        "dateResearchMethod": "Published exact or approximate date from an official designation record, heritage inventory, archaeological survey or published heritage classification."
      }
    },
    {
      "type": "Feature",
      "id": "hes-lb16585",
      "geometry": {
        "type": "Point",
        "coordinates": [
          -3.710548,
          56.073598
        ]
      },
      "properties": {
        "id": "hes-lb16585",
        "projectId": "kincardine-on-forth-scotland",
        "name": "Tulliallan Castle, Scottish Police College",
        "alternativeNames": [],
        "countryCode": "GB",
        "nation": "Scotland",
        "region": "Fife",
        "locality": "Kincardine-on-Forth",
        "featureType": "castle",
        "designationType": "Listed Building",
        "designationCategory": "A",
        "legacyCategoryLabel": null,
        "statutoryStatus": "Designated — live verification recommended",
        "designationReference": "LB16585",
        "locationType": "designation_point",
        "locationConfidence": "medium",
        "documentedDateText": "1818–1820",
        "earliestPossibleYear": 1818,
        "latestPossibleYear": 1820,
        "dateBasis": "documented_date_range",
        "dateConfidence": "high",
        "shortDescription": "A Category A castellated Gothic mansion built for Admiral Lord Keith, now at the heart of the Scottish Police College.",
        "fullDescription": "The estate was acquired by Lord Keith in 1798. The castle later served as headquarters for the Free Polish Forces and has housed the Scottish Police College since 1954.",
        "architectOrDesigner": "William Atkinson",
        "extantStatus": "extant",
        "sourceRecords": [
          {
            "sourceName": "Historic Environment Scotland designation LB16585",
            "sourceOrganisation": "Historic Environment Scotland",
            "sourceRecordId": "LB16585",
            "sourceUrl": "https://portal.historicenvironment.scot/designation/LB16585",
            "accessedAt": "2026-07-29",
            "licence": "Official designation record; HES spatial data is available under the Open Government Licence v3.0.",
            "reliability": "official_statutory",
            "notes": "Manually enriched for this pack."
          },
          {
            "sourceName": "Tulliallan listed-building coordinate index",
            "sourceOrganisation": "Historic Scotland-derived Open Government Licence index",
            "sourceRecordId": null,
            "sourceUrl": "https://en.wikipedia.org/wiki/List_of_listed_buildings_in_Tulliallan,_Fife",
            "accessedAt": "2026-07-29",
            "licence": "The index states that its addresses and coordinates derive from Historic Scotland data under the Open Government Licence.",
            "reliability": "discovery_only",
            "notes": "Used as a practical coordinate snapshot; refresh against the live HES layer before publication."
          }
        ],
        "licence": "See source records.",
        "tags": [
          "listed building",
          "category A",
          "Tulliallan policies and church sites"
        ],
        "createdAt": "2026-07-29",
        "updatedAt": "2026-07-29",
        "reviewed": true,
        "reviewNotes": null,
        "coverageLevel": "detailed",
        "studyAreaSection": "Tulliallan policies and church sites",
        "officialRecordUrl": "https://portal.historicenvironment.scot/designation/LB16585",
        "liveRefreshRecommended": true,
        "geometrySource": {
          "type": "Historic Scotland-derived OGL coordinate index",
          "confidence": "medium",
          "refreshLayer": "HES Listed Buildings by Category"
        },
        "heatmapScoring": {
          "ageFactor": 0.7,
          "significanceFactor": 1.0,
          "confidenceFactor": 1.0,
          "survivalFactor": 0.6,
          "provisionalWeight": 0.42,
          "warning": "The survival factor is provisional until a reviewed condition and integrity survey is completed."
        }
      }
    },
    {
      "type": "Feature",
      "id": "hes-lb16597",
      "geometry": {
        "type": "Point",
        "coordinates": [
          -3.721474,
          56.06676
        ]
      },
      "properties": {
        "id": "hes-lb16597",
        "projectId": "kincardine-on-forth-scotland",
        "name": "54 Keith Street",
        "alternativeNames": [],
        "countryCode": "GB",
        "nation": "Scotland",
        "region": "Fife",
        "locality": "Kincardine-on-Forth",
        "featureType": "house",
        "designationType": "Listed Building",
        "designationCategory": "B",
        "legacyCategoryLabel": null,
        "statutoryStatus": "Designated — live verification recommended",
        "designationReference": "LB16597",
        "locationType": "designation_point",
        "locationConfidence": "medium",
        "documentedDateText": "Late 18th century",
        "earliestPossibleYear": 1775,
        "latestPossibleYear": 1799,
        "dateBasis": "estimated_from_authoritative_source",
        "dateConfidence": "high",
        "shortDescription": "Officially designated historic asset. Refresh the linked HES record for current designation details and supplementary description.",
        "fullDescription": "Included as part of the comprehensive Kincardine and Tulliallan statutory inventory. The live HES record remains authoritative.",
        "architectOrDesigner": null,
        "extantStatus": "extant",
        "sourceRecords": [
          {
            "sourceName": "Historic Environment Scotland designation LB16597",
            "sourceOrganisation": "Historic Environment Scotland",
            "sourceRecordId": "LB16597",
            "sourceUrl": "https://portal.historicenvironment.scot/designation/LB16597",
            "accessedAt": "2026-07-29",
            "licence": "Official designation record; HES spatial data is available under the Open Government Licence v3.0.",
            "reliability": "official_statutory",
            "notes": "Refresh current status, category, description and geometry from the live HES designation layer."
          },
          {
            "sourceName": "Tulliallan listed-building coordinate index",
            "sourceOrganisation": "Historic Scotland-derived Open Government Licence index",
            "sourceRecordId": null,
            "sourceUrl": "https://en.wikipedia.org/wiki/List_of_listed_buildings_in_Tulliallan,_Fife",
            "accessedAt": "2026-07-29",
            "licence": "The index states that its addresses and coordinates derive from Historic Scotland data under the Open Government Licence.",
            "reliability": "discovery_only",
            "notes": "Used as a practical coordinate snapshot; refresh against the live HES layer before publication."
          }
        ],
        "licence": "See source records.",
        "tags": [
          "listed building",
          "category B",
          "Historic town and conservation area"
        ],
        "createdAt": "2026-07-29",
        "updatedAt": "2026-07-29",
        "reviewed": true,
        "reviewNotes": null,
        "coverageLevel": "statutory_index",
        "studyAreaSection": "Historic town and conservation area",
        "officialRecordUrl": "https://portal.historicenvironment.scot/designation/LB16597",
        "liveRefreshRecommended": true,
        "geometrySource": {
          "type": "Historic Scotland-derived OGL coordinate index",
          "confidence": "medium",
          "refreshLayer": "HES Listed Buildings by Category"
        },
        "heatmapScoring": {
          "ageFactor": 0.8,
          "significanceFactor": 0.75,
          "confidenceFactor": 1.0,
          "survivalFactor": 0.6,
          "provisionalWeight": 0.36,
          "warning": "The survival factor is provisional until a reviewed condition and integrity survey is completed."
        },
        "datePrecision": "quarter_century_range",
        "dateResearchStatus": "completed",
        "dateResearchedAt": "2026-07-29",
        "dateResearchMethod": "Published exact or approximate date from an official designation record, heritage inventory, archaeological survey or published heritage classification."
      }
    },
    {
      "type": "Feature",
      "id": "hes-lb16575",
      "geometry": {
        "type": "Point",
        "coordinates": [
          -3.721317,
          56.071175
        ]
      },
      "properties": {
        "id": "hes-lb16575",
        "projectId": "kincardine-on-forth-scotland",
        "name": "63 and 65 Kilbagie Street",
        "alternativeNames": [],
        "countryCode": "GB",
        "nation": "Scotland",
        "region": "Fife",
        "locality": "Kincardine-on-Forth",
        "featureType": "house",
        "designationType": "Listed Building",
        "designationCategory": "C",
        "legacyCategoryLabel": "C(S)",
        "statutoryStatus": "Designated — live verification recommended",
        "designationReference": "LB16575",
        "locationType": "designation_point",
        "locationConfidence": "medium",
        "documentedDateText": "Number 65 is inscribed 1804",
        "earliestPossibleYear": 1804,
        "latestPossibleYear": 1804,
        "dateBasis": "documented_construction",
        "dateConfidence": "high",
        "shortDescription": "Officially designated historic asset. Refresh the linked HES record for current designation details and supplementary description.",
        "fullDescription": "Included as part of the comprehensive Kincardine and Tulliallan statutory inventory. The live HES record remains authoritative.",
        "architectOrDesigner": null,
        "extantStatus": "extant",
        "sourceRecords": [
          {
            "sourceName": "Historic Environment Scotland designation LB16575",
            "sourceOrganisation": "Historic Environment Scotland",
            "sourceRecordId": "LB16575",
            "sourceUrl": "https://portal.historicenvironment.scot/designation/LB16575",
            "accessedAt": "2026-07-29",
            "licence": "Official designation record; HES spatial data is available under the Open Government Licence v3.0.",
            "reliability": "official_statutory",
            "notes": "Refresh current status, category, description and geometry from the live HES designation layer."
          },
          {
            "sourceName": "Tulliallan listed-building coordinate index",
            "sourceOrganisation": "Historic Scotland-derived Open Government Licence index",
            "sourceRecordId": null,
            "sourceUrl": "https://en.wikipedia.org/wiki/List_of_listed_buildings_in_Tulliallan,_Fife",
            "accessedAt": "2026-07-29",
            "licence": "The index states that its addresses and coordinates derive from Historic Scotland data under the Open Government Licence.",
            "reliability": "discovery_only",
            "notes": "Used as a practical coordinate snapshot; refresh against the live HES layer before publication."
          }
        ],
        "licence": "See source records.",
        "tags": [
          "listed building",
          "category C",
          "Historic town and conservation area"
        ],
        "createdAt": "2026-07-29",
        "updatedAt": "2026-07-29",
        "reviewed": true,
        "reviewNotes": null,
        "coverageLevel": "statutory_index",
        "studyAreaSection": "Historic town and conservation area",
        "officialRecordUrl": "https://portal.historicenvironment.scot/designation/LB16575",
        "liveRefreshRecommended": true,
        "geometrySource": {
          "type": "Historic Scotland-derived OGL coordinate index",
          "confidence": "medium",
          "refreshLayer": "HES Listed Buildings by Category"
        },
        "heatmapScoring": {
          "ageFactor": 0.7,
          "significanceFactor": 0.5,
          "confidenceFactor": 1.0,
          "survivalFactor": 0.6,
          "provisionalWeight": 0.21,
          "warning": "The survival factor is provisional until a reviewed condition and integrity survey is completed."
        },
        "datePrecision": "inscribed_exact_year",
        "dateResearchStatus": "completed",
        "dateResearchedAt": "2026-07-29",
        "dateResearchMethod": "Published exact or approximate date from an official designation record, heritage inventory, archaeological survey or published heritage classification.",
        "dateEvidenceNote": "The exact year relates to the dated component within the listed group."
      }
    },
    {
      "type": "Feature",
      "id": "hes-lb16582",
      "geometry": {
        "type": "Point",
        "coordinates": [
          -3.710381,
          56.069116
        ]
      },
      "properties": {
        "id": "hes-lb16582",
        "projectId": "kincardine-on-forth-scotland",
        "name": "Burnbrae House",
        "alternativeNames": [],
        "countryCode": "GB",
        "nation": "Scotland",
        "region": "Fife",
        "locality": "Kincardine-on-Forth",
        "featureType": "house",
        "designationType": "Listed Building",
        "designationCategory": "B",
        "legacyCategoryLabel": null,
        "statutoryStatus": "Designated — live verification recommended",
        "designationReference": "LB16582",
        "locationType": "designation_point",
        "locationConfidence": "medium",
        "documentedDateText": "Probably late 18th century",
        "earliestPossibleYear": 1775,
        "latestPossibleYear": 1799,
        "dateBasis": "estimated_from_authoritative_source",
        "dateConfidence": "medium",
        "shortDescription": "Officially designated historic asset. Refresh the linked HES record for current designation details and supplementary description.",
        "fullDescription": "Included as part of the comprehensive Kincardine and Tulliallan statutory inventory. The live HES record remains authoritative.",
        "architectOrDesigner": null,
        "extantStatus": "extant",
        "sourceRecords": [
          {
            "sourceName": "Historic Environment Scotland designation LB16582",
            "sourceOrganisation": "Historic Environment Scotland",
            "sourceRecordId": "LB16582",
            "sourceUrl": "https://portal.historicenvironment.scot/designation/LB16582",
            "accessedAt": "2026-07-29",
            "licence": "Official designation record; HES spatial data is available under the Open Government Licence v3.0.",
            "reliability": "official_statutory",
            "notes": "Refresh current status, category, description and geometry from the live HES designation layer."
          },
          {
            "sourceName": "Tulliallan listed-building coordinate index",
            "sourceOrganisation": "Historic Scotland-derived Open Government Licence index",
            "sourceRecordId": null,
            "sourceUrl": "https://en.wikipedia.org/wiki/List_of_listed_buildings_in_Tulliallan,_Fife",
            "accessedAt": "2026-07-29",
            "licence": "The index states that its addresses and coordinates derive from Historic Scotland data under the Open Government Licence.",
            "reliability": "discovery_only",
            "notes": "Used as a practical coordinate snapshot; refresh against the live HES layer before publication."
          }
        ],
        "licence": "See source records.",
        "tags": [
          "listed building",
          "category B",
          "Wider Kincardine setting"
        ],
        "createdAt": "2026-07-29",
        "updatedAt": "2026-07-29",
        "reviewed": true,
        "reviewNotes": null,
        "coverageLevel": "statutory_index",
        "studyAreaSection": "Wider Kincardine setting",
        "officialRecordUrl": "https://portal.historicenvironment.scot/designation/LB16582",
        "liveRefreshRecommended": true,
        "geometrySource": {
          "type": "Historic Scotland-derived OGL coordinate index",
          "confidence": "medium",
          "refreshLayer": "HES Listed Buildings by Category"
        },
        "heatmapScoring": {
          "ageFactor": 0.8,
          "significanceFactor": 0.75,
          "confidenceFactor": 0.75,
          "survivalFactor": 0.6,
          "provisionalWeight": 0.27,
          "warning": "The survival factor is provisional until a reviewed condition and integrity survey is completed."
        },
        "datePrecision": "quarter_century_range",
        "dateResearchStatus": "completed",
        "dateResearchedAt": "2026-07-29",
        "dateResearchMethod": "Published exact or approximate date from an official designation record, heritage inventory, archaeological survey or published heritage classification."
      }
    },
    {
      "type": "Feature",
      "id": "hes-lb16588",
      "geometry": {
        "type": "Point",
        "coordinates": [
          -3.71845,
          56.068124
        ]
      },
      "properties": {
        "id": "hes-lb16588",
        "projectId": "kincardine-on-forth-scotland",
        "name": "2 High Street and 1 Chapel Street",
        "alternativeNames": [],
        "countryCode": "GB",
        "nation": "Scotland",
        "region": "Fife",
        "locality": "Kincardine-on-Forth",
        "featureType": "church",
        "designationType": "Listed Building",
        "designationCategory": "B",
        "legacyCategoryLabel": null,
        "statutoryStatus": "Designated — live verification recommended",
        "designationReference": "LB16588",
        "locationType": "designation_point",
        "locationConfidence": "medium",
        "documentedDateText": "Lintel dated 1689; rebuilt in 1791",
        "earliestPossibleYear": 1689,
        "latestPossibleYear": 1791,
        "dateBasis": "documented_date_range",
        "dateConfidence": "high",
        "shortDescription": "Officially designated historic asset. Refresh the linked HES record for current designation details and supplementary description.",
        "fullDescription": "Included as part of the comprehensive Kincardine and Tulliallan statutory inventory. The live HES record remains authoritative.",
        "architectOrDesigner": null,
        "extantStatus": "extant",
        "sourceRecords": [
          {
            "sourceName": "Historic Environment Scotland designation LB16588",
            "sourceOrganisation": "Historic Environment Scotland",
            "sourceRecordId": "LB16588",
            "sourceUrl": "https://portal.historicenvironment.scot/designation/LB16588",
            "accessedAt": "2026-07-29",
            "licence": "Official designation record; HES spatial data is available under the Open Government Licence v3.0.",
            "reliability": "official_statutory",
            "notes": "Refresh current status, category, description and geometry from the live HES designation layer."
          },
          {
            "sourceName": "Tulliallan listed-building coordinate index",
            "sourceOrganisation": "Historic Scotland-derived Open Government Licence index",
            "sourceRecordId": null,
            "sourceUrl": "https://en.wikipedia.org/wiki/List_of_listed_buildings_in_Tulliallan,_Fife",
            "accessedAt": "2026-07-29",
            "licence": "The index states that its addresses and coordinates derive from Historic Scotland data under the Open Government Licence.",
            "reliability": "discovery_only",
            "notes": "Used as a practical coordinate snapshot; refresh against the live HES layer before publication."
          }
        ],
        "licence": "See source records.",
        "tags": [
          "listed building",
          "category B",
          "Historic town and conservation area"
        ],
        "createdAt": "2026-07-29",
        "updatedAt": "2026-07-29",
        "reviewed": true,
        "reviewNotes": null,
        "coverageLevel": "statutory_index",
        "studyAreaSection": "Historic town and conservation area",
        "officialRecordUrl": "https://portal.historicenvironment.scot/designation/LB16588",
        "liveRefreshRecommended": true,
        "geometrySource": {
          "type": "Historic Scotland-derived OGL coordinate index",
          "confidence": "medium",
          "refreshLayer": "HES Listed Buildings by Category"
        },
        "heatmapScoring": {
          "ageFactor": 0.9,
          "significanceFactor": 0.75,
          "confidenceFactor": 1.0,
          "survivalFactor": 0.6,
          "provisionalWeight": 0.405,
          "warning": "The survival factor is provisional until a reviewed condition and integrity survey is completed."
        },
        "datePrecision": "documented_phases",
        "dateResearchStatus": "completed",
        "dateResearchedAt": "2026-07-29",
        "dateResearchMethod": "Published exact or approximate date from an official designation record, heritage inventory, archaeological survey or published heritage classification."
      }
    },
    {
      "type": "Feature",
      "id": "hes-lb16599",
      "geometry": {
        "type": "Point",
        "coordinates": [
          -3.722269,
          56.066947
        ]
      },
      "properties": {
        "id": "hes-lb16599",
        "projectId": "kincardine-on-forth-scotland",
        "name": "Lucker, 23 Forth Street",
        "alternativeNames": [],
        "countryCode": "GB",
        "nation": "Scotland",
        "region": "Fife",
        "locality": "Kincardine-on-Forth",
        "featureType": "house",
        "designationType": "Listed Building",
        "designationCategory": "C",
        "legacyCategoryLabel": "C(S)",
        "statutoryStatus": "Designated — live verification recommended",
        "designationReference": "LB16599",
        "locationType": "designation_point",
        "locationConfidence": "medium",
        "documentedDateText": "18th century",
        "earliestPossibleYear": 1700,
        "latestPossibleYear": 1799,
        "dateBasis": "documented_date_range",
        "dateConfidence": "high",
        "shortDescription": "Officially designated historic asset. Refresh the linked HES record for current designation details and supplementary description.",
        "fullDescription": "Included as part of the comprehensive Kincardine and Tulliallan statutory inventory. The live HES record remains authoritative.",
        "architectOrDesigner": null,
        "extantStatus": "extant",
        "sourceRecords": [
          {
            "sourceName": "Historic Environment Scotland designation LB16599",
            "sourceOrganisation": "Historic Environment Scotland",
            "sourceRecordId": "LB16599",
            "sourceUrl": "https://portal.historicenvironment.scot/designation/LB16599",
            "accessedAt": "2026-07-29",
            "licence": "Official designation record; HES spatial data is available under the Open Government Licence v3.0.",
            "reliability": "official_statutory",
            "notes": "Refresh current status, category, description and geometry from the live HES designation layer."
          },
          {
            "sourceName": "Tulliallan listed-building coordinate index",
            "sourceOrganisation": "Historic Scotland-derived Open Government Licence index",
            "sourceRecordId": null,
            "sourceUrl": "https://en.wikipedia.org/wiki/List_of_listed_buildings_in_Tulliallan,_Fife",
            "accessedAt": "2026-07-29",
            "licence": "The index states that its addresses and coordinates derive from Historic Scotland data under the Open Government Licence.",
            "reliability": "discovery_only",
            "notes": "Used as a practical coordinate snapshot; refresh against the live HES layer before publication."
          }
        ],
        "licence": "See source records.",
        "tags": [
          "listed building",
          "category C",
          "Historic town and conservation area"
        ],
        "createdAt": "2026-07-29",
        "updatedAt": "2026-07-29",
        "reviewed": true,
        "reviewNotes": null,
        "coverageLevel": "statutory_index",
        "studyAreaSection": "Historic town and conservation area",
        "officialRecordUrl": "https://portal.historicenvironment.scot/designation/LB16599",
        "liveRefreshRecommended": true,
        "geometrySource": {
          "type": "Historic Scotland-derived OGL coordinate index",
          "confidence": "medium",
          "refreshLayer": "HES Listed Buildings by Category"
        },
        "heatmapScoring": {
          "ageFactor": 0.8,
          "significanceFactor": 0.5,
          "confidenceFactor": 1.0,
          "survivalFactor": 0.6,
          "provisionalWeight": 0.24,
          "warning": "The survival factor is provisional until a reviewed condition and integrity survey is completed."
        },
        "datePrecision": "century_range",
        "dateResearchStatus": "completed",
        "dateResearchedAt": "2026-07-29",
        "dateResearchMethod": "Published exact or approximate date from an official designation record, heritage inventory, archaeological survey or published heritage classification."
      }
    },
    {
      "type": "Feature",
      "id": "hes-lb16602",
      "geometry": {
        "type": "Point",
        "coordinates": [
          -3.716125,
          56.067132
        ]
      },
      "properties": {
        "id": "hes-lb16602",
        "projectId": "kincardine-on-forth-scotland",
        "name": "16 Regent Street",
        "alternativeNames": [],
        "countryCode": "GB",
        "nation": "Scotland",
        "region": "Fife",
        "locality": "Kincardine-on-Forth",
        "featureType": "house",
        "designationType": "Listed Building",
        "designationCategory": "B",
        "legacyCategoryLabel": null,
        "statutoryStatus": "Designated — live verification recommended",
        "designationReference": "LB16602",
        "locationType": "designation_point",
        "locationConfidence": "medium",
        "documentedDateText": "Early 19th century",
        "earliestPossibleYear": 1800,
        "latestPossibleYear": 1825,
        "dateBasis": "estimated_from_authoritative_source",
        "dateConfidence": "high",
        "shortDescription": "Officially designated historic asset. Refresh the linked HES record for current designation details and supplementary description.",
        "fullDescription": "Included as part of the comprehensive Kincardine and Tulliallan statutory inventory. The live HES record remains authoritative.",
        "architectOrDesigner": null,
        "extantStatus": "extant",
        "sourceRecords": [
          {
            "sourceName": "Historic Environment Scotland designation LB16602",
            "sourceOrganisation": "Historic Environment Scotland",
            "sourceRecordId": "LB16602",
            "sourceUrl": "https://portal.historicenvironment.scot/designation/LB16602",
            "accessedAt": "2026-07-29",
            "licence": "Official designation record; HES spatial data is available under the Open Government Licence v3.0.",
            "reliability": "official_statutory",
            "notes": "Refresh current status, category, description and geometry from the live HES designation layer."
          },
          {
            "sourceName": "Tulliallan listed-building coordinate index",
            "sourceOrganisation": "Historic Scotland-derived Open Government Licence index",
            "sourceRecordId": null,
            "sourceUrl": "https://en.wikipedia.org/wiki/List_of_listed_buildings_in_Tulliallan,_Fife",
            "accessedAt": "2026-07-29",
            "licence": "The index states that its addresses and coordinates derive from Historic Scotland data under the Open Government Licence.",
            "reliability": "discovery_only",
            "notes": "Used as a practical coordinate snapshot; refresh against the live HES layer before publication."
          }
        ],
        "licence": "See source records.",
        "tags": [
          "listed building",
          "category B",
          "Historic town and conservation area"
        ],
        "createdAt": "2026-07-29",
        "updatedAt": "2026-07-29",
        "reviewed": true,
        "reviewNotes": null,
        "coverageLevel": "statutory_index",
        "studyAreaSection": "Historic town and conservation area",
        "officialRecordUrl": "https://portal.historicenvironment.scot/designation/LB16602",
        "liveRefreshRecommended": true,
        "geometrySource": {
          "type": "Historic Scotland-derived OGL coordinate index",
          "confidence": "medium",
          "refreshLayer": "HES Listed Buildings by Category"
        },
        "heatmapScoring": {
          "ageFactor": 0.7,
          "significanceFactor": 0.75,
          "confidenceFactor": 1.0,
          "survivalFactor": 0.6,
          "provisionalWeight": 0.315,
          "warning": "The survival factor is provisional until a reviewed condition and integrity survey is completed."
        },
        "datePrecision": "quarter_century_range",
        "dateResearchStatus": "completed",
        "dateResearchedAt": "2026-07-29",
        "dateResearchMethod": "Published exact or approximate date from an official designation record, heritage inventory, archaeological survey or published heritage classification."
      }
    },
    {
      "type": "Feature",
      "id": "hes-lb16618",
      "geometry": {
        "type": "Point",
        "coordinates": [
          -3.715959,
          56.071717
        ]
      },
      "properties": {
        "id": "hes-lb16618",
        "projectId": "kincardine-on-forth-scotland",
        "name": "71 and 73 Kirk Street and Tulliallan Session House",
        "alternativeNames": [],
        "countryCode": "GB",
        "nation": "Scotland",
        "region": "Fife",
        "locality": "Kincardine-on-Forth",
        "featureType": "house",
        "designationType": "Listed Building",
        "designationCategory": "C",
        "legacyCategoryLabel": "C(S)",
        "statutoryStatus": "Designated — live verification recommended",
        "designationReference": "LB16618",
        "locationType": "designation_point",
        "locationConfidence": "medium",
        "documentedDateText": "18th-century cottages; Tulliallan Session House dated 1833",
        "earliestPossibleYear": 1700,
        "latestPossibleYear": 1833,
        "dateBasis": "documented_date_range",
        "dateConfidence": "high",
        "shortDescription": "Officially designated historic asset. Refresh the linked HES record for current designation details and supplementary description.",
        "fullDescription": "Included as part of the comprehensive Kincardine and Tulliallan statutory inventory. The live HES record remains authoritative.",
        "architectOrDesigner": null,
        "extantStatus": "extant",
        "sourceRecords": [
          {
            "sourceName": "Historic Environment Scotland designation LB16618",
            "sourceOrganisation": "Historic Environment Scotland",
            "sourceRecordId": "LB16618",
            "sourceUrl": "https://portal.historicenvironment.scot/designation/LB16618",
            "accessedAt": "2026-07-29",
            "licence": "Official designation record; HES spatial data is available under the Open Government Licence v3.0.",
            "reliability": "official_statutory",
            "notes": "Refresh current status, category, description and geometry from the live HES designation layer."
          },
          {
            "sourceName": "Tulliallan listed-building coordinate index",
            "sourceOrganisation": "Historic Scotland-derived Open Government Licence index",
            "sourceRecordId": null,
            "sourceUrl": "https://en.wikipedia.org/wiki/List_of_listed_buildings_in_Tulliallan,_Fife",
            "accessedAt": "2026-07-29",
            "licence": "The index states that its addresses and coordinates derive from Historic Scotland data under the Open Government Licence.",
            "reliability": "discovery_only",
            "notes": "Used as a practical coordinate snapshot; refresh against the live HES layer before publication."
          }
        ],
        "licence": "See source records.",
        "tags": [
          "listed building",
          "category C",
          "Historic town and conservation area"
        ],
        "createdAt": "2026-07-29",
        "updatedAt": "2026-07-29",
        "reviewed": true,
        "reviewNotes": null,
        "coverageLevel": "statutory_index",
        "studyAreaSection": "Historic town and conservation area",
        "officialRecordUrl": "https://portal.historicenvironment.scot/designation/LB16618",
        "liveRefreshRecommended": true,
        "geometrySource": {
          "type": "Historic Scotland-derived OGL coordinate index",
          "confidence": "medium",
          "refreshLayer": "HES Listed Buildings by Category"
        },
        "heatmapScoring": {
          "ageFactor": 0.8,
          "significanceFactor": 0.5,
          "confidenceFactor": 1.0,
          "survivalFactor": 0.6,
          "provisionalWeight": 0.24,
          "warning": "The survival factor is provisional until a reviewed condition and integrity survey is completed."
        },
        "datePrecision": "century_and_exact_phase",
        "dateResearchStatus": "completed",
        "dateResearchedAt": "2026-07-29",
        "dateResearchMethod": "Published exact or approximate date from an official designation record, heritage inventory, archaeological survey or published heritage classification."
      }
    },
    {
      "type": "Feature",
      "id": "hes-lb16574",
      "geometry": {
        "type": "Point",
        "coordinates": [
          -3.719593,
          56.06818
        ]
      },
      "properties": {
        "id": "hes-lb16574",
        "projectId": "kincardine-on-forth-scotland",
        "name": "14 and 16 Excise Street",
        "alternativeNames": [],
        "countryCode": "GB",
        "nation": "Scotland",
        "region": "Fife",
        "locality": "Kincardine-on-Forth",
        "featureType": "house",
        "designationType": "Listed Building",
        "designationCategory": "B",
        "legacyCategoryLabel": null,
        "statutoryStatus": "Designated — live verification recommended",
        "designationReference": "LB16574",
        "locationType": "designation_point",
        "locationConfidence": "medium",
        "documentedDateText": "Late 18th century",
        "earliestPossibleYear": 1775,
        "latestPossibleYear": 1799,
        "dateBasis": "estimated_from_authoritative_source",
        "dateConfidence": "high",
        "shortDescription": "Officially designated historic asset. Refresh the linked HES record for current designation details and supplementary description.",
        "fullDescription": "Included as part of the comprehensive Kincardine and Tulliallan statutory inventory. The live HES record remains authoritative.",
        "architectOrDesigner": null,
        "extantStatus": "extant",
        "sourceRecords": [
          {
            "sourceName": "Historic Environment Scotland designation LB16574",
            "sourceOrganisation": "Historic Environment Scotland",
            "sourceRecordId": "LB16574",
            "sourceUrl": "https://portal.historicenvironment.scot/designation/LB16574",
            "accessedAt": "2026-07-29",
            "licence": "Official designation record; HES spatial data is available under the Open Government Licence v3.0.",
            "reliability": "official_statutory",
            "notes": "Refresh current status, category, description and geometry from the live HES designation layer."
          },
          {
            "sourceName": "Tulliallan listed-building coordinate index",
            "sourceOrganisation": "Historic Scotland-derived Open Government Licence index",
            "sourceRecordId": null,
            "sourceUrl": "https://en.wikipedia.org/wiki/List_of_listed_buildings_in_Tulliallan,_Fife",
            "accessedAt": "2026-07-29",
            "licence": "The index states that its addresses and coordinates derive from Historic Scotland data under the Open Government Licence.",
            "reliability": "discovery_only",
            "notes": "Used as a practical coordinate snapshot; refresh against the live HES layer before publication."
          }
        ],
        "licence": "See source records.",
        "tags": [
          "listed building",
          "category B",
          "Historic town and conservation area"
        ],
        "createdAt": "2026-07-29",
        "updatedAt": "2026-07-29",
        "reviewed": true,
        "reviewNotes": null,
        "coverageLevel": "statutory_index",
        "studyAreaSection": "Historic town and conservation area",
        "officialRecordUrl": "https://portal.historicenvironment.scot/designation/LB16574",
        "liveRefreshRecommended": true,
        "geometrySource": {
          "type": "Historic Scotland-derived OGL coordinate index",
          "confidence": "medium",
          "refreshLayer": "HES Listed Buildings by Category"
        },
        "heatmapScoring": {
          "ageFactor": 0.8,
          "significanceFactor": 0.75,
          "confidenceFactor": 1.0,
          "survivalFactor": 0.6,
          "provisionalWeight": 0.36,
          "warning": "The survival factor is provisional until a reviewed condition and integrity survey is completed."
        },
        "datePrecision": "quarter_century_range",
        "dateResearchStatus": "completed",
        "dateResearchedAt": "2026-07-29",
        "dateResearchMethod": "Published exact or approximate date from an official designation record, heritage inventory, archaeological survey or published heritage classification."
      }
    },
    {
      "type": "Feature",
      "id": "hes-lb16584",
      "geometry": {
        "type": "Point",
        "coordinates": [
          -3.714341,
          56.073626
        ]
      },
      "properties": {
        "id": "hes-lb16584",
        "projectId": "kincardine-on-forth-scotland",
        "name": "Tulliallan Old Parish Church",
        "alternativeNames": [],
        "countryCode": "GB",
        "nation": "Scotland",
        "region": "Fife",
        "locality": "Kincardine-on-Forth",
        "featureType": "church",
        "designationType": "Listed Building",
        "designationCategory": "B",
        "legacyCategoryLabel": null,
        "statutoryStatus": "Designated — live verification recommended",
        "designationReference": "LB16584",
        "locationType": "designation_point",
        "locationConfidence": "medium",
        "documentedDateText": "Renaissance west bell tower dated 1675; superseded as parish church in 1833",
        "earliestPossibleYear": 1675,
        "latestPossibleYear": 1675,
        "dateBasis": "documented_construction",
        "dateConfidence": "high",
        "shortDescription": "The roofless former parish church, retaining a 1675 bell tower and Renaissance detailing.",
        "fullDescription": "Included as part of the comprehensive Kincardine and Tulliallan statutory inventory. The live HES record remains authoritative.",
        "architectOrDesigner": null,
        "extantStatus": "ruin",
        "sourceRecords": [
          {
            "sourceName": "Historic Environment Scotland designation LB16584",
            "sourceOrganisation": "Historic Environment Scotland",
            "sourceRecordId": "LB16584",
            "sourceUrl": "https://portal.historicenvironment.scot/designation/LB16584",
            "accessedAt": "2026-07-29",
            "licence": "Official designation record; HES spatial data is available under the Open Government Licence v3.0.",
            "reliability": "official_statutory",
            "notes": "Manually enriched for this pack."
          },
          {
            "sourceName": "Tulliallan listed-building coordinate index",
            "sourceOrganisation": "Historic Scotland-derived Open Government Licence index",
            "sourceRecordId": null,
            "sourceUrl": "https://en.wikipedia.org/wiki/List_of_listed_buildings_in_Tulliallan,_Fife",
            "accessedAt": "2026-07-29",
            "licence": "The index states that its addresses and coordinates derive from Historic Scotland data under the Open Government Licence.",
            "reliability": "discovery_only",
            "notes": "Used as a practical coordinate snapshot; refresh against the live HES layer before publication."
          }
        ],
        "licence": "See source records.",
        "tags": [
          "listed building",
          "category B",
          "Tulliallan policies and church sites"
        ],
        "createdAt": "2026-07-29",
        "updatedAt": "2026-07-29",
        "reviewed": true,
        "reviewNotes": null,
        "coverageLevel": "detailed",
        "studyAreaSection": "Tulliallan policies and church sites",
        "officialRecordUrl": "https://portal.historicenvironment.scot/designation/LB16584",
        "liveRefreshRecommended": true,
        "geometrySource": {
          "type": "Historic Scotland-derived OGL coordinate index",
          "confidence": "medium",
          "refreshLayer": "HES Listed Buildings by Category"
        },
        "heatmapScoring": {
          "ageFactor": 0.9,
          "significanceFactor": 0.75,
          "confidenceFactor": 1.0,
          "survivalFactor": 0.6,
          "provisionalWeight": 0.405,
          "warning": "The survival factor is provisional until a reviewed condition and integrity survey is completed."
        }
      }
    },
    {
      "type": "Feature",
      "id": "hes-lb16586",
      "geometry": {
        "type": "Point",
        "coordinates": [
          -3.709825,
          56.062366
        ]
      },
      "properties": {
        "id": "hes-lb16586",
        "projectId": "kincardine-on-forth-scotland",
        "name": "Inch House and garden walls",
        "alternativeNames": [],
        "countryCode": "GB",
        "nation": "Scotland",
        "region": "Fife",
        "locality": "Kincardine-on-Forth",
        "featureType": "house",
        "designationType": "Listed Building",
        "designationCategory": "B",
        "legacyCategoryLabel": null,
        "statutoryStatus": "Designated — live verification recommended",
        "designationReference": "LB16586",
        "locationType": "designation_point",
        "locationConfidence": "medium",
        "documentedDateText": "Second half of the 18th century, with 19th-century porch and outshot",
        "earliestPossibleYear": 1750,
        "latestPossibleYear": 1799,
        "dateBasis": "estimated_from_authoritative_source",
        "dateConfidence": "high",
        "shortDescription": "Officially designated historic asset. Refresh the linked HES record for current designation details and supplementary description.",
        "fullDescription": "Included as part of the comprehensive Kincardine and Tulliallan statutory inventory. The live HES record remains authoritative.",
        "architectOrDesigner": null,
        "extantStatus": "extant",
        "sourceRecords": [
          {
            "sourceName": "Historic Environment Scotland designation LB16586",
            "sourceOrganisation": "Historic Environment Scotland",
            "sourceRecordId": "LB16586",
            "sourceUrl": "https://portal.historicenvironment.scot/designation/LB16586",
            "accessedAt": "2026-07-29",
            "licence": "Official designation record; HES spatial data is available under the Open Government Licence v3.0.",
            "reliability": "official_statutory",
            "notes": "Refresh current status, category, description and geometry from the live HES designation layer."
          },
          {
            "sourceName": "Tulliallan listed-building coordinate index",
            "sourceOrganisation": "Historic Scotland-derived Open Government Licence index",
            "sourceRecordId": null,
            "sourceUrl": "https://en.wikipedia.org/wiki/List_of_listed_buildings_in_Tulliallan,_Fife",
            "accessedAt": "2026-07-29",
            "licence": "The index states that its addresses and coordinates derive from Historic Scotland data under the Open Government Licence.",
            "reliability": "discovery_only",
            "notes": "Used as a practical coordinate snapshot; refresh against the live HES layer before publication."
          }
        ],
        "licence": "See source records.",
        "tags": [
          "listed building",
          "category B",
          "Wider Kincardine setting"
        ],
        "createdAt": "2026-07-29",
        "updatedAt": "2026-07-29",
        "reviewed": true,
        "reviewNotes": null,
        "coverageLevel": "statutory_index",
        "studyAreaSection": "Wider Kincardine setting",
        "officialRecordUrl": "https://portal.historicenvironment.scot/designation/LB16586",
        "liveRefreshRecommended": true,
        "geometrySource": {
          "type": "Historic Scotland-derived OGL coordinate index",
          "confidence": "medium",
          "refreshLayer": "HES Listed Buildings by Category"
        },
        "heatmapScoring": {
          "ageFactor": 0.8,
          "significanceFactor": 0.75,
          "confidenceFactor": 1.0,
          "survivalFactor": 0.6,
          "provisionalWeight": 0.36,
          "warning": "The survival factor is provisional until a reviewed condition and integrity survey is completed."
        },
        "datePrecision": "half_century_range",
        "dateResearchStatus": "completed",
        "dateResearchedAt": "2026-07-29",
        "dateResearchMethod": "Published exact or approximate date from an official designation record, heritage inventory, archaeological survey or published heritage classification."
      }
    },
    {
      "type": "Feature",
      "id": "hes-lb16596",
      "geometry": {
        "type": "Point",
        "coordinates": [
          -3.721331,
          56.066816
        ]
      },
      "properties": {
        "id": "hes-lb16596",
        "projectId": "kincardine-on-forth-scotland",
        "name": "52 Keith Street",
        "alternativeNames": [],
        "countryCode": "GB",
        "nation": "Scotland",
        "region": "Fife",
        "locality": "Kincardine-on-Forth",
        "featureType": "house",
        "designationType": "Listed Building",
        "designationCategory": "B",
        "legacyCategoryLabel": null,
        "statutoryStatus": "Designated — live verification recommended",
        "designationReference": "LB16596",
        "locationType": "designation_point",
        "locationConfidence": "medium",
        "documentedDateText": "18th century",
        "earliestPossibleYear": 1700,
        "latestPossibleYear": 1799,
        "dateBasis": "estimated_from_authoritative_source",
        "dateConfidence": "medium",
        "shortDescription": "Officially designated historic asset. Refresh the linked HES record for current designation details and supplementary description.",
        "fullDescription": "Included as part of the comprehensive Kincardine and Tulliallan statutory inventory. The live HES record remains authoritative.",
        "architectOrDesigner": null,
        "extantStatus": "extant",
        "sourceRecords": [
          {
            "sourceName": "Historic Environment Scotland designation LB16596",
            "sourceOrganisation": "Historic Environment Scotland",
            "sourceRecordId": "LB16596",
            "sourceUrl": "https://portal.historicenvironment.scot/designation/LB16596",
            "accessedAt": "2026-07-29",
            "licence": "Official designation record; HES spatial data is available under the Open Government Licence v3.0.",
            "reliability": "official_statutory",
            "notes": "Refresh current status, category, description and geometry from the live HES designation layer."
          },
          {
            "sourceName": "Tulliallan listed-building coordinate index",
            "sourceOrganisation": "Historic Scotland-derived Open Government Licence index",
            "sourceRecordId": null,
            "sourceUrl": "https://en.wikipedia.org/wiki/List_of_listed_buildings_in_Tulliallan,_Fife",
            "accessedAt": "2026-07-29",
            "licence": "The index states that its addresses and coordinates derive from Historic Scotland data under the Open Government Licence.",
            "reliability": "discovery_only",
            "notes": "Used as a practical coordinate snapshot; refresh against the live HES layer before publication."
          }
        ],
        "licence": "See source records.",
        "tags": [
          "listed building",
          "category B",
          "Historic town and conservation area"
        ],
        "createdAt": "2026-07-29",
        "updatedAt": "2026-07-29",
        "reviewed": true,
        "reviewNotes": null,
        "coverageLevel": "statutory_index",
        "studyAreaSection": "Historic town and conservation area",
        "officialRecordUrl": "https://portal.historicenvironment.scot/designation/LB16596",
        "liveRefreshRecommended": true,
        "geometrySource": {
          "type": "Historic Scotland-derived OGL coordinate index",
          "confidence": "medium",
          "refreshLayer": "HES Listed Buildings by Category"
        },
        "heatmapScoring": {
          "ageFactor": 0.8,
          "significanceFactor": 0.75,
          "confidenceFactor": 0.75,
          "survivalFactor": 0.6,
          "provisionalWeight": 0.27,
          "warning": "The survival factor is provisional until a reviewed condition and integrity survey is completed."
        },
        "datePrecision": "century_range",
        "dateResearchStatus": "completed",
        "dateResearchedAt": "2026-07-29",
        "dateResearchMethod": "Published exact or approximate date from an official designation record, heritage inventory, archaeological survey or published heritage classification."
      }
    },
    {
      "type": "Feature",
      "id": "hes-lb16600",
      "geometry": {
        "type": "Point",
        "coordinates": [
          -3.72245,
          56.067043
        ]
      },
      "properties": {
        "id": "hes-lb16600",
        "projectId": "kincardine-on-forth-scotland",
        "name": "Shore House, 21 Forth Street",
        "alternativeNames": [],
        "countryCode": "GB",
        "nation": "Scotland",
        "region": "Fife",
        "locality": "Kincardine-on-Forth",
        "featureType": "house",
        "designationType": "Listed Building",
        "designationCategory": "B",
        "legacyCategoryLabel": null,
        "statutoryStatus": "Designated — live verification recommended",
        "designationReference": "LB16600",
        "locationType": "designation_point",
        "locationConfidence": "medium",
        "documentedDateText": "Later 18th to early 19th century",
        "earliestPossibleYear": 1775,
        "latestPossibleYear": 1825,
        "dateBasis": "estimated_from_authoritative_source",
        "dateConfidence": "medium",
        "shortDescription": "Officially designated historic asset. Refresh the linked HES record for current designation details and supplementary description.",
        "fullDescription": "Included as part of the comprehensive Kincardine and Tulliallan statutory inventory. The live HES record remains authoritative.",
        "architectOrDesigner": null,
        "extantStatus": "extant",
        "sourceRecords": [
          {
            "sourceName": "Historic Environment Scotland designation LB16600",
            "sourceOrganisation": "Historic Environment Scotland",
            "sourceRecordId": "LB16600",
            "sourceUrl": "https://portal.historicenvironment.scot/designation/LB16600",
            "accessedAt": "2026-07-29",
            "licence": "Official designation record; HES spatial data is available under the Open Government Licence v3.0.",
            "reliability": "official_statutory",
            "notes": "Refresh current status, category, description and geometry from the live HES designation layer."
          },
          {
            "sourceName": "Tulliallan listed-building coordinate index",
            "sourceOrganisation": "Historic Scotland-derived Open Government Licence index",
            "sourceRecordId": null,
            "sourceUrl": "https://en.wikipedia.org/wiki/List_of_listed_buildings_in_Tulliallan,_Fife",
            "accessedAt": "2026-07-29",
            "licence": "The index states that its addresses and coordinates derive from Historic Scotland data under the Open Government Licence.",
            "reliability": "discovery_only",
            "notes": "Used as a practical coordinate snapshot; refresh against the live HES layer before publication."
          }
        ],
        "licence": "See source records.",
        "tags": [
          "listed building",
          "category B",
          "Historic town and conservation area"
        ],
        "createdAt": "2026-07-29",
        "updatedAt": "2026-07-29",
        "reviewed": true,
        "reviewNotes": null,
        "coverageLevel": "statutory_index",
        "studyAreaSection": "Historic town and conservation area",
        "officialRecordUrl": "https://portal.historicenvironment.scot/designation/LB16600",
        "liveRefreshRecommended": true,
        "geometrySource": {
          "type": "Historic Scotland-derived OGL coordinate index",
          "confidence": "medium",
          "refreshLayer": "HES Listed Buildings by Category"
        },
        "heatmapScoring": {
          "ageFactor": 0.8,
          "significanceFactor": 0.75,
          "confidenceFactor": 0.75,
          "survivalFactor": 0.6,
          "provisionalWeight": 0.27,
          "warning": "The survival factor is provisional until a reviewed condition and integrity survey is completed."
        },
        "datePrecision": "cross_century_range",
        "dateResearchStatus": "completed",
        "dateResearchedAt": "2026-07-29",
        "dateResearchMethod": "Published exact or approximate date from an official designation record, heritage inventory, archaeological survey or published heritage classification.",
        "dateEvidenceNote": "Published sources differ between later 18th century and probable early 19th century; the broader range preserves both."
      }
    },
    {
      "type": "Feature",
      "id": "hes-lb16620",
      "geometry": {
        "type": "Point",
        "coordinates": [
          -3.716187,
          56.070707
        ]
      },
      "properties": {
        "id": "hes-lb16620",
        "projectId": "kincardine-on-forth-scotland",
        "name": "44 and 46 Kirk Street",
        "alternativeNames": [],
        "countryCode": "GB",
        "nation": "Scotland",
        "region": "Fife",
        "locality": "Kincardine-on-Forth",
        "featureType": "house",
        "designationType": "Listed Building",
        "designationCategory": "C",
        "legacyCategoryLabel": "C(S)",
        "statutoryStatus": "Designated — live verification recommended",
        "designationReference": "LB16620",
        "locationType": "designation_point",
        "locationConfidence": "medium",
        "documentedDateText": "18th century; part of the group has been demolished or substantially altered",
        "earliestPossibleYear": 1700,
        "latestPossibleYear": 1799,
        "dateBasis": "documented_date_range",
        "dateConfidence": "high",
        "shortDescription": "Officially designated historic asset. Refresh the linked HES record for current designation details and supplementary description.",
        "fullDescription": "Included as part of the comprehensive Kincardine and Tulliallan statutory inventory. The live HES record remains authoritative.",
        "architectOrDesigner": null,
        "extantStatus": "extant",
        "sourceRecords": [
          {
            "sourceName": "Historic Environment Scotland designation LB16620",
            "sourceOrganisation": "Historic Environment Scotland",
            "sourceRecordId": "LB16620",
            "sourceUrl": "https://portal.historicenvironment.scot/designation/LB16620",
            "accessedAt": "2026-07-29",
            "licence": "Official designation record; HES spatial data is available under the Open Government Licence v3.0.",
            "reliability": "official_statutory",
            "notes": "Refresh current status, category, description and geometry from the live HES designation layer."
          },
          {
            "sourceName": "Tulliallan listed-building coordinate index",
            "sourceOrganisation": "Historic Scotland-derived Open Government Licence index",
            "sourceRecordId": null,
            "sourceUrl": "https://en.wikipedia.org/wiki/List_of_listed_buildings_in_Tulliallan,_Fife",
            "accessedAt": "2026-07-29",
            "licence": "The index states that its addresses and coordinates derive from Historic Scotland data under the Open Government Licence.",
            "reliability": "discovery_only",
            "notes": "Used as a practical coordinate snapshot; refresh against the live HES layer before publication."
          }
        ],
        "licence": "See source records.",
        "tags": [
          "listed building",
          "category C",
          "Historic town and conservation area"
        ],
        "createdAt": "2026-07-29",
        "updatedAt": "2026-07-29",
        "reviewed": true,
        "reviewNotes": null,
        "coverageLevel": "statutory_index",
        "studyAreaSection": "Historic town and conservation area",
        "officialRecordUrl": "https://portal.historicenvironment.scot/designation/LB16620",
        "liveRefreshRecommended": true,
        "geometrySource": {
          "type": "Historic Scotland-derived OGL coordinate index",
          "confidence": "medium",
          "refreshLayer": "HES Listed Buildings by Category"
        },
        "heatmapScoring": {
          "ageFactor": 0.8,
          "significanceFactor": 0.5,
          "confidenceFactor": 1.0,
          "survivalFactor": 0.6,
          "provisionalWeight": 0.24,
          "warning": "The survival factor is provisional until a reviewed condition and integrity survey is completed."
        },
        "datePrecision": "century_range",
        "dateResearchStatus": "completed",
        "dateResearchedAt": "2026-07-29",
        "dateResearchMethod": "Published exact or approximate date from an official designation record, heritage inventory, archaeological survey or published heritage classification."
      }
    },
    {
      "type": "Feature",
      "id": "hes-sm736",
      "geometry": {
        "type": "Point",
        "coordinates": [
          -3.7258824,
          56.0798635
        ]
      },
      "properties": {
        "id": "hes-sm736",
        "projectId": "kincardine-on-forth-scotland",
        "name": "Old Tulliallan Castle",
        "alternativeNames": [
          "Tulliallan Castle, old castle"
        ],
        "countryCode": "GB",
        "nation": "Scotland",
        "region": "Fife",
        "locality": "Tulliallan",
        "featureType": "castle",
        "designationType": "Scheduled Monument",
        "designationCategory": null,
        "statutoryStatus": "Designated",
        "designationReference": "SM736",
        "britishNationalGrid": {
          "easting": 292684,
          "northing": 688793,
          "epsg": 27700
        },
        "locationType": "scheduled_monument_reference_point",
        "locationConfidence": "high",
        "documentedDateText": "Fortification established by 1304; later medieval and late-16th-century rebuilding",
        "earliestPossibleYear": 1304,
        "latestPossibleYear": 1599,
        "dateBasis": "documented_date_range",
        "dateConfidence": "medium",
        "shortDescription": "The nationally important ruins of the earlier Tulliallan Castle, occupying a strategic site near the historic Forth crossing.",
        "fullDescription": "The monument was scheduled in 1920. Its history includes medieval fortification, later hall-house development and substantial later alterations before abandonment.",
        "architectOrDesigner": null,
        "extantStatus": "ruin",
        "sourceRecords": [
          {
            "sourceName": "Historic Environment Scotland designation SM736",
            "sourceOrganisation": "Historic Environment Scotland",
            "sourceRecordId": "SM736",
            "sourceUrl": "https://portal.historicenvironment.scot/designation/SM736",
            "accessedAt": "2026-07-29",
            "licence": "Official designation record; HES spatial data is available under the Open Government Licence v3.0.",
            "reliability": "official_statutory",
            "notes": "Manually enriched for this pack."
          }
        ],
        "licence": "See source records.",
        "tags": [
          "scheduled monument",
          "medieval castle",
          "Old Tulliallan",
          "ruin"
        ],
        "createdAt": "2026-07-29",
        "updatedAt": "2026-07-29",
        "reviewed": true,
        "coverageLevel": "detailed",
        "studyAreaSection": "Tulliallan policies and church sites",
        "officialRecordUrl": "https://portal.historicenvironment.scot/designation/SM736",
        "liveRefreshRecommended": true,
        "geometrySource": {
          "type": "Official HES scheduled-monument reference point",
          "confidence": "high",
          "refreshLayer": "HES Scheduled Monuments"
        },
        "heatmapScoring": {
          "ageFactor": 0.95,
          "significanceFactor": 1.0,
          "confidenceFactor": 0.75,
          "survivalFactor": 0.6,
          "provisionalWeight": 0.4275,
          "warning": "The survival factor is provisional until a reviewed condition and integrity survey is completed."
        }
      }
    },
    {
      "type": "Feature",
      "id": "hes-sm2246",
      "geometry": {
        "type": "Point",
        "coordinates": [
          -3.7043785,
          56.0867042
        ]
      },
      "properties": {
        "id": "hes-sm2246",
        "projectId": "kincardine-on-forth-scotland",
        "name": "Windyhill hogback tombstone",
        "alternativeNames": [
          "Tombstone 450m north of Windyhill"
        ],
        "countryCode": "GB",
        "nation": "Scotland",
        "region": "Fife",
        "locality": "Tulliallan",
        "featureType": "carved_stone",
        "designationType": "Scheduled Monument",
        "designationCategory": null,
        "statutoryStatus": "Designated",
        "designationReference": "SM2246",
        "britishNationalGrid": {
          "easting": 294041,
          "northing": 689521,
          "epsg": 27700
        },
        "locationType": "scheduled_monument_reference_point",
        "locationConfidence": "high",
        "documentedDateText": "Probably 11th century",
        "earliestPossibleYear": 1000,
        "latestPossibleYear": 1099,
        "dateBasis": "estimated_from_authoritative_source",
        "dateConfidence": "high",
        "shortDescription": "A rare early-medieval hogback tombstone within the former Tulliallan churchyard.",
        "fullDescription": "The stone is separately scheduled and excluded from the adjacent listed churchyard and Keith Mausoleum designation.",
        "architectOrDesigner": null,
        "extantStatus": "extant",
        "sourceRecords": [
          {
            "sourceName": "Historic Environment Scotland designation SM2246",
            "sourceOrganisation": "Historic Environment Scotland",
            "sourceRecordId": "SM2246",
            "sourceUrl": "https://portal.historicenvironment.scot/designation/SM2246",
            "accessedAt": "2026-07-29",
            "licence": "Official designation record; HES spatial data is available under the Open Government Licence v3.0.",
            "reliability": "official_statutory",
            "notes": "Manually enriched for this pack."
          },
          {
            "sourceName": "Historic Environment Scotland designation LB17130",
            "sourceOrganisation": "Historic Environment Scotland",
            "sourceRecordId": "LB17130",
            "sourceUrl": "https://portal.historicenvironment.scot/designation/LB17130",
            "accessedAt": "2026-07-29",
            "licence": "Official designation record; HES spatial data is available under the Open Government Licence v3.0.",
            "reliability": "official_statutory",
            "notes": "Manually enriched for this pack."
          }
        ],
        "licence": "See source records.",
        "tags": [
          "scheduled monument",
          "hogback",
          "carved stone",
          "11th century"
        ],
        "createdAt": "2026-07-29",
        "updatedAt": "2026-07-29",
        "reviewed": true,
        "coverageLevel": "detailed",
        "studyAreaSection": "Tulliallan policies and church sites",
        "officialRecordUrl": "https://portal.historicenvironment.scot/designation/SM2246",
        "liveRefreshRecommended": true,
        "geometrySource": {
          "type": "Official HES scheduled-monument reference point",
          "confidence": "high",
          "refreshLayer": "HES Scheduled Monuments"
        },
        "heatmapScoring": {
          "ageFactor": 1.0,
          "significanceFactor": 1.0,
          "confidenceFactor": 1.0,
          "survivalFactor": 0.6,
          "provisionalWeight": 0.6,
          "warning": "The survival factor is provisional until a reviewed condition and integrity survey is completed."
        }
      }
    },
    {
      "type": "Feature",
      "id": "hes-gdl00379",
      "geometry": {
        "type": "Point",
        "coordinates": [
          -3.710548,
          56.073598
        ]
      },
      "properties": {
        "id": "hes-gdl00379",
        "projectId": "kincardine-on-forth-scotland",
        "name": "Tulliallan designed landscape",
        "alternativeNames": [
          "Tulliallan Castle policies"
        ],
        "countryCode": "GB",
        "nation": "Scotland",
        "region": "Fife",
        "locality": "Tulliallan",
        "featureType": "designed_landscape",
        "designationType": "Inventory Garden and Designed Landscape",
        "designationCategory": null,
        "statutoryStatus": "Inventory site — official polygon to import",
        "designationReference": "GDL00379",
        "locationType": "representative_point_at_principal_listed_building",
        "locationConfidence": "medium",
        "documentedDateText": "Principal early-19th-century designed landscape around the 1818–1820 castle; significant early-20th-century horticultural additions",
        "earliestPossibleYear": 1818,
        "latestPossibleYear": 1907,
        "dateBasis": "documented_date_range",
        "dateConfidence": "high",
        "shortDescription": "The national inventory landscape surrounding Tulliallan Castle, including parkland, approaches, walled garden and horticultural structures.",
        "fullDescription": "The landscape later became the setting of the Scottish Police College. The official inventory polygon must be imported from HES.",
        "architectOrDesigner": null,
        "extantStatus": "extant",
        "sourceRecords": [
          {
            "sourceName": "Historic Environment Scotland designation GDL00379",
            "sourceOrganisation": "Historic Environment Scotland",
            "sourceRecordId": "GDL00379",
            "sourceUrl": "https://portal.historicenvironment.scot/designation/GDL00379",
            "accessedAt": "2026-07-29",
            "licence": "Official designation record; HES spatial data is available under the Open Government Licence v3.0.",
            "reliability": "official_statutory",
            "notes": "Manually enriched for this pack."
          },
          {
            "sourceName": "Historic Environment Scotland designation LB16585",
            "sourceOrganisation": "Historic Environment Scotland",
            "sourceRecordId": "LB16585",
            "sourceUrl": "https://portal.historicenvironment.scot/designation/LB16585",
            "accessedAt": "2026-07-29",
            "licence": "Official designation record; HES spatial data is available under the Open Government Licence v3.0.",
            "reliability": "official_statutory",
            "notes": "Manually enriched for this pack."
          },
          {
            "sourceName": "Historic Environment Scotland designation LB49037",
            "sourceOrganisation": "Historic Environment Scotland",
            "sourceRecordId": "LB49037",
            "sourceUrl": "https://portal.historicenvironment.scot/designation/LB49037",
            "accessedAt": "2026-07-29",
            "licence": "Official designation record; HES spatial data is available under the Open Government Licence v3.0.",
            "reliability": "official_statutory",
            "notes": "Manually enriched for this pack."
          }
        ],
        "licence": "See source records.",
        "tags": [
          "designed landscape",
          "Tulliallan Castle",
          "parkland",
          "walled garden"
        ],
        "createdAt": "2026-07-29",
        "updatedAt": "2026-07-29",
        "reviewed": true,
        "coverageLevel": "detailed",
        "studyAreaSection": "Tulliallan policies and church sites",
        "officialRecordUrl": "https://portal.historicenvironment.scot/designation/GDL00379",
        "liveRefreshRecommended": true,
        "geometrySource": {
          "type": "Representative point at Tulliallan Castle",
          "confidence": "medium",
          "refreshLayer": "HES Gardens and Designed Landscapes"
        },
        "heatmapScoring": {
          "ageFactor": 0.7,
          "significanceFactor": 0.85,
          "confidenceFactor": 1.0,
          "survivalFactor": 0.6,
          "provisionalWeight": 0.357,
          "warning": "The survival factor is provisional until a reviewed condition and integrity survey is completed."
        }
      }
    }
  ]
}