project_id,town,feature_id,feature_name,alternative_names,feature_type,designation_type,statutory_status,evidence_scope,geometry_type,longitude,latitude,location_type,location_confidence,current_date_text,current_date_basis,current_date_confidence,published_review_status,primary_source_organisation,primary_source_name,primary_source_record_id,primary_source_url,source_accessed_at,all_source_record_ids,review_notes,review_action
broughty-ferry-scotland,Broughty Ferry,nrhe:316933,"BROUGHTY FERRY, 133 QUEEN STREET,  DUNDEE LIMB FITTING CENTRE",THE LODGE AUXILIARY HOSPITAL,archaeological_site,NRHE / trove.scot record,,parish_evidence,Point,-2.8762736475290156,56.468789941450275,site_centroid,medium,,unknown,unknown,unreviewed,Historic Environment Scotland,Historic Environment Scotland NRHE / trove.scot Points GIS,316933,https://www.trove.scot/place/316933,2026-09-02T06:42:57.108Z,316933,Imported from the official NRHE spatial index. This GIS record does not provide a construction date; review the linked trove.scot record before adding timeline evidence.,Check the linked source for an explicit date or supported date range; do not infer a construction date from a current map or generic classification.
broughty-ferry-scotland,Broughty Ferry,nrhe:286344,"BROUGHTY FERRY, 34 ALBERT ROAD, WESTBAY NURSING HOME",ST LUKE'S UNITED FREE CHURCH MANSE,archaeological_site,NRHE / trove.scot record,,parish_evidence,Point,-2.882356064062398,56.47000467095661,site_centroid,medium,,unknown,unknown,unreviewed,Historic Environment Scotland,Historic Environment Scotland NRHE / trove.scot Points GIS,286344,https://www.trove.scot/place/286344,2026-09-02T06:42:57.108Z,286344,Imported from the official NRHE spatial index. This GIS record does not provide a construction date; review the linked trove.scot record before adding timeline evidence.,Check the linked source for an explicit date or supported date range; do not infer a construction date from a current map or generic classification.
broughty-ferry-scotland,Broughty Ferry,nrhe:33425,"BROUGHTY FERRY, 8 EAST HOME STREET",,archaeological_site,NRHE / trove.scot record,,parish_evidence,Point,-2.882888971741481,56.467089933669556,site_centroid,medium,,unknown,unknown,unreviewed,Historic Environment Scotland,Historic Environment Scotland NRHE / trove.scot Points GIS,33425,https://www.trove.scot/place/33425,2026-09-02T06:42:57.108Z,33425,Imported from the official NRHE spatial index. This GIS record does not provide a construction date; review the linked trove.scot record before adding timeline evidence.,Check the linked source for an explicit date or supported date range; do not infer a construction date from a current map or generic classification.
broughty-ferry-scotland,Broughty Ferry,nrhe:330227,"BROUGHTY FERRY, BARNHILL, 17 LEVEN STREET",,archaeological_site,NRHE / trove.scot record,,parish_evidence,Point,-2.866463204627948,56.47561506890002,site_centroid,medium,,unknown,unknown,unreviewed,Historic Environment Scotland,Historic Environment Scotland NRHE / trove.scot Points GIS,330227,https://www.trove.scot/place/330227,2026-09-02T06:42:57.108Z,330227,Imported from the official NRHE spatial index. This GIS record does not provide a construction date; review the linked trove.scot record before adding timeline evidence.,Check the linked source for an explicit date or supported date range; do not infer a construction date from a current map or generic classification.
broughty-ferry-scotland,Broughty Ferry,nrhe:33394,"BROUGHTY FERRY, BRACHAN",,archaeological_site,NRHE / trove.scot record,,parish_evidence,Point,-2.865134365040563,56.47143761370897,site_centroid,medium,,unknown,unknown,unreviewed,Historic Environment Scotland,Historic Environment Scotland NRHE / trove.scot Points GIS,33394,https://www.trove.scot/place/33394,2026-09-02T06:42:57.108Z,33394,Imported from the official NRHE spatial index. This GIS record does not provide a construction date; review the linked trove.scot record before adding timeline evidence.,Check the linked source for an explicit date or supported date range; do not infer a construction date from a current map or generic classification.
broughty-ferry-scotland,Broughty Ferry,nrhe:33432,"BROUGHTY FERRY, CAMPHILL ROAD",,archaeological_site,NRHE / trove.scot record,,parish_evidence,Point,-2.8780413663328352,56.468022759919634,site_centroid,medium,,unknown,unknown,unreviewed,Historic Environment Scotland,Historic Environment Scotland NRHE / trove.scot Points GIS,33432,https://www.trove.scot/place/33432,2026-09-02T06:42:57.108Z,33432,Imported from the official NRHE spatial index. This GIS record does not provide a construction date; review the linked trove.scot record before adding timeline evidence.,Check the linked source for an explicit date or supported date range; do not infer a construction date from a current map or generic classification.
broughty-ferry-scotland,Broughty Ferry,nrhe:173380,"BROUGHTY FERRY, CLAYPOTTS ROAD, GROVE ACADEMY",SEAFIELD HOUSE,archaeological_site,NRHE / trove.scot record,,parish_evidence,Point,-2.8792541797049704,56.47133840385141,site_centroid,medium,,unknown,unknown,unreviewed,Historic Environment Scotland,Historic Environment Scotland NRHE / trove.scot Points GIS,173380,https://www.trove.scot/place/173380,2026-09-02T06:42:57.108Z,173380,Imported from the official NRHE spatial index. This GIS record does not provide a construction date; review the linked trove.scot record before adding timeline evidence.,Check the linked source for an explicit date or supported date range; do not infer a construction date from a current map or generic classification.
broughty-ferry-scotland,Broughty Ferry,nrhe:33393,"BROUGHTY FERRY, FORT HILL",,archaeological_site,NRHE / trove.scot record,,parish_evidence,Point,-2.8720966549029594,56.470670143857845,site_centroid,medium,,unknown,unknown,unreviewed,Historic Environment Scotland,Historic Environment Scotland NRHE / trove.scot Points GIS,33393,https://www.trove.scot/place/33393,2026-09-02T06:42:57.108Z,33393,Imported from the official NRHE spatial index. This GIS record does not provide a construction date; review the linked trove.scot record before adding timeline evidence.,Check the linked source for an explicit date or supported date range; do not infer a construction date from a current map or generic classification.
broughty-ferry-scotland,Broughty Ferry,nrhe:77528,"BROUGHTY FERRY, KING STREET, DRAW WELL",,archaeological_site,NRHE / trove.scot record,,parish_evidence,Point,-2.881245378872093,56.46620317259209,site_centroid,medium,,unknown,unknown,unreviewed,Historic Environment Scotland,Historic Environment Scotland NRHE / trove.scot Points GIS,77528,https://www.trove.scot/place/77528,2026-09-02T06:42:57.108Z,77528,Imported from the official NRHE spatial index. This GIS record does not provide a construction date; review the linked trove.scot record before adding timeline evidence.,Check the linked source for an explicit date or supported date range; do not infer a construction date from a current map or generic classification.
broughty-ferry-scotland,Broughty Ferry,nrhe:33434,"BROUGHTY FERRY, MILL STREET",,archaeological_site,NRHE / trove.scot record,,parish_evidence,Point,-2.867721247240621,56.46387266606496,site_centroid,medium,,unknown,unknown,unreviewed,Historic Environment Scotland,Historic Environment Scotland NRHE / trove.scot Points GIS,33434,https://www.trove.scot/place/33434,2026-09-02T06:42:57.108Z,33434,Imported from the official NRHE spatial index. This GIS record does not provide a construction date; review the linked trove.scot record before adding timeline evidence.,Check the linked source for an explicit date or supported date range; do not infer a construction date from a current map or generic classification.
broughty-ferry-scotland,Broughty Ferry,nrhe:33395,"BROUGHTY FERRY, ORCHAR PARK",,archaeological_site,NRHE / trove.scot record,,parish_evidence,Point,-2.858587706699028,56.46905728414916,site_centroid,medium,,unknown,unknown,unreviewed,Historic Environment Scotland,Historic Environment Scotland NRHE / trove.scot Points GIS,33395,https://www.trove.scot/place/33395,2026-09-02T06:42:57.108Z,33395,Imported from the official NRHE spatial index. This GIS record does not provide a construction date; review the linked trove.scot record before adding timeline evidence.,Check the linked source for an explicit date or supported date range; do not infer a construction date from a current map or generic classification.
broughty-ferry-scotland,Broughty Ferry,nrhe:33405,"BROUGHTY FERRY, PORTINCRAIG",,archaeological_site,NRHE / trove.scot record,,parish_evidence,Point,-2.877834043667762,56.45903981623255,site_centroid,medium,,unknown,unknown,unreviewed,Historic Environment Scotland,Historic Environment Scotland NRHE / trove.scot Points GIS,33405,https://www.trove.scot/place/33405,2026-09-02T06:42:57.108Z,33405,Imported from the official NRHE spatial index. This GIS record does not provide a construction date; review the linked trove.scot record before adding timeline evidence.,Check the linked source for an explicit date or supported date range; do not infer a construction date from a current map or generic classification.
broughty-ferry-scotland,Broughty Ferry,nrhe:297510,"BROUGHTY FERRY, THE ESPLANADE, AIRCRAFT IMMOBILISATION POSTS","FIRTH OF TAY, OUTER TAY ESTUARY",archaeological_site,NRHE / trove.scot record,,parish_evidence,Point,-2.858198267308987,56.466184973717326,site_centroid,medium,,unknown,unknown,unreviewed,Historic Environment Scotland,Historic Environment Scotland NRHE / trove.scot Points GIS,297510,https://www.trove.scot/place/297510,2026-09-02T06:42:57.108Z,297510,Imported from the official NRHE spatial index. This GIS record does not provide a construction date; review the linked trove.scot record before adding timeline evidence.,Check the linked source for an explicit date or supported date range; do not infer a construction date from a current map or generic classification.
broughty-ferry-scotland,Broughty Ferry,nrhe:33402,"BROUGHTY FERRY, YEWBANK AVENUE",,archaeological_site,NRHE / trove.scot record,,parish_evidence,Point,-2.8589021378451753,56.46860588960274,site_centroid,medium,,unknown,unknown,unreviewed,Historic Environment Scotland,Historic Environment Scotland NRHE / trove.scot Points GIS,33402,https://www.trove.scot/place/33402,2026-09-02T06:42:57.108Z,33402,Imported from the official NRHE spatial index. This GIS record does not provide a construction date; review the linked trove.scot record before adding timeline evidence.,Check the linked source for an explicit date or supported date range; do not infer a construction date from a current map or generic classification.
broughty-ferry-scotland,Broughty Ferry,nrhe:165484,"DUNDEE, 1 CASTLE TERRACE",,archaeological_site,NRHE / trove.scot record,,parish_evidence,Point,-2.865265565807272,56.465075749947026,site_centroid,medium,,unknown,unknown,unreviewed,Historic Environment Scotland,Historic Environment Scotland NRHE / trove.scot Points GIS,165484,https://www.trove.scot/place/165484,2026-09-02T06:42:57.108Z,165484,Imported from the official NRHE spatial index. This GIS record does not provide a construction date; review the linked trove.scot record before adding timeline evidence.,Check the linked source for an explicit date or supported date range; do not infer a construction date from a current map or generic classification.
broughty-ferry-scotland,Broughty Ferry,nrhe:186938,"DUNDEE, 1-3 NURSERY ROAD",16 FORTHILL ROAD,archaeological_site,NRHE / trove.scot record,,parish_evidence,Point,-2.872612393017864,56.47192433460987,site_centroid,medium,,unknown,unknown,unreviewed,Historic Environment Scotland,Historic Environment Scotland NRHE / trove.scot Points GIS,186938,https://www.trove.scot/place/186938,2026-09-02T06:42:57.108Z,186938,Imported from the official NRHE spatial index. This GIS record does not provide a construction date; review the linked trove.scot record before adding timeline evidence.,Check the linked source for an explicit date or supported date range; do not infer a construction date from a current map or generic classification.
broughty-ferry-scotland,Broughty Ferry,nrhe:243834,"DUNDEE, 10 CASTLE TERRACE",,archaeological_site,NRHE / trove.scot record,,parish_evidence,Point,-2.866556154227443,56.46473432366294,site_centroid,medium,,unknown,unknown,unreviewed,Historic Environment Scotland,Historic Environment Scotland NRHE / trove.scot Points GIS,243834,https://www.trove.scot/place/243834,2026-09-02T06:42:57.108Z,243834,Imported from the official NRHE spatial index. This GIS record does not provide a construction date; review the linked trove.scot record before adding timeline evidence.,Check the linked source for an explicit date or supported date range; do not infer a construction date from a current map or generic classification.
broughty-ferry-scotland,Broughty Ferry,nrhe:331176,"DUNDEE, 103 BROWN STREET",,archaeological_site,NRHE / trove.scot record,,parish_evidence,Point,-2.8773103337924,56.46729120779586,site_centroid,medium,,unknown,unknown,unreviewed,Historic Environment Scotland,Historic Environment Scotland NRHE / trove.scot Points GIS,331176,https://www.trove.scot/place/331176,2026-09-02T06:42:57.108Z,331176,Imported from the official NRHE spatial index. This GIS record does not provide a construction date; review the linked trove.scot record before adding timeline evidence.,Check the linked source for an explicit date or supported date range; do not infer a construction date from a current map or generic classification.
broughty-ferry-scotland,Broughty Ferry,nrhe:165489,"DUNDEE, 11 CASTLE TERRACE",,archaeological_site,NRHE / trove.scot record,,parish_evidence,Point,-2.8666999444772756,56.46463449132001,site_centroid,medium,,unknown,unknown,unreviewed,Historic Environment Scotland,Historic Environment Scotland NRHE / trove.scot Points GIS,165489,https://www.trove.scot/place/165489,2026-09-02T06:42:57.108Z,165489,Imported from the official NRHE spatial index. This GIS record does not provide a construction date; review the linked trove.scot record before adding timeline evidence.,Check the linked source for an explicit date or supported date range; do not infer a construction date from a current map or generic classification.
broughty-ferry-scotland,Broughty Ferry,nrhe:187943,"DUNDEE, 11 CLAYPOTTS ROAD, LODGE",ALBERT ROAD,archaeological_site,NRHE / trove.scot record,,parish_evidence,Point,-2.881185081292338,56.47060595974538,site_centroid,medium,,unknown,unknown,unreviewed,Historic Environment Scotland,Historic Environment Scotland NRHE / trove.scot Points GIS,187943,https://www.trove.scot/place/187943,2026-09-02T06:42:57.108Z,187943,Imported from the official NRHE spatial index. This GIS record does not provide a construction date; review the linked trove.scot record before adding timeline evidence.,Check the linked source for an explicit date or supported date range; do not infer a construction date from a current map or generic classification.
broughty-ferry-scotland,Broughty Ferry,nrhe:242601,"DUNDEE, 12 CASTLE TERRACE",,archaeological_site,NRHE / trove.scot record,,parish_evidence,Point,-2.866845166957636,56.4645975395921,site_centroid,medium,,unknown,unknown,unreviewed,Historic Environment Scotland,Historic Environment Scotland NRHE / trove.scot Points GIS,242601,https://www.trove.scot/place/242601,2026-09-02T06:42:57.108Z,242601,Imported from the official NRHE spatial index. This GIS record does not provide a construction date; review the linked trove.scot record before adding timeline evidence.,Check the linked source for an explicit date or supported date range; do not infer a construction date from a current map or generic classification.
broughty-ferry-scotland,Broughty Ferry,nrhe:331180,"DUNDEE, 12 GAUDRY TERRACE",,archaeological_site,NRHE / trove.scot record,,parish_evidence,Point,-2.860238022900517,56.47599976892869,site_centroid,medium,,unknown,unknown,unreviewed,Historic Environment Scotland,Historic Environment Scotland NRHE / trove.scot Points GIS,331180,https://www.trove.scot/place/331180,2026-09-02T06:42:57.108Z,331180,Imported from the official NRHE spatial index. This GIS record does not provide a construction date; review the linked trove.scot record before adding timeline evidence.,Check the linked source for an explicit date or supported date range; do not infer a construction date from a current map or generic classification.
broughty-ferry-scotland,Broughty Ferry,nrhe:165490,"DUNDEE, 13 CASTLE TERRACE",,archaeological_site,NRHE / trove.scot record,,parish_evidence,Point,-2.867006411186657,56.46455149138023,site_centroid,medium,,unknown,unknown,unreviewed,Historic Environment Scotland,Historic Environment Scotland NRHE / trove.scot Points GIS,165490,https://www.trove.scot/place/165490,2026-09-02T06:42:57.108Z,165490,Imported from the official NRHE spatial index. This GIS record does not provide a construction date; review the linked trove.scot record before adding timeline evidence.,Check the linked source for an explicit date or supported date range; do not infer a construction date from a current map or generic classification.
broughty-ferry-scotland,Broughty Ferry,nrhe:190689,"DUNDEE, 14 BALMYLE ROAD",,archaeological_site,NRHE / trove.scot record,,parish_evidence,Point,-2.8913951817836936,56.47061392024501,site_centroid,medium,,unknown,unknown,unreviewed,Historic Environment Scotland,Historic Environment Scotland NRHE / trove.scot Points GIS,190689,https://www.trove.scot/place/190689,2026-09-02T06:42:57.108Z,190689,Imported from the official NRHE spatial index. This GIS record does not provide a construction date; review the linked trove.scot record before adding timeline evidence.,Check the linked source for an explicit date or supported date range; do not infer a construction date from a current map or generic classification.
broughty-ferry-scotland,Broughty Ferry,nrhe:331189,"DUNDEE, 15 CAMPERDOWN STREET",,archaeological_site,NRHE / trove.scot record,,parish_evidence,Point,-2.87803685440937,56.46993646956792,site_centroid,medium,,unknown,unknown,unreviewed,Historic Environment Scotland,Historic Environment Scotland NRHE / trove.scot Points GIS,331189,https://www.trove.scot/place/331189,2026-09-02T06:42:57.108Z,331189,Imported from the official NRHE spatial index. This GIS record does not provide a construction date; review the linked trove.scot record before adding timeline evidence.,Check the linked source for an explicit date or supported date range; do not infer a construction date from a current map or generic classification.
broughty-ferry-scotland,Broughty Ferry,nrhe:331163,"DUNDEE, 16 DUNDEE ROAD",,archaeological_site,NRHE / trove.scot record,,parish_evidence,Point,-2.8864918447488437,56.47195177343971,site_centroid,medium,,unknown,unknown,unreviewed,Historic Environment Scotland,Historic Environment Scotland NRHE / trove.scot Points GIS,331163,https://www.trove.scot/place/331163,2026-09-02T06:42:57.108Z,331163,Imported from the official NRHE spatial index. This GIS record does not provide a construction date; review the linked trove.scot record before adding timeline evidence.,Check the linked source for an explicit date or supported date range; do not infer a construction date from a current map or generic classification.
broughty-ferry-scotland,Broughty Ferry,nrhe:363772,"DUNDEE, 2 BEACH LANE",,archaeological_site,NRHE / trove.scot record,,parish_evidence,Point,-2.8895145795878014,56.46932467093192,site_centroid,medium,,unknown,unknown,unreviewed,Historic Environment Scotland,Historic Environment Scotland NRHE / trove.scot Points GIS,363772,https://www.trove.scot/place/363772,2026-09-02T06:42:57.108Z,363772,Imported from the official NRHE spatial index. This GIS record does not provide a construction date; review the linked trove.scot record before adding timeline evidence.,Check the linked source for an explicit date or supported date range; do not infer a construction date from a current map or generic classification.
broughty-ferry-scotland,Broughty Ferry,nrhe:243840,"DUNDEE, 2 CASTLE TERRACE",,archaeological_site,NRHE / trove.scot record,,parish_evidence,Point,-2.865345679042387,56.46503026945971,site_centroid,medium,,unknown,unknown,unreviewed,Historic Environment Scotland,Historic Environment Scotland NRHE / trove.scot Points GIS,243840,https://www.trove.scot/place/243840,2026-09-02T06:42:57.108Z,243840,Imported from the official NRHE spatial index. This GIS record does not provide a construction date; review the linked trove.scot record before adding timeline evidence.,Check the linked source for an explicit date or supported date range; do not infer a construction date from a current map or generic classification.
broughty-ferry-scotland,Broughty Ferry,nrhe:233516,"DUNDEE, 21, 23, 25 FORTHILL ROAD, AYREBRAYDE","DALNAGARA, STEWART STREET",archaeological_site,NRHE / trove.scot record,,parish_evidence,Point,-2.8748498306660757,56.473220307745436,site_centroid,medium,,unknown,unknown,unreviewed,Historic Environment Scotland,Historic Environment Scotland NRHE / trove.scot Points GIS,233516,https://www.trove.scot/place/233516,2026-09-02T06:42:57.108Z,233516,Imported from the official NRHE spatial index. This GIS record does not provide a construction date; review the linked trove.scot record before adding timeline evidence.,Check the linked source for an explicit date or supported date range; do not infer a construction date from a current map or generic classification.
broughty-ferry-scotland,Broughty Ferry,nrhe:187937,"DUNDEE, 3 ALBERT ROAD, BROOMHALL",,archaeological_site,NRHE / trove.scot record,,parish_evidence,Point,-2.885471370440233,56.471348117263595,site_centroid,medium,,unknown,unknown,unreviewed,Historic Environment Scotland,Historic Environment Scotland NRHE / trove.scot Points GIS,187937,https://www.trove.scot/place/187937,2026-09-02T06:42:57.108Z,187937,Imported from the official NRHE spatial index. This GIS record does not provide a construction date; review the linked trove.scot record before adding timeline evidence.,Check the linked source for an explicit date or supported date range; do not infer a construction date from a current map or generic classification.
broughty-ferry-scotland,Broughty Ferry,nrhe:331206,"DUNDEE, 33 RERES ROAD",,archaeological_site,NRHE / trove.scot record,,parish_evidence,Point,-2.859886673910108,56.471231497810365,site_centroid,medium,,unknown,unknown,unreviewed,Historic Environment Scotland,Historic Environment Scotland NRHE / trove.scot Points GIS,331206,https://www.trove.scot/place/331206,2026-09-02T06:42:57.108Z,331206,Imported from the official NRHE spatial index. This GIS record does not provide a construction date; review the linked trove.scot record before adding timeline evidence.,Check the linked source for an explicit date or supported date range; do not infer a construction date from a current map or generic classification.
broughty-ferry-scotland,Broughty Ferry,nrhe:242348,"DUNDEE, 339 KING STREET",RAMSAY PLACE,archaeological_site,NRHE / trove.scot record,,parish_evidence,Point,-2.870805549991537,56.465324507195035,site_centroid,medium,,unknown,unknown,unreviewed,Historic Environment Scotland,Historic Environment Scotland NRHE / trove.scot Points GIS,242348,https://www.trove.scot/place/242348,2026-09-02T06:42:57.108Z,242348,Imported from the official NRHE spatial index. This GIS record does not provide a construction date; review the linked trove.scot record before adding timeline evidence.,Check the linked source for an explicit date or supported date range; do not infer a construction date from a current map or generic classification.
broughty-ferry-scotland,Broughty Ferry,nrhe:185789,"DUNDEE, 34 DUNDEE ROAD, FORT WILLIAM, ROYAL TAY YACHT CLUB",,archaeological_site,NRHE / trove.scot record,,parish_evidence,Point,-2.8909260565790986,56.4692965794108,site_centroid,medium,,unknown,unknown,unreviewed,Historic Environment Scotland,Historic Environment Scotland NRHE / trove.scot Points GIS,185789,https://www.trove.scot/place/185789,2026-09-02T06:42:57.108Z,185789,Imported from the official NRHE spatial index. This GIS record does not provide a construction date; review the linked trove.scot record before adding timeline evidence.,Check the linked source for an explicit date or supported date range; do not infer a construction date from a current map or generic classification.
broughty-ferry-scotland,Broughty Ferry,nrhe:331162,"DUNDEE, 36 VICTORIA ROAD",,archaeological_site,NRHE / trove.scot record,,parish_evidence,Point,-2.8864918447488437,56.47195177343971,site_centroid,medium,,unknown,unknown,unreviewed,Historic Environment Scotland,Historic Environment Scotland NRHE / trove.scot Points GIS,331162,https://www.trove.scot/place/331162,2026-09-02T06:42:57.108Z,331162,Imported from the official NRHE spatial index. This GIS record does not provide a construction date; review the linked trove.scot record before adding timeline evidence.,Check the linked source for an explicit date or supported date range; do not infer a construction date from a current map or generic classification.
broughty-ferry-scotland,Broughty Ferry,nrhe:331282,"DUNDEE, 395 KING STREET",,archaeological_site,NRHE / trove.scot record,,parish_evidence,Point,-2.869191882821514,56.46502136377597,site_centroid,medium,,unknown,unknown,unreviewed,Historic Environment Scotland,Historic Environment Scotland NRHE / trove.scot Points GIS,331282,https://www.trove.scot/place/331282,2026-09-02T06:42:57.108Z,331282,Imported from the official NRHE spatial index. This GIS record does not provide a construction date; review the linked trove.scot record before adding timeline evidence.,Check the linked source for an explicit date or supported date range; do not infer a construction date from a current map or generic classification.
broughty-ferry-scotland,Broughty Ferry,nrhe:331219,"DUNDEE, 4 BALYMYLE ROAD",,archaeological_site,NRHE / trove.scot record,,parish_evidence,Point,-2.890164109635084,56.4700297833111,site_centroid,medium,,unknown,unknown,unreviewed,Historic Environment Scotland,Historic Environment Scotland NRHE / trove.scot Points GIS,331219,https://www.trove.scot/place/331219,2026-09-02T06:42:57.108Z,331219,Imported from the official NRHE spatial index. This GIS record does not provide a construction date; review the linked trove.scot record before adding timeline evidence.,Check the linked source for an explicit date or supported date range; do not infer a construction date from a current map or generic classification.
broughty-ferry-scotland,Broughty Ferry,nrhe:243838,"DUNDEE, 4 CASTLE TERRACE",,archaeological_site,NRHE / trove.scot record,,parish_evidence,Point,-2.865653787390313,56.46501913661643,site_centroid,medium,,unknown,unknown,unreviewed,Historic Environment Scotland,Historic Environment Scotland NRHE / trove.scot Points GIS,243838,https://www.trove.scot/place/243838,2026-09-02T06:42:57.108Z,243838,Imported from the official NRHE spatial index. This GIS record does not provide a construction date; review the linked trove.scot record before adding timeline evidence.,Check the linked source for an explicit date or supported date range; do not infer a construction date from a current map or generic classification.
broughty-ferry-scotland,Broughty Ferry,nrhe:242094,"DUNDEE, 48 VICTORIA ROAD, HERMON LODGE HOTEL, CONSERVATORY",,archaeological_site,NRHE / trove.scot record,,parish_evidence,Point,-2.8860623166123722,56.473023984325366,site_centroid,medium,,unknown,unknown,unreviewed,Historic Environment Scotland,Historic Environment Scotland NRHE / trove.scot Points GIS,242094,https://www.trove.scot/place/242094,2026-09-02T06:42:57.108Z,242094,Imported from the official NRHE spatial index. This GIS record does not provide a construction date; review the linked trove.scot record before adding timeline evidence.,Check the linked source for an explicit date or supported date range; do not infer a construction date from a current map or generic classification.
broughty-ferry-scotland,Broughty Ferry,nrhe:192681,"DUNDEE, 5 CAMPHILL ROAD",,archaeological_site,NRHE / trove.scot record,,parish_evidence,Point,-2.873125513578439,56.468821109920164,site_centroid,medium,,unknown,unknown,unreviewed,Historic Environment Scotland,Historic Environment Scotland NRHE / trove.scot Points GIS,192681,https://www.trove.scot/place/192681,2026-09-02T06:42:57.108Z,192681,Imported from the official NRHE spatial index. This GIS record does not provide a construction date; review the linked trove.scot record before adding timeline evidence.,Check the linked source for an explicit date or supported date range; do not infer a construction date from a current map or generic classification.
broughty-ferry-scotland,Broughty Ferry,nrhe:165486,"DUNDEE, 5 CASTLE TERRACE",,archaeological_site,NRHE / trove.scot record,,parish_evidence,Point,-2.8657823764669668,56.46496433335474,site_centroid,medium,,unknown,unknown,unreviewed,Historic Environment Scotland,Historic Environment Scotland NRHE / trove.scot Points GIS,165486,https://www.trove.scot/place/165486,2026-09-02T06:42:57.108Z,165486,Imported from the official NRHE spatial index. This GIS record does not provide a construction date; review the linked trove.scot record before adding timeline evidence.,Check the linked source for an explicit date or supported date range; do not infer a construction date from a current map or generic classification.
broughty-ferry-scotland,Broughty Ferry,nrhe:234393,"DUNDEE, 53 MONIFIETH ROAD",,archaeological_site,NRHE / trove.scot record,,parish_evidence,Point,-2.8649839511446693,56.4683929540288,site_centroid,medium,,unknown,unknown,unreviewed,Historic Environment Scotland,Historic Environment Scotland NRHE / trove.scot Points GIS,234393,https://www.trove.scot/place/234393,2026-09-02T06:42:57.108Z,234393,Imported from the official NRHE spatial index. This GIS record does not provide a construction date; review the linked trove.scot record before adding timeline evidence.,Check the linked source for an explicit date or supported date range; do not infer a construction date from a current map or generic classification.
broughty-ferry-scotland,Broughty Ferry,nrhe:243726,"DUNDEE, 6 CASTLE TERRACE",,archaeological_site,NRHE / trove.scot record,,parish_evidence,Point,-2.866007713233768,56.46488190178326,site_centroid,medium,,unknown,unknown,unreviewed,Historic Environment Scotland,Historic Environment Scotland NRHE / trove.scot Points GIS,243726,https://www.trove.scot/place/243726,2026-09-02T06:42:57.108Z,243726,Imported from the official NRHE spatial index. This GIS record does not provide a construction date; review the linked trove.scot record before adding timeline evidence.,Check the linked source for an explicit date or supported date range; do not infer a construction date from a current map or generic classification.
broughty-ferry-scotland,Broughty Ferry,nrhe:234097,"DUNDEE, 62A DUNDEE ROAD, WEST FERRY POST OFFICE",,archaeological_site,NRHE / trove.scot record,,parish_evidence,Point,-2.888066447685696,56.469173320415045,site_centroid,medium,,unknown,unknown,unreviewed,Historic Environment Scotland,Historic Environment Scotland NRHE / trove.scot Points GIS,234097,https://www.trove.scot/place/234097,2026-09-02T06:42:57.108Z,234097,Imported from the official NRHE spatial index. This GIS record does not provide a construction date; review the linked trove.scot record before adding timeline evidence.,Check the linked source for an explicit date or supported date range; do not infer a construction date from a current map or generic classification.
broughty-ferry-scotland,Broughty Ferry,nrhe:165487,"DUNDEE, 7 CASTLE TERRACE",,archaeological_site,NRHE / trove.scot record,,parish_evidence,Point,-2.866072211862796,56.46486348295668,site_centroid,medium,,unknown,unknown,unreviewed,Historic Environment Scotland,Historic Environment Scotland NRHE / trove.scot Points GIS,165487,https://www.trove.scot/place/165487,2026-09-02T06:42:57.108Z,165487,Imported from the official NRHE spatial index. This GIS record does not provide a construction date; review the linked trove.scot record before adding timeline evidence.,Check the linked source for an explicit date or supported date range; do not infer a construction date from a current map or generic classification.
broughty-ferry-scotland,Broughty Ferry,nrhe:331285,"DUNDEE, 7 VICTORIA ROAD",,archaeological_site,NRHE / trove.scot record,,parish_evidence,Point,-2.888166036338904,56.472047618988945,site_centroid,medium,,unknown,unknown,unreviewed,Historic Environment Scotland,Historic Environment Scotland NRHE / trove.scot Points GIS,331285,https://www.trove.scot/place/331285,2026-09-02T06:42:57.108Z,331285,Imported from the official NRHE spatial index. This GIS record does not provide a construction date; review the linked trove.scot record before adding timeline evidence.,Check the linked source for an explicit date or supported date range; do not infer a construction date from a current map or generic classification.
broughty-ferry-scotland,Broughty Ferry,nrhe:242349,"DUNDEE, 71 ST VINCENT STREET",RAMSAY PLACE,archaeological_site,NRHE / trove.scot record,,parish_evidence,Point,-2.8708074008734323,56.46540535381789,site_centroid,medium,,unknown,unknown,unreviewed,Historic Environment Scotland,Historic Environment Scotland NRHE / trove.scot Points GIS,242349,https://www.trove.scot/place/242349,2026-09-02T06:42:57.108Z,242349,Imported from the official NRHE spatial index. This GIS record does not provide a construction date; review the linked trove.scot record before adding timeline evidence.,Check the linked source for an explicit date or supported date range; do not infer a construction date from a current map or generic classification.
broughty-ferry-scotland,Broughty Ferry,nrhe:242350,"DUNDEE, 73 ST VINCENT STREET",RAMSAY PLACE,archaeological_site,NRHE / trove.scot record,,parish_evidence,Point,-2.870759542065698,56.46544162717673,site_centroid,medium,,unknown,unknown,unreviewed,Historic Environment Scotland,Historic Environment Scotland NRHE / trove.scot Points GIS,242350,https://www.trove.scot/place/242350,2026-09-02T06:42:57.108Z,242350,Imported from the official NRHE spatial index. This GIS record does not provide a construction date; review the linked trove.scot record before adding timeline evidence.,Check the linked source for an explicit date or supported date range; do not infer a construction date from a current map or generic classification.
broughty-ferry-scotland,Broughty Ferry,nrhe:242354,"DUNDEE, 77 ST VINCENT STREET",RAMSAY PLACE,archaeological_site,NRHE / trove.scot record,,parish_evidence,Point,-2.8706810794758835,56.46555897480225,site_centroid,medium,,unknown,unknown,unreviewed,Historic Environment Scotland,Historic Environment Scotland NRHE / trove.scot Points GIS,242354,https://www.trove.scot/place/242354,2026-09-02T06:42:57.108Z,242354,Imported from the official NRHE spatial index. This GIS record does not provide a construction date; review the linked trove.scot record before adding timeline evidence.,Check the linked source for an explicit date or supported date range; do not infer a construction date from a current map or generic classification.
broughty-ferry-scotland,Broughty Ferry,nrhe:243728,"DUNDEE, 8 CASTLE TERRACE",,archaeological_site,NRHE / trove.scot record,,parish_evidence,Point,-2.8662502987773406,56.46484427140558,site_centroid,medium,,unknown,unknown,unreviewed,Historic Environment Scotland,Historic Environment Scotland NRHE / trove.scot Points GIS,243728,https://www.trove.scot/place/243728,2026-09-02T06:42:57.108Z,243728,Imported from the official NRHE spatial index. This GIS record does not provide a construction date; review the linked trove.scot record before adding timeline evidence.,Check the linked source for an explicit date or supported date range; do not infer a construction date from a current map or generic classification.
broughty-ferry-scotland,Broughty Ferry,nrhe:165488,"DUNDEE, 9 CASTLE TERRACE",,archaeological_site,NRHE / trove.scot record,,parish_evidence,Point,-2.8663778633824717,56.464744552681495,site_centroid,medium,,unknown,unknown,unreviewed,Historic Environment Scotland,Historic Environment Scotland NRHE / trove.scot Points GIS,165488,https://www.trove.scot/place/165488,2026-09-02T06:42:57.108Z,165488,Imported from the official NRHE spatial index. This GIS record does not provide a construction date; review the linked trove.scot record before adding timeline evidence.,Check the linked source for an explicit date or supported date range; do not infer a construction date from a current map or generic classification.
broughty-ferry-scotland,Broughty Ferry,nrhe:331184,"DUNDEE, 98 GRAY STREET",CAFE MONMATRE,archaeological_site,NRHE / trove.scot record,,parish_evidence,Point,-2.872908032264305,56.467124588066774,site_centroid,medium,,unknown,unknown,unreviewed,Historic Environment Scotland,Historic Environment Scotland NRHE / trove.scot Points GIS,331184,https://www.trove.scot/place/331184,2026-09-02T06:42:57.108Z,331184,Imported from the official NRHE spatial index. This GIS record does not provide a construction date; review the linked trove.scot record before adding timeline evidence.,Check the linked source for an explicit date or supported date range; do not infer a construction date from a current map or generic classification.
broughty-ferry-scotland,Broughty Ferry,nrhe:193067,"DUNDEE, ALBERT ROAD, GENERAL",,archaeological_site,NRHE / trove.scot record,,parish_evidence,Point,-2.883875594076245,56.47043409631201,site_centroid,medium,,unknown,unknown,unreviewed,Historic Environment Scotland,Historic Environment Scotland NRHE / trove.scot Points GIS,193067,https://www.trove.scot/place/193067,2026-09-02T06:42:57.108Z,193067,Imported from the official NRHE spatial index. This GIS record does not provide a construction date; review the linked trove.scot record before adding timeline evidence.,Check the linked source for an explicit date or supported date range; do not infer a construction date from a current map or generic classification.
broughty-ferry-scotland,Broughty Ferry,nrhe:260520,"DUNDEE, ALBERT ROAD, TAYMOUNT, SUMMER HOUSE",WEST FERRY,archaeological_site,NRHE / trove.scot record,,parish_evidence,Point,-2.8813359420321962,56.471512313391415,site_centroid,medium,,unknown,unknown,unreviewed,Historic Environment Scotland,Historic Environment Scotland NRHE / trove.scot Points GIS,260520,https://www.trove.scot/place/260520,2026-09-02T06:42:57.108Z,260520,Imported from the official NRHE spatial index. This GIS record does not provide a construction date; review the linked trove.scot record before adding timeline evidence.,Check the linked source for an explicit date or supported date range; do not infer a construction date from a current map or generic classification.
broughty-ferry-scotland,Broughty Ferry,nrhe:190686,"DUNDEE, BALMYLE ROAD, BALMYLE",,archaeological_site,NRHE / trove.scot record,,parish_evidence,Point,-2.8911426915817056,56.4702294033769,site_centroid,medium,,unknown,unknown,unreviewed,Historic Environment Scotland,Historic Environment Scotland NRHE / trove.scot Points GIS,190686,https://www.trove.scot/place/190686,2026-09-02T06:42:57.108Z,190686,Imported from the official NRHE spatial index. This GIS record does not provide a construction date; review the linked trove.scot record before adding timeline evidence.,Check the linked source for an explicit date or supported date range; do not infer a construction date from a current map or generic classification.
broughty-ferry-scotland,Broughty Ferry,nrhe:359043,"Dundee, Brook Street, Broughty Ferry, 285, The Royal Arch",,archaeological_site,NRHE / trove.scot record,,parish_evidence,Point,-2.872808397622853,56.46702646030192,site_centroid,medium,,unknown,unknown,unreviewed,Historic Environment Scotland,Historic Environment Scotland NRHE / trove.scot Points GIS,359043,https://www.trove.scot/place/359043,2026-09-02T06:42:57.108Z,359043,Imported from the official NRHE spatial index. This GIS record does not provide a construction date; review the linked trove.scot record before adding timeline evidence.,Check the linked source for an explicit date or supported date range; do not infer a construction date from a current map or generic classification.
broughty-ferry-scotland,Broughty Ferry,nrhe:346519,"DUNDEE, BROUGHTY CASTLE",,archaeological_site,NRHE / trove.scot record,,parish_evidence,Point,-2.870307207293511,56.46340534043509,site_centroid,medium,,unknown,unknown,unreviewed,Historic Environment Scotland,Historic Environment Scotland NRHE / trove.scot Points GIS,346519,https://www.trove.scot/place/346519,2026-09-02T06:42:57.108Z,346519,Imported from the official NRHE spatial index. This GIS record does not provide a construction date; review the linked trove.scot record before adding timeline evidence.,Check the linked source for an explicit date or supported date range; do not infer a construction date from a current map or generic classification.
broughty-ferry-scotland,Broughty Ferry,nrhe:361739,"Dundee, Broughty Ferry Harbour, Wind Dial",,archaeological_site,NRHE / trove.scot record,,parish_evidence,Point,-2.8715327889425315,56.463064317734336,site_centroid,medium,,unknown,unknown,unreviewed,Historic Environment Scotland,Historic Environment Scotland NRHE / trove.scot Points GIS,361739,https://www.trove.scot/place/361739,2026-09-02T06:42:57.108Z,361739,Imported from the official NRHE spatial index. This GIS record does not provide a construction date; review the linked trove.scot record before adding timeline evidence.,Check the linked source for an explicit date or supported date range; do not infer a construction date from a current map or generic classification.
broughty-ferry-scotland,Broughty Ferry,nrhe:187790,"DUNDEE, BROUGHTY FERRY HARBOUR, WOODEN PIER","RIVER TAY, TAY ESTUARY, FIRTH OF TAY",archaeological_site,NRHE / trove.scot record,,parish_evidence,Point,-2.8752019526034314,56.464538895277556,site_centroid,medium,,unknown,unknown,unreviewed,Historic Environment Scotland,Historic Environment Scotland NRHE / trove.scot Points GIS,187790,https://www.trove.scot/place/187790,2026-09-02T06:42:57.108Z,187790,Imported from the official NRHE spatial index. This GIS record does not provide a construction date; review the linked trove.scot record before adding timeline evidence.,Check the linked source for an explicit date or supported date range; do not infer a construction date from a current map or generic classification.
broughty-ferry-scotland,Broughty Ferry,nrhe:317731,"DUNDEE, BROUGHTY FERRY STATION, SIGNAL BOX",DUNDEE AND ARBROATH RAILWAY,archaeological_site,NRHE / trove.scot record,,parish_evidence,Point,-2.8730783527183608,56.46747378178484,site_centroid,medium,,unknown,unknown,unreviewed,Historic Environment Scotland,Historic Environment Scotland NRHE / trove.scot Points GIS,317731,https://www.trove.scot/place/317731,2026-09-02T06:42:57.108Z,317731,Imported from the official NRHE spatial index. This GIS record does not provide a construction date; review the linked trove.scot record before adding timeline evidence.,Check the linked source for an explicit date or supported date range; do not infer a construction date from a current map or generic classification.
broughty-ferry-scotland,Broughty Ferry,nrhe:233991,"DUNDEE, BROUGHTY FERRY, 1 EAST LINKS PLACE",,archaeological_site,NRHE / trove.scot record,,parish_evidence,Point,-2.8638734010482594,56.465947948955865,site_centroid,medium,,unknown,unknown,unreviewed,Historic Environment Scotland,Historic Environment Scotland NRHE / trove.scot Points GIS,233991,https://www.trove.scot/place/233991,2026-09-02T06:42:57.108Z,233991,Imported from the official NRHE spatial index. This GIS record does not provide a construction date; review the linked trove.scot record before adding timeline evidence.,Check the linked source for an explicit date or supported date range; do not infer a construction date from a current map or generic classification.
broughty-ferry-scotland,Broughty Ferry,nrhe:184432,"DUNDEE, BROUGHTY FERRY, 1 WESTFIELD ROAD",2 JAMES PLACE,archaeological_site,NRHE / trove.scot record,,parish_evidence,Point,-2.8814097347118697,56.466291849695345,site_centroid,medium,,unknown,unknown,unreviewed,Historic Environment Scotland,Historic Environment Scotland NRHE / trove.scot Points GIS,184432,https://www.trove.scot/place/184432,2026-09-02T06:42:57.108Z,184432,Imported from the official NRHE spatial index. This GIS record does not provide a construction date; review the linked trove.scot record before adding timeline evidence.,Check the linked source for an explicit date or supported date range; do not infer a construction date from a current map or generic classification.
broughty-ferry-scotland,Broughty Ferry,nrhe:234421,"DUNDEE, BROUGHTY FERRY, 11 NORRIE STREET",,archaeological_site,NRHE / trove.scot record,,parish_evidence,Point,-2.8647040936873873,56.4689339673396,site_centroid,medium,,unknown,unknown,unreviewed,Historic Environment Scotland,Historic Environment Scotland NRHE / trove.scot Points GIS,234421,https://www.trove.scot/place/234421,2026-09-02T06:42:57.108Z,234421,Imported from the official NRHE spatial index. This GIS record does not provide a construction date; review the linked trove.scot record before adding timeline evidence.,Check the linked source for an explicit date or supported date range; do not infer a construction date from a current map or generic classification.
broughty-ferry-scotland,Broughty Ferry,nrhe:188021,"DUNDEE, BROUGHTY FERRY, 11-14 THE ESPLANADE",,archaeological_site,NRHE / trove.scot record,,parish_evidence,Point,-2.8629755955306577,56.465720600062355,site_centroid,medium,,unknown,unknown,unreviewed,Historic Environment Scotland,Historic Environment Scotland NRHE / trove.scot Points GIS,188021,https://www.trove.scot/place/188021,2026-09-02T06:42:57.108Z,188021,Imported from the official NRHE spatial index. This GIS record does not provide a construction date; review the linked trove.scot record before adding timeline evidence.,Check the linked source for an explicit date or supported date range; do not infer a construction date from a current map or generic classification.
broughty-ferry-scotland,Broughty Ferry,nrhe:193109,"DUNDEE, BROUGHTY FERRY, 110 BROWN STREET, SALVATION ARMY HALL",,archaeological_site,NRHE / trove.scot record,,parish_evidence,Point,-2.8771874156182986,56.46688777831381,site_centroid,medium,,unknown,unknown,unreviewed,Historic Environment Scotland,Historic Environment Scotland NRHE / trove.scot Points GIS,193109,https://www.trove.scot/place/193109,2026-09-02T06:42:57.108Z,193109,Imported from the official NRHE spatial index. This GIS record does not provide a construction date; review the linked trove.scot record before adding timeline evidence.,Check the linked source for an explicit date or supported date range; do not infer a construction date from a current map or generic classification.
broughty-ferry-scotland,Broughty Ferry,nrhe:242603,"DUNDEE, BROUGHTY FERRY, 13 BEACH CRESCENT",,archaeological_site,NRHE / trove.scot record,,parish_evidence,Point,-2.873529430468761,56.465206538850204,site_centroid,medium,,unknown,unknown,unreviewed,Historic Environment Scotland,Historic Environment Scotland NRHE / trove.scot Points GIS,242603,https://www.trove.scot/place/242603,2026-09-02T06:42:57.108Z,242603,Imported from the official NRHE spatial index. This GIS record does not provide a construction date; review the linked trove.scot record before adding timeline evidence.,Check the linked source for an explicit date or supported date range; do not infer a construction date from a current map or generic classification.
broughty-ferry-scotland,Broughty Ferry,nrhe:234422,"DUNDEE, BROUGHTY FERRY, 13 NORRIE STREET",,archaeological_site,NRHE / trove.scot record,,parish_evidence,Point,-2.864770438109489,56.468996395884155,site_centroid,medium,,unknown,unknown,unreviewed,Historic Environment Scotland,Historic Environment Scotland NRHE / trove.scot Points GIS,234422,https://www.trove.scot/place/234422,2026-09-02T06:42:57.108Z,234422,Imported from the official NRHE spatial index. This GIS record does not provide a construction date; review the linked trove.scot record before adding timeline evidence.,Check the linked source for an explicit date or supported date range; do not infer a construction date from a current map or generic classification.
broughty-ferry-scotland,Broughty Ferry,nrhe:187595,"DUNDEE, BROUGHTY FERRY, 14 BATH STREET",,archaeological_site,NRHE / trove.scot record,,parish_evidence,Point,-2.8744112654913505,56.46544290855499,site_centroid,medium,,unknown,unknown,unreviewed,Historic Environment Scotland,Historic Environment Scotland NRHE / trove.scot Points GIS,187595,https://www.trove.scot/place/187595,2026-09-02T06:42:57.108Z,187595,Imported from the official NRHE spatial index. This GIS record does not provide a construction date; review the linked trove.scot record before adding timeline evidence.,Check the linked source for an explicit date or supported date range; do not infer a construction date from a current map or generic classification.
broughty-ferry-scotland,Broughty Ferry,nrhe:233856,"DUNDEE, BROUGHTY FERRY, 140, 142 KING STREET",,archaeological_site,NRHE / trove.scot record,,parish_evidence,Point,-2.8772316084182914,56.465989025460246,site_centroid,medium,,unknown,unknown,unreviewed,Historic Environment Scotland,Historic Environment Scotland NRHE / trove.scot Points GIS,233856,https://www.trove.scot/place/233856,2026-09-02T06:42:57.108Z,233856,Imported from the official NRHE spatial index. This GIS record does not provide a construction date; review the linked trove.scot record before adding timeline evidence.,Check the linked source for an explicit date or supported date range; do not infer a construction date from a current map or generic classification.
broughty-ferry-scotland,Broughty Ferry,nrhe:175178,"DUNDEE, BROUGHTY FERRY, 15 CAMPHILL ROAD",,archaeological_site,NRHE / trove.scot record,,parish_evidence,Point,-2.8712440272323425,56.4688792521229,site_centroid,medium,,unknown,unknown,unreviewed,Historic Environment Scotland,Historic Environment Scotland NRHE / trove.scot Points GIS,175178,https://www.trove.scot/place/175178,2026-09-02T06:42:57.108Z,175178,Imported from the official NRHE spatial index. This GIS record does not provide a construction date; review the linked trove.scot record before adding timeline evidence.,Check the linked source for an explicit date or supported date range; do not infer a construction date from a current map or generic classification.
broughty-ferry-scotland,Broughty Ferry,nrhe:234411,"DUNDEE, BROUGHTY FERRY, 15 QUEEN STREET",,archaeological_site,NRHE / trove.scot record,,parish_evidence,Point,-2.880359900879221,56.469318060711664,site_centroid,medium,,unknown,unknown,unreviewed,Historic Environment Scotland,Historic Environment Scotland NRHE / trove.scot Points GIS,234411,https://www.trove.scot/place/234411,2026-09-02T06:42:57.108Z,234411,Imported from the official NRHE spatial index. This GIS record does not provide a construction date; review the linked trove.scot record before adding timeline evidence.,Check the linked source for an explicit date or supported date range; do not infer a construction date from a current map or generic classification.
broughty-ferry-scotland,Broughty Ferry,nrhe:187307,"DUNDEE, BROUGHTY FERRY, 15-17 DAVID STREET",,archaeological_site,NRHE / trove.scot record,,parish_evidence,Point,-2.8763605894817568,56.465519004775665,site_centroid,medium,,unknown,unknown,unreviewed,Historic Environment Scotland,Historic Environment Scotland NRHE / trove.scot Points GIS,187307,https://www.trove.scot/place/187307,2026-09-02T06:42:57.108Z,187307,Imported from the official NRHE spatial index. This GIS record does not provide a construction date; review the linked trove.scot record before adding timeline evidence.,Check the linked source for an explicit date or supported date range; do not infer a construction date from a current map or generic classification.
broughty-ferry-scotland,Broughty Ferry,nrhe:233519,"DUNDEE, BROUGHTY FERRY, 151 BROOK STREET, YMCA, GYMNASIUM",,archaeological_site,NRHE / trove.scot record,,parish_evidence,Point,-2.877223947140668,56.46776799174169,site_centroid,medium,,unknown,unknown,unreviewed,Historic Environment Scotland,Historic Environment Scotland NRHE / trove.scot Points GIS,233519,https://www.trove.scot/place/233519,2026-09-02T06:42:57.108Z,233519,Imported from the official NRHE spatial index. This GIS record does not provide a construction date; review the linked trove.scot record before adding timeline evidence.,Check the linked source for an explicit date or supported date range; do not infer a construction date from a current map or generic classification.
broughty-ferry-scotland,Broughty Ferry,nrhe:233518,"DUNDEE, BROUGHTY FERRY, 151 BROOK STREET, YMCA, MAIN BLOCK",,archaeological_site,NRHE / trove.scot record,,parish_evidence,Point,-2.8774193061052915,56.46779356416199,site_centroid,medium,,unknown,unknown,unreviewed,Historic Environment Scotland,Historic Environment Scotland NRHE / trove.scot Points GIS,233518,https://www.trove.scot/place/233518,2026-09-02T06:42:57.108Z,233518,Imported from the official NRHE spatial index. This GIS record does not provide a construction date; review the linked trove.scot record before adding timeline evidence.,Check the linked source for an explicit date or supported date range; do not infer a construction date from a current map or generic classification.
broughty-ferry-scotland,Broughty Ferry,nrhe:188197,"DUNDEE, BROUGHTY FERRY, 153 FISHER STREET",,archaeological_site,NRHE / trove.scot record,,parish_evidence,Point,-2.875829323884892,56.46500165908678,site_centroid,medium,,unknown,unknown,unreviewed,Historic Environment Scotland,Historic Environment Scotland NRHE / trove.scot Points GIS,188197,https://www.trove.scot/place/188197,2026-09-02T06:42:57.108Z,188197,Imported from the official NRHE spatial index. This GIS record does not provide a construction date; review the linked trove.scot record before adding timeline evidence.,Check the linked source for an explicit date or supported date range; do not infer a construction date from a current map or generic classification.
broughty-ferry-scotland,Broughty Ferry,nrhe:233867,"DUNDEE, BROUGHTY FERRY, 155 KING STREET, THE EAGLE INN",FORT STREET,archaeological_site,NRHE / trove.scot record,,parish_evidence,Point,-2.876440608033098,56.466174301380924,site_centroid,medium,,unknown,unknown,unreviewed,Historic Environment Scotland,Historic Environment Scotland NRHE / trove.scot Points GIS,233867,https://www.trove.scot/place/233867,2026-09-02T06:42:57.108Z,233867,Imported from the official NRHE spatial index. This GIS record does not provide a construction date; review the linked trove.scot record before adding timeline evidence.,Check the linked source for an explicit date or supported date range; do not infer a construction date from a current map or generic classification.
broughty-ferry-scotland,Broughty Ferry,nrhe:188275,"DUNDEE, BROUGHTY FERRY, 158-162 KING STREET",,archaeological_site,NRHE / trove.scot record,,parish_evidence,Point,-2.8763855094678905,56.465896173862234,site_centroid,medium,,unknown,unknown,unreviewed,Historic Environment Scotland,Historic Environment Scotland NRHE / trove.scot Points GIS,188275,https://www.trove.scot/place/188275,2026-09-02T06:42:57.108Z,188275,Imported from the official NRHE spatial index. This GIS record does not provide a construction date; review the linked trove.scot record before adding timeline evidence.,Check the linked source for an explicit date or supported date range; do not infer a construction date from a current map or generic classification.
broughty-ferry-scotland,Broughty Ferry,nrhe:175179,"DUNDEE, BROUGHTY FERRY, 16 CAMPHILL ROAD",LOFTUS HOUSE,archaeological_site,NRHE / trove.scot record,,parish_evidence,Point,-2.871882874650167,56.46842554661511,site_centroid,medium,,unknown,unknown,unreviewed,Historic Environment Scotland,Historic Environment Scotland NRHE / trove.scot Points GIS,175179,https://www.trove.scot/place/175179,2026-09-02T06:42:57.108Z,175179,Imported from the official NRHE spatial index. This GIS record does not provide a construction date; review the linked trove.scot record before adding timeline evidence.,Check the linked source for an explicit date or supported date range; do not infer a construction date from a current map or generic classification.
broughty-ferry-scotland,Broughty Ferry,nrhe:375921,"DUNDEE, BROUGHTY FERRY, 17 DAVIDSON STREET",,archaeological_site,NRHE / trove.scot record,,parish_evidence,Point,-2.8763431965292687,56.471808208532316,site_centroid,medium,,unknown,unknown,unreviewed,Historic Environment Scotland,Historic Environment Scotland NRHE / trove.scot Points GIS,375921,https://www.trove.scot/place/375921,2026-09-02T06:42:57.108Z,375921,Imported from the official NRHE spatial index. This GIS record does not provide a construction date; review the linked trove.scot record before adding timeline evidence.,Check the linked source for an explicit date or supported date range; do not infer a construction date from a current map or generic classification.
broughty-ferry-scotland,Broughty Ferry,nrhe:234412,"DUNDEE, BROUGHTY FERRY, 17 QUEEN STREET",,archaeological_site,NRHE / trove.scot record,,parish_evidence,Point,-2.8800684069089777,56.469347080936956,site_centroid,medium,,unknown,unknown,unreviewed,Historic Environment Scotland,Historic Environment Scotland NRHE / trove.scot Points GIS,234412,https://www.trove.scot/place/234412,2026-09-02T06:42:57.108Z,234412,Imported from the official NRHE spatial index. This GIS record does not provide a construction date; review the linked trove.scot record before adding timeline evidence.,Check the linked source for an explicit date or supported date range; do not infer a construction date from a current map or generic classification.
broughty-ferry-scotland,Broughty Ferry,nrhe:191877,"DUNDEE, BROUGHTY FERRY, 172-174 KING STREET",,archaeological_site,NRHE / trove.scot record,,parish_evidence,Point,-2.8761410651988237,56.46585297752448,site_centroid,medium,,unknown,unknown,unreviewed,Historic Environment Scotland,Historic Environment Scotland NRHE / trove.scot Points GIS,191877,https://www.trove.scot/place/191877,2026-09-02T06:42:57.108Z,191877,Imported from the official NRHE spatial index. This GIS record does not provide a construction date; review the linked trove.scot record before adding timeline evidence.,Check the linked source for an explicit date or supported date range; do not infer a construction date from a current map or generic classification.
broughty-ferry-scotland,Broughty Ferry,nrhe:191880,"DUNDEE, BROUGHTY FERRY, 176-190 KING STREET",,archaeological_site,NRHE / trove.scot record,,parish_evidence,Point,-2.875847732802823,56.46580114128126,site_centroid,medium,,unknown,unknown,unreviewed,Historic Environment Scotland,Historic Environment Scotland NRHE / trove.scot Points GIS,191880,https://www.trove.scot/place/191880,2026-09-02T06:42:57.108Z,191880,Imported from the official NRHE spatial index. This GIS record does not provide a construction date; review the linked trove.scot record before adding timeline evidence.,Check the linked source for an explicit date or supported date range; do not infer a construction date from a current map or generic classification.
broughty-ferry-scotland,Broughty Ferry,nrhe:186113,"DUNDEE, BROUGHTY FERRY, 18 CAMPHILL ROAD",HERMITAGE ROAD,archaeological_site,NRHE / trove.scot record,,parish_evidence,Point,-2.871069396626577,56.468341413921976,site_centroid,medium,,unknown,unknown,unreviewed,Historic Environment Scotland,Historic Environment Scotland NRHE / trove.scot Points GIS,186113,https://www.trove.scot/place/186113,2026-09-02T06:42:57.108Z,186113,Imported from the official NRHE spatial index. This GIS record does not provide a construction date; review the linked trove.scot record before adding timeline evidence.,Check the linked source for an explicit date or supported date range; do not infer a construction date from a current map or generic classification.
broughty-ferry-scotland,Broughty Ferry,nrhe:188220,"DUNDEE, BROUGHTY FERRY, 18 FORT STREET",,archaeological_site,NRHE / trove.scot record,,parish_evidence,Point,-2.8767837377530037,56.46556992286977,site_centroid,medium,,unknown,unknown,unreviewed,Historic Environment Scotland,Historic Environment Scotland NRHE / trove.scot Points GIS,188220,https://www.trove.scot/place/188220,2026-09-02T06:42:57.108Z,188220,Imported from the official NRHE spatial index. This GIS record does not provide a construction date; review the linked trove.scot record before adding timeline evidence.,Check the linked source for an explicit date or supported date range; do not infer a construction date from a current map or generic classification.
broughty-ferry-scotland,Broughty Ferry,nrhe:185758,"DUNDEE, BROUGHTY FERRY, 180 BROOK STREET, GILLIES AND SON","68 UNION STREET, LINDSAY'S BUILDING",archaeological_site,NRHE / trove.scot record,,parish_evidence,Point,-2.8757487315852837,56.46714051600966,site_centroid,medium,,unknown,unknown,unreviewed,Historic Environment Scotland,Historic Environment Scotland NRHE / trove.scot Points GIS,185758,https://www.trove.scot/place/185758,2026-09-02T06:42:57.108Z,185758,Imported from the official NRHE spatial index. This GIS record does not provide a construction date; review the linked trove.scot record before adding timeline evidence.,Check the linked source for an explicit date or supported date range; do not infer a construction date from a current map or generic classification.
broughty-ferry-scotland,Broughty Ferry,nrhe:188206,"DUNDEE, BROUGHTY FERRY, 189 FISHER STREET",,archaeological_site,NRHE / trove.scot record,,parish_evidence,Point,-2.874890227760178,56.46509812606964,site_centroid,medium,,unknown,unknown,unreviewed,Historic Environment Scotland,Historic Environment Scotland NRHE / trove.scot Points GIS,188206,https://www.trove.scot/place/188206,2026-09-02T06:42:57.108Z,188206,Imported from the official NRHE spatial index. This GIS record does not provide a construction date; review the linked trove.scot record before adding timeline evidence.,Check the linked source for an explicit date or supported date range; do not infer a construction date from a current map or generic classification.
broughty-ferry-scotland,Broughty Ferry,nrhe:234413,"DUNDEE, BROUGHTY FERRY, 19 QUEEN STREET",,archaeological_site,NRHE / trove.scot record,,parish_evidence,Point,-2.87979127101336,56.46929513907852,site_centroid,medium,,unknown,unknown,unreviewed,Historic Environment Scotland,Historic Environment Scotland NRHE / trove.scot Points GIS,234413,https://www.trove.scot/place/234413,2026-09-02T06:42:57.108Z,234413,Imported from the official NRHE spatial index. This GIS record does not provide a construction date; review the linked trove.scot record before adding timeline evidence.,Check the linked source for an explicit date or supported date range; do not infer a construction date from a current map or generic classification.
broughty-ferry-scotland,Broughty Ferry,nrhe:187306,"DUNDEE, BROUGHTY FERRY, 19-23 DAVID STREET",,archaeological_site,NRHE / trove.scot record,,parish_evidence,Point,-2.8763626591471314,56.46560883422078,site_centroid,medium,,unknown,unknown,unreviewed,Historic Environment Scotland,Historic Environment Scotland NRHE / trove.scot Points GIS,187306,https://www.trove.scot/place/187306,2026-09-02T06:42:57.108Z,187306,Imported from the official NRHE spatial index. This GIS record does not provide a construction date; review the linked trove.scot record before adding timeline evidence.,Check the linked source for an explicit date or supported date range; do not infer a construction date from a current map or generic classification.
broughty-ferry-scotland,Broughty Ferry,nrhe:191881,"DUNDEE, BROUGHTY FERRY, 194-198 KING STREET",,archaeological_site,NRHE / trove.scot record,,parish_evidence,Point,-2.8754730581784145,56.46574089369976,site_centroid,medium,,unknown,unknown,unreviewed,Historic Environment Scotland,Historic Environment Scotland NRHE / trove.scot Points GIS,191881,https://www.trove.scot/place/191881,2026-09-02T06:42:57.108Z,191881,Imported from the official NRHE spatial index. This GIS record does not provide a construction date; review the linked trove.scot record before adding timeline evidence.,Check the linked source for an explicit date or supported date range; do not infer a construction date from a current map or generic classification.
broughty-ferry-scotland,Broughty Ferry,nrhe:188207,"DUNDEE, BROUGHTY FERRY, 195 FISHER STREET",,archaeological_site,NRHE / trove.scot record,,parish_evidence,Point,-2.874744391538875,56.46510813833898,site_centroid,medium,,unknown,unknown,unreviewed,Historic Environment Scotland,Historic Environment Scotland NRHE / trove.scot Points GIS,188207,https://www.trove.scot/place/188207,2026-09-02T06:42:57.108Z,188207,Imported from the official NRHE spatial index. This GIS record does not provide a construction date; review the linked trove.scot record before adding timeline evidence.,Check the linked source for an explicit date or supported date range; do not infer a construction date from a current map or generic classification.
broughty-ferry-scotland,Broughty Ferry,nrhe:187970,"DUNDEE, BROUGHTY FERRY, 2 AMBROSE STREET",,archaeological_site,NRHE / trove.scot record,,parish_evidence,Point,-2.875214353902581,56.465077872180395,site_centroid,medium,,unknown,unknown,unreviewed,Historic Environment Scotland,Historic Environment Scotland NRHE / trove.scot Points GIS,187970,https://www.trove.scot/place/187970,2026-09-02T06:42:57.108Z,187970,Imported from the official NRHE spatial index. This GIS record does not provide a construction date; review the linked trove.scot record before adding timeline evidence.,Check the linked source for an explicit date or supported date range; do not infer a construction date from a current map or generic classification.
broughty-ferry-scotland,Broughty Ferry,nrhe:234700,"DUNDEE, BROUGHTY FERRY, 2 QUEEN STREET",4 CLAYPOTTS ROAD,archaeological_site,NRHE / trove.scot record,,parish_evidence,Point,-2.880902731522488,56.46892788020547,site_centroid,medium,,unknown,unknown,unreviewed,Historic Environment Scotland,Historic Environment Scotland NRHE / trove.scot Points GIS,234700,https://www.trove.scot/place/234700,2026-09-02T06:42:57.108Z,234700,Imported from the official NRHE spatial index. This GIS record does not provide a construction date; review the linked trove.scot record before adding timeline evidence.,Check the linked source for an explicit date or supported date range; do not infer a construction date from a current map or generic classification.
broughty-ferry-scotland,Broughty Ferry,nrhe:175171,"DUNDEE, BROUGHTY FERRY, 20-22 CLAYPOTTS ROAD",,archaeological_site,NRHE / trove.scot record,,parish_evidence,Point,-2.8800469512805074,56.470524189849705,site_centroid,medium,,unknown,unknown,unreviewed,Historic Environment Scotland,Historic Environment Scotland NRHE / trove.scot Points GIS,175171,https://www.trove.scot/place/175171,2026-09-02T06:42:57.108Z,175171,Imported from the official NRHE spatial index. This GIS record does not provide a construction date; review the linked trove.scot record before adding timeline evidence.,Check the linked source for an explicit date or supported date range; do not infer a construction date from a current map or generic classification.
broughty-ferry-scotland,Broughty Ferry,nrhe:188187,"DUNDEE, BROUGHTY FERRY, 203 FISHER STREET",,archaeological_site,NRHE / trove.scot record,,parish_evidence,Point,-2.8744851728450804,56.46512793371753,site_centroid,medium,,unknown,unknown,unreviewed,Historic Environment Scotland,Historic Environment Scotland NRHE / trove.scot Points GIS,188187,https://www.trove.scot/place/188187,2026-09-02T06:42:57.108Z,188187,Imported from the official NRHE spatial index. This GIS record does not provide a construction date; review the linked trove.scot record before adding timeline evidence.,Check the linked source for an explicit date or supported date range; do not infer a construction date from a current map or generic classification.
broughty-ferry-scotland,Broughty Ferry,nrhe:234414,"DUNDEE, BROUGHTY FERRY, 21 QUEEN STREET",,archaeological_site,NRHE / trove.scot record,,parish_evidence,Point,-2.8798043826324258,56.469160280089596,site_centroid,medium,,unknown,unknown,unreviewed,Historic Environment Scotland,Historic Environment Scotland NRHE / trove.scot Points GIS,234414,https://www.trove.scot/place/234414,2026-09-02T06:42:57.108Z,234414,Imported from the official NRHE spatial index. This GIS record does not provide a construction date; review the linked trove.scot record before adding timeline evidence.,Check the linked source for an explicit date or supported date range; do not infer a construction date from a current map or generic classification.
broughty-ferry-scotland,Broughty Ferry,nrhe:234428,"DUNDEE, BROUGHTY FERRY, 22 MONIFIETH ROAD",,archaeological_site,NRHE / trove.scot record,,parish_evidence,Point,-2.8673995703070054,56.46755851737728,site_centroid,medium,,unknown,unknown,unreviewed,Historic Environment Scotland,Historic Environment Scotland NRHE / trove.scot Points GIS,234428,https://www.trove.scot/place/234428,2026-09-02T06:42:57.108Z,234428,Imported from the official NRHE spatial index. This GIS record does not provide a construction date; review the linked trove.scot record before adding timeline evidence.,Check the linked source for an explicit date or supported date range; do not infer a construction date from a current map or generic classification.
broughty-ferry-scotland,Broughty Ferry,nrhe:234429,"DUNDEE, BROUGHTY FERRY, 24 MONIFIETH ROAD",,archaeological_site,NRHE / trove.scot record,,parish_evidence,Point,-2.867319044551842,56.467586033253895,site_centroid,medium,,unknown,unknown,unreviewed,Historic Environment Scotland,Historic Environment Scotland NRHE / trove.scot Points GIS,234429,https://www.trove.scot/place/234429,2026-09-02T06:42:57.108Z,234429,Imported from the official NRHE spatial index. This GIS record does not provide a construction date; review the linked trove.scot record before adding timeline evidence.,Check the linked source for an explicit date or supported date range; do not infer a construction date from a current map or generic classification.
broughty-ferry-scotland,Broughty Ferry,nrhe:188276,"DUNDEE, BROUGHTY FERRY, 25-29 FORT STREET",,archaeological_site,NRHE / trove.scot record,,parish_evidence,Point,-2.877127201224031,56.46568429349864,site_centroid,medium,,unknown,unknown,unreviewed,Historic Environment Scotland,Historic Environment Scotland NRHE / trove.scot Points GIS,188276,https://www.trove.scot/place/188276,2026-09-02T06:42:57.108Z,188276,Imported from the official NRHE spatial index. This GIS record does not provide a construction date; review the linked trove.scot record before adding timeline evidence.,Check the linked source for an explicit date or supported date range; do not infer a construction date from a current map or generic classification.
broughty-ferry-scotland,Broughty Ferry,nrhe:176523,"DUNDEE, BROUGHTY FERRY, 26 CLAYPOTTS ROAD, BALLINARD HOUSE",BALINARD HOUSE HOTEL,archaeological_site,NRHE / trove.scot record,,parish_evidence,Point,-2.8799303856775644,56.472501584348706,site_centroid,medium,,unknown,unknown,unreviewed,Historic Environment Scotland,Historic Environment Scotland NRHE / trove.scot Points GIS,176523,https://www.trove.scot/place/176523,2026-09-02T06:42:57.108Z,176523,Imported from the official NRHE spatial index. This GIS record does not provide a construction date; review the linked trove.scot record before adding timeline evidence.,Check the linked source for an explicit date or supported date range; do not infer a construction date from a current map or generic classification.
broughty-ferry-scotland,Broughty Ferry,nrhe:184136,"DUNDEE, BROUGHTY FERRY, 26 VICTORIA ROAD, AYSTREE",,archaeological_site,NRHE / trove.scot record,,parish_evidence,Point,-2.8863313295591975,56.47133299558836,site_centroid,medium,,unknown,unknown,unreviewed,Historic Environment Scotland,Historic Environment Scotland NRHE / trove.scot Points GIS,184136,https://www.trove.scot/place/184136,2026-09-02T06:42:57.108Z,184136,Imported from the official NRHE spatial index. This GIS record does not provide a construction date; review the linked trove.scot record before adding timeline evidence.,Check the linked source for an explicit date or supported date range; do not infer a construction date from a current map or generic classification.
broughty-ferry-scotland,Broughty Ferry,nrhe:294723,"DUNDEE, BROUGHTY FERRY, 26 VICTORIA ROAD, AYSTREE, COACH HOUSE AND STABLES",,archaeological_site,NRHE / trove.scot record,,parish_evidence,Point,-2.886334470060784,56.47146773926746,site_centroid,medium,,unknown,unknown,unreviewed,Historic Environment Scotland,Historic Environment Scotland NRHE / trove.scot Points GIS,294723,https://www.trove.scot/place/294723,2026-09-02T06:42:57.108Z,294723,Imported from the official NRHE spatial index. This GIS record does not provide a construction date; review the linked trove.scot record before adding timeline evidence.,Check the linked source for an explicit date or supported date range; do not infer a construction date from a current map or generic classification.
broughty-ferry-scotland,Broughty Ferry,nrhe:188229,"DUNDEE, BROUGHTY FERRY, 28 FORT STREET",,archaeological_site,NRHE / trove.scot record,,parish_evidence,Point,-2.8767856013539586,56.46565076936065,site_centroid,medium,,unknown,unknown,unreviewed,Historic Environment Scotland,Historic Environment Scotland NRHE / trove.scot Points GIS,188229,https://www.trove.scot/place/188229,2026-09-02T06:42:57.108Z,188229,Imported from the official NRHE spatial index. This GIS record does not provide a construction date; review the linked trove.scot record before adding timeline evidence.,Check the linked source for an explicit date or supported date range; do not infer a construction date from a current map or generic classification.
broughty-ferry-scotland,Broughty Ferry,nrhe:297625,"DUNDEE, BROUGHTY FERRY, 298 KING STREET",CASTLE HOTEL,archaeological_site,NRHE / trove.scot record,,parish_evidence,Point,-2.8724440735684724,56.46529503213122,site_centroid,medium,,unknown,unknown,unreviewed,Historic Environment Scotland,Historic Environment Scotland NRHE / trove.scot Points GIS,297625,https://www.trove.scot/place/297625,2026-09-02T06:42:57.108Z,297625,Imported from the official NRHE spatial index. This GIS record does not provide a construction date; review the linked trove.scot record before adding timeline evidence.,Check the linked source for an explicit date or supported date range; do not infer a construction date from a current map or generic classification.
broughty-ferry-scotland,Broughty Ferry,nrhe:187247,"DUNDEE, BROUGHTY FERRY, 3 BELL'S LANE",,archaeological_site,NRHE / trove.scot record,,parish_evidence,Point,-2.8768411915753425,56.4652460783778,site_centroid,medium,,unknown,unknown,unreviewed,Historic Environment Scotland,Historic Environment Scotland NRHE / trove.scot Points GIS,187247,https://www.trove.scot/place/187247,2026-09-02T06:42:57.108Z,187247,Imported from the official NRHE spatial index. This GIS record does not provide a construction date; review the linked trove.scot record before adding timeline evidence.,Check the linked source for an explicit date or supported date range; do not infer a construction date from a current map or generic classification.
broughty-ferry-scotland,Broughty Ferry,nrhe:175168,"DUNDEE, BROUGHTY FERRY, 3 CAMPERDOWN STREET",,archaeological_site,NRHE / trove.scot record,,parish_evidence,Point,-2.8802050857151156,56.47034338058535,site_centroid,medium,,unknown,unknown,unreviewed,Historic Environment Scotland,Historic Environment Scotland NRHE / trove.scot Points GIS,175168,https://www.trove.scot/place/175168,2026-09-02T06:42:57.108Z,175168,Imported from the official NRHE spatial index. This GIS record does not provide a construction date; review the linked trove.scot record before adding timeline evidence.,Check the linked source for an explicit date or supported date range; do not infer a construction date from a current map or generic classification.
broughty-ferry-scotland,Broughty Ferry,nrhe:233994,"DUNDEE, BROUGHTY FERRY, 3 EAST LINKS PLACE",,archaeological_site,NRHE / trove.scot record,,parish_evidence,Point,-2.8641046659814022,56.466126027051615,site_centroid,medium,,unknown,unknown,unreviewed,Historic Environment Scotland,Historic Environment Scotland NRHE / trove.scot Points GIS,233994,https://www.trove.scot/place/233994,2026-09-02T06:42:57.108Z,233994,Imported from the official NRHE spatial index. This GIS record does not provide a construction date; review the linked trove.scot record before adding timeline evidence.,Check the linked source for an explicit date or supported date range; do not infer a construction date from a current map or generic classification.
broughty-ferry-scotland,Broughty Ferry,nrhe:188011,"DUNDEE, BROUGHTY FERRY, 3-4 THE ESPLANADE",,archaeological_site,NRHE / trove.scot record,,parish_evidence,Point,-2.8641980524850568,56.46523592184962,site_centroid,medium,,unknown,unknown,unreviewed,Historic Environment Scotland,Historic Environment Scotland NRHE / trove.scot Points GIS,188011,https://www.trove.scot/place/188011,2026-09-02T06:42:57.108Z,188011,Imported from the official NRHE spatial index. This GIS record does not provide a construction date; review the linked trove.scot record before adding timeline evidence.,Check the linked source for an explicit date or supported date range; do not infer a construction date from a current map or generic classification.
broughty-ferry-scotland,Broughty Ferry,nrhe:184724,"DUNDEE, BROUGHTY FERRY, 305 QUEEN STREET, LOFTUS ROOMS (SITE OF)",DAVID WALLACE TEA ROOMS,archaeological_site,NRHE / trove.scot record,,parish_evidence,Point,-2.8725196460699296,56.46788200833182,site_centroid,medium,,unknown,unknown,unreviewed,Historic Environment Scotland,Historic Environment Scotland NRHE / trove.scot Points GIS,184724,https://www.trove.scot/place/184724,2026-09-02T06:42:57.108Z,184724,Imported from the official NRHE spatial index. This GIS record does not provide a construction date; review the linked trove.scot record before adding timeline evidence.,Check the linked source for an explicit date or supported date range; do not infer a construction date from a current map or generic classification.
broughty-ferry-scotland,Broughty Ferry,nrhe:184835,"DUNDEE, BROUGHTY FERRY, 337 KING STREET",RAMSAY PLACE,archaeological_site,NRHE / trove.scot record,,parish_evidence,Point,-2.8708706640257495,56.465333034756284,site_centroid,medium,,unknown,unknown,unreviewed,Historic Environment Scotland,Historic Environment Scotland NRHE / trove.scot Points GIS,184835,https://www.trove.scot/place/184835,2026-09-02T06:42:57.108Z,184835,Imported from the official NRHE spatial index. This GIS record does not provide a construction date; review the linked trove.scot record before adding timeline evidence.,Check the linked source for an explicit date or supported date range; do not infer a construction date from a current map or generic classification.
broughty-ferry-scotland,Broughty Ferry,nrhe:188278,"DUNDEE, BROUGHTY FERRY, 35 FORT STREET",,archaeological_site,NRHE / trove.scot record,,parish_evidence,Point,-2.8770333590614148,56.46583769151439,site_centroid,medium,,unknown,unknown,unreviewed,Historic Environment Scotland,Historic Environment Scotland NRHE / trove.scot Points GIS,188278,https://www.trove.scot/place/188278,2026-09-02T06:42:57.108Z,188278,Imported from the official NRHE spatial index. This GIS record does not provide a construction date; review the linked trove.scot record before adding timeline evidence.,Check the linked source for an explicit date or supported date range; do not infer a construction date from a current map or generic classification.
broughty-ferry-scotland,Broughty Ferry,nrhe:188230,"DUNDEE, BROUGHTY FERRY, 36-40 FORT STREET",,archaeological_site,NRHE / trove.scot record,,parish_evidence,Point,-2.876676151750064,56.46583123056696,site_centroid,medium,,unknown,unknown,unreviewed,Historic Environment Scotland,Historic Environment Scotland NRHE / trove.scot Points GIS,188230,https://www.trove.scot/place/188230,2026-09-02T06:42:57.108Z,188230,Imported from the official NRHE spatial index. This GIS record does not provide a construction date; review the linked trove.scot record before adding timeline evidence.,Check the linked source for an explicit date or supported date range; do not infer a construction date from a current map or generic classification.
broughty-ferry-scotland,Broughty Ferry,nrhe:234708,"DUNDEE, BROUGHTY FERRY, 38 SEAFIELD ROAD",30 SEAFIELD ROAD,archaeological_site,NRHE / trove.scot record,,parish_evidence,Point,-2.8771364569584454,56.47312331216359,site_centroid,medium,,unknown,unknown,unreviewed,Historic Environment Scotland,Historic Environment Scotland NRHE / trove.scot Points GIS,234708,https://www.trove.scot/place/234708,2026-09-02T06:42:57.108Z,234708,Imported from the official NRHE spatial index. This GIS record does not provide a construction date; review the linked trove.scot record before adding timeline evidence.,Check the linked source for an explicit date or supported date range; do not infer a construction date from a current map or generic classification.
broughty-ferry-scotland,Broughty Ferry,nrhe:233517,"DUNDEE, BROUGHTY FERRY, 383 BROOK STREET",,archaeological_site,NRHE / trove.scot record,,parish_evidence,Point,-2.87004124348957,56.4666775269057,site_centroid,medium,,unknown,unknown,unreviewed,Historic Environment Scotland,Historic Environment Scotland NRHE / trove.scot Points GIS,233517,https://www.trove.scot/place/233517,2026-09-02T06:42:57.108Z,233517,Imported from the official NRHE spatial index. This GIS record does not provide a construction date; review the linked trove.scot record before adding timeline evidence.,Check the linked source for an explicit date or supported date range; do not infer a construction date from a current map or generic classification.
broughty-ferry-scotland,Broughty Ferry,nrhe:233996,"DUNDEE, BROUGHTY FERRY, 4 EAST LINKS PLACE",,archaeological_site,NRHE / trove.scot record,,parish_evidence,Point,-2.86416998401501,56.46614354109907,site_centroid,medium,,unknown,unknown,unreviewed,Historic Environment Scotland,Historic Environment Scotland NRHE / trove.scot Points GIS,233996,https://www.trove.scot/place/233996,2026-09-02T06:42:57.108Z,233996,Imported from the official NRHE spatial index. This GIS record does not provide a construction date; review the linked trove.scot record before adding timeline evidence.,Check the linked source for an explicit date or supported date range; do not infer a construction date from a current map or generic classification.
broughty-ferry-scotland,Broughty Ferry,nrhe:191793,"DUNDEE, BROUGHTY FERRY, 4 JETTY LANE",,archaeological_site,NRHE / trove.scot record,,parish_evidence,Point,-2.8765133389131172,56.465104643510706,site_centroid,medium,,unknown,unknown,unreviewed,Historic Environment Scotland,Historic Environment Scotland NRHE / trove.scot Points GIS,191793,https://www.trove.scot/place/191793,2026-09-02T06:42:57.108Z,191793,Imported from the official NRHE spatial index. This GIS record does not provide a construction date; review the linked trove.scot record before adding timeline evidence.,Check the linked source for an explicit date or supported date range; do not infer a construction date from a current map or generic classification.
broughty-ferry-scotland,Broughty Ferry,nrhe:187098,"DUNDEE, BROUGHTY FERRY, 4 RERES ROAD, ROSEBANK",MONIFIETH ROAD,archaeological_site,NRHE / trove.scot record,,parish_evidence,Point,-2.86103015075862,56.46939974136406,site_centroid,medium,,unknown,unknown,unreviewed,Historic Environment Scotland,Historic Environment Scotland NRHE / trove.scot Points GIS,187098,https://www.trove.scot/place/187098,2026-09-02T06:42:57.108Z,187098,Imported from the official NRHE spatial index. This GIS record does not provide a construction date; review the linked trove.scot record before adding timeline evidence.,Check the linked source for an explicit date or supported date range; do not infer a construction date from a current map or generic classification.
broughty-ferry-scotland,Broughty Ferry,nrhe:260338,"DUNDEE, BROUGHTY FERRY, 41 FORT STREET",146 KING STREET,archaeological_site,NRHE / trove.scot record,,parish_evidence,Point,-2.8771009610586202,56.465954011108735,site_centroid,medium,,unknown,unknown,unreviewed,Historic Environment Scotland,Historic Environment Scotland NRHE / trove.scot Points GIS,260338,https://www.trove.scot/place/260338,2026-09-02T06:42:57.108Z,260338,Imported from the official NRHE spatial index. This GIS record does not provide a construction date; review the linked trove.scot record before adding timeline evidence.,Check the linked source for an explicit date or supported date range; do not infer a construction date from a current map or generic classification.
broughty-ferry-scotland,Broughty Ferry,nrhe:191735,"DUNDEE, BROUGHTY FERRY, 41 RERES ROAD, ROCK-KNOWE","BUGHTIES ROAD, ROCKNOWE, ROCK HOUSE",archaeological_site,NRHE / trove.scot record,,parish_evidence,Point,-2.8598061349239674,56.47125900883854,site_centroid,medium,,unknown,unknown,unreviewed,Historic Environment Scotland,Historic Environment Scotland NRHE / trove.scot Points GIS,191735,https://www.trove.scot/place/191735,2026-09-02T06:42:57.108Z,191735,Imported from the official NRHE spatial index. This GIS record does not provide a construction date; review the linked trove.scot record before adding timeline evidence.,Check the linked source for an explicit date or supported date range; do not infer a construction date from a current map or generic classification.
broughty-ferry-scotland,Broughty Ferry,nrhe:187243,"DUNDEE, BROUGHTY FERRY, 41-43 BEACH CRESCENT, BEACH HOUSE",,archaeological_site,NRHE / trove.scot record,,parish_evidence,Point,-2.872794473222453,56.465005067802196,site_centroid,medium,,unknown,unknown,unreviewed,Historic Environment Scotland,Historic Environment Scotland NRHE / trove.scot Points GIS,187243,https://www.trove.scot/place/187243,2026-09-02T06:42:57.108Z,187243,Imported from the official NRHE spatial index. This GIS record does not provide a construction date; review the linked trove.scot record before adding timeline evidence.,Check the linked source for an explicit date or supported date range; do not infer a construction date from a current map or generic classification.
broughty-ferry-scotland,Broughty Ferry,nrhe:188232,"DUNDEE, BROUGHTY FERRY, 42 FORT STREET",156 KING STREET,archaeological_site,NRHE / trove.scot record,,parish_evidence,Point,-2.8766131058723823,56.465912535492414,site_centroid,medium,,unknown,unknown,unreviewed,Historic Environment Scotland,Historic Environment Scotland NRHE / trove.scot Points GIS,188232,https://www.trove.scot/place/188232,2026-09-02T06:42:57.108Z,188232,Imported from the official NRHE spatial index. This GIS record does not provide a construction date; review the linked trove.scot record before adding timeline evidence.,Check the linked source for an explicit date or supported date range; do not infer a construction date from a current map or generic classification.
broughty-ferry-scotland,Broughty Ferry,nrhe:242483,"DUNDEE, BROUGHTY FERRY, 44 CAMPHILL ROAD",ROWANBANK HOUSE,archaeological_site,NRHE / trove.scot record,,parish_evidence,Point,-2.8664996831926177,56.469379649869055,site_centroid,medium,,unknown,unknown,unreviewed,Historic Environment Scotland,Historic Environment Scotland NRHE / trove.scot Points GIS,242483,https://www.trove.scot/place/242483,2026-09-02T06:42:57.108Z,242483,Imported from the official NRHE spatial index. This GIS record does not provide a construction date; review the linked trove.scot record before adding timeline evidence.,Check the linked source for an explicit date or supported date range; do not infer a construction date from a current map or generic classification.
broughty-ferry-scotland,Broughty Ferry,nrhe:191873,"DUNDEE, BROUGHTY FERRY, 45 KING STREET",,archaeological_site,NRHE / trove.scot record,,parish_evidence,Point,-2.8803965533189735,56.46669435417748,site_centroid,medium,,unknown,unknown,unreviewed,Historic Environment Scotland,Historic Environment Scotland NRHE / trove.scot Points GIS,191873,https://www.trove.scot/place/191873,2026-09-02T06:42:57.108Z,191873,Imported from the official NRHE spatial index. This GIS record does not provide a construction date; review the linked trove.scot record before adding timeline evidence.,Check the linked source for an explicit date or supported date range; do not infer a construction date from a current map or generic classification.
broughty-ferry-scotland,Broughty Ferry,nrhe:185575,"DUNDEE, BROUGHTY FERRY, 45 SEAFIELD ROAD, MOUNT ROSA, CONSERVATORY",,archaeological_site,NRHE / trove.scot record,,parish_evidence,Point,-2.8788500265037866,56.472814707285806,site_centroid,medium,,unknown,unknown,unreviewed,Historic Environment Scotland,Historic Environment Scotland NRHE / trove.scot Points GIS,185575,https://www.trove.scot/place/185575,2026-09-02T06:42:57.108Z,185575,Imported from the official NRHE spatial index. This GIS record does not provide a construction date; review the linked trove.scot record before adding timeline evidence.,Check the linked source for an explicit date or supported date range; do not infer a construction date from a current map or generic classification.
broughty-ferry-scotland,Broughty Ferry,nrhe:234146,"DUNDEE, BROUGHTY FERRY, 49 MONIFIETH ROAD",,archaeological_site,NRHE / trove.scot record,,parish_evidence,Point,-2.8653229086107834,56.468309732009985,site_centroid,medium,,unknown,unknown,unreviewed,Historic Environment Scotland,Historic Environment Scotland NRHE / trove.scot Points GIS,234146,https://www.trove.scot/place/234146,2026-09-02T06:42:57.108Z,234146,Imported from the official NRHE spatial index. This GIS record does not provide a construction date; review the linked trove.scot record before adding timeline evidence.,Check the linked source for an explicit date or supported date range; do not infer a construction date from a current map or generic classification.
broughty-ferry-scotland,Broughty Ferry,nrhe:233997,"DUNDEE, BROUGHTY FERRY, 5 EAST LINKS PLACE",,archaeological_site,NRHE / trove.scot record,,parish_evidence,Point,-2.8642872504711763,56.46630444369747,site_centroid,medium,,unknown,unknown,unreviewed,Historic Environment Scotland,Historic Environment Scotland NRHE / trove.scot Points GIS,233997,https://www.trove.scot/place/233997,2026-09-02T06:42:57.108Z,233997,Imported from the official NRHE spatial index. This GIS record does not provide a construction date; review the linked trove.scot record before adding timeline evidence.,Check the linked source for an explicit date or supported date range; do not infer a construction date from a current map or generic classification.
broughty-ferry-scotland,Broughty Ferry,nrhe:185888,"DUNDEE, BROUGHTY FERRY, 5 FORT STREET, ST JAMES'S CHURCH AND HALL","FISHER STREET, BEACH ESTABLISHED CHURCH AND FISHERMAN'S READING ROOM, BEACH MISSION CHURCH",archaeological_site,NRHE / trove.scot record,,parish_evidence,Point,-2.877409966473713,56.465277996672114,site_centroid,medium,,unknown,unknown,unreviewed,Historic Environment Scotland,Historic Environment Scotland NRHE / trove.scot Points GIS,185888,https://www.trove.scot/place/185888,2026-09-02T06:42:57.108Z,185888,Imported from the official NRHE spatial index. This GIS record does not provide a construction date; review the linked trove.scot record before adding timeline evidence.,Check the linked source for an explicit date or supported date range; do not infer a construction date from a current map or generic classification.
broughty-ferry-scotland,Broughty Ferry,nrhe:188019,"DUNDEE, BROUGHTY FERRY, 5-6 THE ESPLANADE",,archaeological_site,NRHE / trove.scot record,,parish_evidence,Point,-2.8638609559668535,56.46539998753385,site_centroid,medium,,unknown,unknown,unreviewed,Historic Environment Scotland,Historic Environment Scotland NRHE / trove.scot Points GIS,188019,https://www.trove.scot/place/188019,2026-09-02T06:42:57.108Z,188019,Imported from the official NRHE spatial index. This GIS record does not provide a construction date; review the linked trove.scot record before adding timeline evidence.,Check the linked source for an explicit date or supported date range; do not infer a construction date from a current map or generic classification.
broughty-ferry-scotland,Broughty Ferry,nrhe:297624,"DUNDEE, BROUGHTY FERRY, 51 BEACH CRESCENT",51 A-G BEACH CRESCENT,archaeological_site,NRHE / trove.scot record,,parish_evidence,Point,-2.872435007941144,56.464899782129436,site_centroid,medium,,unknown,unknown,unreviewed,Historic Environment Scotland,Historic Environment Scotland NRHE / trove.scot Points GIS,297624,https://www.trove.scot/place/297624,2026-09-02T06:42:57.108Z,297624,Imported from the official NRHE spatial index. This GIS record does not provide a construction date; review the linked trove.scot record before adding timeline evidence.,Check the linked source for an explicit date or supported date range; do not infer a construction date from a current map or generic classification.
broughty-ferry-scotland,Broughty Ferry,nrhe:234404,"DUNDEE, BROUGHTY FERRY, 51 QUEEN STREET, DRILL HALL","REGAL CINEMA, KINGSWAY BINGO",archaeological_site,NRHE / trove.scot record,,parish_evidence,Point,-2.879235132415866,56.46911040710622,site_centroid,medium,,unknown,unknown,unreviewed,Historic Environment Scotland,Historic Environment Scotland NRHE / trove.scot Points GIS,234404,https://www.trove.scot/place/234404,2026-09-02T06:42:57.108Z,234404,Imported from the official NRHE spatial index. This GIS record does not provide a construction date; review the linked trove.scot record before adding timeline evidence.,Check the linked source for an explicit date or supported date range; do not infer a construction date from a current map or generic classification.
broughty-ferry-scotland,Broughty Ferry,nrhe:188217,"DUNDEE, BROUGHTY FERRY, 6 FORT STREET",,archaeological_site,NRHE / trove.scot record,,parish_evidence,Point,-2.876970179398079,56.46520922946683,site_centroid,medium,,unknown,unknown,unreviewed,Historic Environment Scotland,Historic Environment Scotland NRHE / trove.scot Points GIS,188217,https://www.trove.scot/place/188217,2026-09-02T06:42:57.108Z,188217,Imported from the official NRHE spatial index. This GIS record does not provide a construction date; review the linked trove.scot record before adding timeline evidence.,Check the linked source for an explicit date or supported date range; do not infer a construction date from a current map or generic classification.
broughty-ferry-scotland,Broughty Ferry,nrhe:234702,"DUNDEE, BROUGHTY FERRY, 6 QUEEN STREET",,archaeological_site,NRHE / trove.scot record,,parish_evidence,Point,-2.8802344487452367,56.46880683933648,site_centroid,medium,,unknown,unknown,unreviewed,Historic Environment Scotland,Historic Environment Scotland NRHE / trove.scot Points GIS,234702,https://www.trove.scot/place/234702,2026-09-02T06:42:57.108Z,234702,Imported from the official NRHE spatial index. This GIS record does not provide a construction date; review the linked trove.scot record before adding timeline evidence.,Check the linked source for an explicit date or supported date range; do not infer a construction date from a current map or generic classification.
broughty-ferry-scotland,Broughty Ferry,nrhe:233214,"DUNDEE, BROUGHTY FERRY, 61, 63 CASTLE STREET",SALISBURY PLACE,archaeological_site,NRHE / trove.scot record,,parish_evidence,Point,-2.864793051743823,56.46570795067711,site_centroid,medium,,unknown,unknown,unreviewed,Historic Environment Scotland,Historic Environment Scotland NRHE / trove.scot Points GIS,233214,https://www.trove.scot/place/233214,2026-09-02T06:42:57.108Z,233214,Imported from the official NRHE spatial index. This GIS record does not provide a construction date; review the linked trove.scot record before adding timeline evidence.,Check the linked source for an explicit date or supported date range; do not infer a construction date from a current map or generic classification.
broughty-ferry-scotland,Broughty Ferry,nrhe:233832,"DUNDEE, BROUGHTY FERRY, 65 MONIFIETH ROAD",,archaeological_site,NRHE / trove.scot record,,parish_evidence,Point,-2.864223868622606,56.468515045427246,site_centroid,medium,,unknown,unknown,unreviewed,Historic Environment Scotland,Historic Environment Scotland NRHE / trove.scot Points GIS,233832,https://www.trove.scot/place/233832,2026-09-02T06:42:57.108Z,233832,Imported from the official NRHE spatial index. This GIS record does not provide a construction date; review the linked trove.scot record before adding timeline evidence.,Check the linked source for an explicit date or supported date range; do not infer a construction date from a current map or generic classification.
broughty-ferry-scotland,Broughty Ferry,nrhe:260526,"DUNDEE, BROUGHTY FERRY, 65, 67 FISHER STREET",,archaeological_site,NRHE / trove.scot record,,parish_evidence,Point,-2.8782554318548867,56.46534389251239,site_centroid,medium,,unknown,unknown,unreviewed,Historic Environment Scotland,Historic Environment Scotland NRHE / trove.scot Points GIS,260526,https://www.trove.scot/place/260526,2026-09-02T06:42:57.108Z,260526,Imported from the official NRHE spatial index. This GIS record does not provide a construction date; review the linked trove.scot record before adding timeline evidence.,Check the linked source for an explicit date or supported date range; do not infer a construction date from a current map or generic classification.
broughty-ferry-scotland,Broughty Ferry,nrhe:184793,"DUNDEE, BROUGHTY FERRY, 66 CAMPHILL ROAD, EAST FREE CHURCH MANSE","FORMER OLD MONIFIETH ROAD, BUGHTIES ROAD",archaeological_site,NRHE / trove.scot record,,parish_evidence,Point,-2.8630061527605672,56.47064383315693,site_centroid,medium,,unknown,unknown,unreviewed,Historic Environment Scotland,Historic Environment Scotland NRHE / trove.scot Points GIS,184793,https://www.trove.scot/place/184793,2026-09-02T06:42:57.108Z,184793,Imported from the official NRHE spatial index. This GIS record does not provide a construction date; review the linked trove.scot record before adding timeline evidence.,Check the linked source for an explicit date or supported date range; do not infer a construction date from a current map or generic classification.
broughty-ferry-scotland,Broughty Ferry,nrhe:233833,"DUNDEE, BROUGHTY FERRY, 67 MONIFIETH ROAD",,archaeological_site,NRHE / trove.scot record,,parish_evidence,Point,-2.8641106774491734,56.468533802236564,site_centroid,medium,,unknown,unknown,unreviewed,Historic Environment Scotland,Historic Environment Scotland NRHE / trove.scot Points GIS,233833,https://www.trove.scot/place/233833,2026-09-02T06:42:57.108Z,233833,Imported from the official NRHE spatial index. This GIS record does not provide a construction date; review the linked trove.scot record before adding timeline evidence.,Check the linked source for an explicit date or supported date range; do not infer a construction date from a current map or generic classification.
broughty-ferry-scotland,Broughty Ferry,nrhe:233834,"DUNDEE, BROUGHTY FERRY, 69 MONIFIETH ROAD",,archaeological_site,NRHE / trove.scot record,,parish_evidence,Point,-2.8639978943048576,56.4685705248822,site_centroid,medium,,unknown,unknown,unreviewed,Historic Environment Scotland,Historic Environment Scotland NRHE / trove.scot Points GIS,233834,https://www.trove.scot/place/233834,2026-09-02T06:42:57.108Z,233834,Imported from the official NRHE spatial index. This GIS record does not provide a construction date; review the linked trove.scot record before adding timeline evidence.,Check the linked source for an explicit date or supported date range; do not infer a construction date from a current map or generic classification.
broughty-ferry-scotland,Broughty Ferry,nrhe:186473,"DUNDEE, BROUGHTY FERRY, 7 MARYFIELD ROAD",,archaeological_site,NRHE / trove.scot record,,parish_evidence,Point,-2.8709441408548835,56.469959484062855,site_centroid,medium,,unknown,unknown,unreviewed,Historic Environment Scotland,Historic Environment Scotland NRHE / trove.scot Points GIS,186473,https://www.trove.scot/place/186473,2026-09-02T06:42:57.108Z,186473,Imported from the official NRHE spatial index. This GIS record does not provide a construction date; review the linked trove.scot record before adding timeline evidence.,Check the linked source for an explicit date or supported date range; do not infer a construction date from a current map or generic classification.
broughty-ferry-scotland,Broughty Ferry,nrhe:234417,"DUNDEE, BROUGHTY FERRY, 7 NORRIE STREET",,archaeological_site,NRHE / trove.scot record,,parish_evidence,Point,-2.864603862707456,56.46880888406661,site_centroid,medium,,unknown,unknown,unreviewed,Historic Environment Scotland,Historic Environment Scotland NRHE / trove.scot Points GIS,234417,https://www.trove.scot/place/234417,2026-09-02T06:42:57.108Z,234417,Imported from the official NRHE spatial index. This GIS record does not provide a construction date; review the linked trove.scot record before adding timeline evidence.,Check the linked source for an explicit date or supported date range; do not infer a construction date from a current map or generic classification.
broughty-ferry-scotland,Broughty Ferry,nrhe:188020,"DUNDEE, BROUGHTY FERRY, 7-10 THE ESPLANADE",,archaeological_site,NRHE / trove.scot record,,parish_evidence,Point,-2.8634583358771137,56.46553755493919,site_centroid,medium,,unknown,unknown,unreviewed,Historic Environment Scotland,Historic Environment Scotland NRHE / trove.scot Points GIS,188020,https://www.trove.scot/place/188020,2026-09-02T06:42:57.108Z,188020,Imported from the official NRHE spatial index. This GIS record does not provide a construction date; review the linked trove.scot record before adding timeline evidence.,Check the linked source for an explicit date or supported date range; do not infer a construction date from a current map or generic classification.
broughty-ferry-scotland,Broughty Ferry,nrhe:260527,"DUNDEE, BROUGHTY FERRY, 73 FISHER STREET",,archaeological_site,NRHE / trove.scot record,,parish_evidence,Point,-2.878173674337081,56.46531751775722,site_centroid,medium,,unknown,unknown,unreviewed,Historic Environment Scotland,Historic Environment Scotland NRHE / trove.scot Points GIS,260527,https://www.trove.scot/place/260527,2026-09-02T06:42:57.108Z,260527,Imported from the official NRHE spatial index. This GIS record does not provide a construction date; review the linked trove.scot record before adding timeline evidence.,Check the linked source for an explicit date or supported date range; do not infer a construction date from a current map or generic classification.
broughty-ferry-scotland,Broughty Ferry,nrhe:186691,"DUNDEE, BROUGHTY FERRY, 76 GROVE ROAD, MOYNESS",,archaeological_site,NRHE / trove.scot record,,parish_evidence,Point,-2.890317633733535,56.47242751997103,site_centroid,medium,,unknown,unknown,unreviewed,Historic Environment Scotland,Historic Environment Scotland NRHE / trove.scot Points GIS,186691,https://www.trove.scot/place/186691,2026-09-02T06:42:57.108Z,186691,Imported from the official NRHE spatial index. This GIS record does not provide a construction date; review the linked trove.scot record before adding timeline evidence.,Check the linked source for an explicit date or supported date range; do not infer a construction date from a current map or generic classification.
broughty-ferry-scotland,Broughty Ferry,nrhe:186584,"DUNDEE, BROUGHTY FERRY, 78 MONIFIETH ROAD",,archaeological_site,NRHE / trove.scot record,,parish_evidence,Point,-2.8623080923948776,56.46849243146055,site_centroid,medium,,unknown,unknown,unreviewed,Historic Environment Scotland,Historic Environment Scotland NRHE / trove.scot Points GIS,186584,https://www.trove.scot/place/186584,2026-09-02T06:42:57.108Z,186584,Imported from the official NRHE spatial index. This GIS record does not provide a construction date; review the linked trove.scot record before adding timeline evidence.,Check the linked source for an explicit date or supported date range; do not infer a construction date from a current map or generic classification.
broughty-ferry-scotland,Broughty Ferry,nrhe:331204,"DUNDEE, BROUGHTY FERRY, 8 BALMYLE ROAD",,archaeological_site,NRHE / trove.scot record,,parish_evidence,Point,-2.8904836087192916,56.47050366557358,site_centroid,medium,,unknown,unknown,unreviewed,Historic Environment Scotland,Historic Environment Scotland NRHE / trove.scot Points GIS,331204,https://www.trove.scot/place/331204,2026-09-02T06:42:57.108Z,331204,Imported from the official NRHE spatial index. This GIS record does not provide a construction date; review the linked trove.scot record before adding timeline evidence.,Check the linked source for an explicit date or supported date range; do not infer a construction date from a current map or generic classification.
broughty-ferry-scotland,Broughty Ferry,nrhe:234703,"DUNDEE, BROUGHTY FERRY, 8 QUEEN STREET",,archaeological_site,NRHE / trove.scot record,,parish_evidence,Point,-2.880023062053465,56.46879036935794,site_centroid,medium,,unknown,unknown,unreviewed,Historic Environment Scotland,Historic Environment Scotland NRHE / trove.scot Points GIS,234703,https://www.trove.scot/place/234703,2026-09-02T06:42:57.108Z,234703,Imported from the official NRHE spatial index. This GIS record does not provide a construction date; review the linked trove.scot record before adding timeline evidence.,Check the linked source for an explicit date or supported date range; do not infer a construction date from a current map or generic classification.
broughty-ferry-scotland,Broughty Ferry,nrhe:331203,"DUNDEE, BROUGHTY FERRY, 84 LONGLANE",,archaeological_site,NRHE / trove.scot record,,parish_evidence,Point,-2.8747420985764296,56.46641987748226,site_centroid,medium,,unknown,unknown,unreviewed,Historic Environment Scotland,Historic Environment Scotland NRHE / trove.scot Points GIS,331203,https://www.trove.scot/place/331203,2026-09-02T06:42:57.108Z,331203,Imported from the official NRHE spatial index. This GIS record does not provide a construction date; review the linked trove.scot record before adding timeline evidence.,Check the linked source for an explicit date or supported date range; do not infer a construction date from a current map or generic classification.
broughty-ferry-scotland,Broughty Ferry,nrhe:188300,"DUNDEE, BROUGHTY FERRY, 84-86 FORT STREET","DUNDEE SAVINGS BANK, GILLIES",archaeological_site,NRHE / trove.scot record,,parish_evidence,Point,-2.875992356135905,56.46714778131433,site_centroid,medium,,unknown,unknown,unreviewed,Historic Environment Scotland,Historic Environment Scotland NRHE / trove.scot Points GIS,188300,https://www.trove.scot/place/188300,2026-09-02T06:42:57.108Z,188300,Imported from the official NRHE spatial index. This GIS record does not provide a construction date; review the linked trove.scot record before adding timeline evidence.,Check the linked source for an explicit date or supported date range; do not infer a construction date from a current map or generic classification.
broughty-ferry-scotland,Broughty Ferry,nrhe:188177,"DUNDEE, BROUGHTY FERRY, 9 FISHER STREET",,archaeological_site,NRHE / trove.scot record,,parish_evidence,Point,-2.879574809313565,56.4655501757394,site_centroid,medium,,unknown,unknown,unreviewed,Historic Environment Scotland,Historic Environment Scotland NRHE / trove.scot Points GIS,188177,https://www.trove.scot/place/188177,2026-09-02T06:42:57.108Z,188177,Imported from the official NRHE spatial index. This GIS record does not provide a construction date; review the linked trove.scot record before adding timeline evidence.,Check the linked source for an explicit date or supported date range; do not infer a construction date from a current map or generic classification.
broughty-ferry-scotland,Broughty Ferry,nrhe:186659,"DUNDEE, BROUGHTY FERRY, 94 MONIFIETH ROAD, ARMISTEAD CHILD DEVELOPMENT CENTRE",ARMITSTEAD HOUSE,archaeological_site,NRHE / trove.scot record,,parish_evidence,Point,-2.855193809345029,56.46970961975948,site_centroid,medium,,unknown,unknown,unreviewed,Historic Environment Scotland,Historic Environment Scotland NRHE / trove.scot Points GIS,186659,https://www.trove.scot/place/186659,2026-09-02T06:42:57.108Z,186659,Imported from the official NRHE spatial index. This GIS record does not provide a construction date; review the linked trove.scot record before adding timeline evidence.,Check the linked source for an explicit date or supported date range; do not infer a construction date from a current map or generic classification.
broughty-ferry-scotland,Broughty Ferry,nrhe:187246,"DUNDEE, BROUGHTY FERRY, 97 BEACH CRESCENT",,archaeological_site,NRHE / trove.scot record,,parish_evidence,Point,-2.8714697997915115,56.464565155439956,site_centroid,medium,,unknown,unknown,unreviewed,Historic Environment Scotland,Historic Environment Scotland NRHE / trove.scot Points GIS,187246,https://www.trove.scot/place/187246,2026-09-02T06:42:57.108Z,187246,Imported from the official NRHE spatial index. This GIS record does not provide a construction date; review the linked trove.scot record before adding timeline evidence.,Check the linked source for an explicit date or supported date range; do not infer a construction date from a current map or generic classification.
broughty-ferry-scotland,Broughty Ferry,nrhe:331254,"DUNDEE, BROUGHTY FERRY, BALMYLE ROAD, BALMYLE",,archaeological_site,NRHE / trove.scot record,,parish_evidence,Point,-2.8908623779857554,56.47004274276972,site_centroid,medium,,unknown,unknown,unreviewed,Historic Environment Scotland,Historic Environment Scotland NRHE / trove.scot Points GIS,331254,https://www.trove.scot/place/331254,2026-09-02T06:42:57.108Z,331254,Imported from the official NRHE spatial index. This GIS record does not provide a construction date; review the linked trove.scot record before adding timeline evidence.,Check the linked source for an explicit date or supported date range; do not infer a construction date from a current map or generic classification.
broughty-ferry-scotland,Broughty Ferry,nrhe:297623,"DUNDEE, BROUGHTY FERRY, BEACH CRESCENT, GENERAL",,archaeological_site,NRHE / trove.scot record,,parish_evidence,Point,-2.87251119720702,56.464683620899706,site_centroid,medium,,unknown,unknown,unreviewed,Historic Environment Scotland,Historic Environment Scotland NRHE / trove.scot Points GIS,297623,https://www.trove.scot/place/297623,2026-09-02T06:42:57.108Z,297623,Imported from the official NRHE spatial index. This GIS record does not provide a construction date; review the linked trove.scot record before adding timeline evidence.,Check the linked source for an explicit date or supported date range; do not infer a construction date from a current map or generic classification.
broughty-ferry-scotland,Broughty Ferry,nrhe:238000,"DUNDEE, BROUGHTY FERRY, BEACH CRESCENT, LAMP STANDARD",,archaeological_site,NRHE / trove.scot record,,parish_evidence,Point,-2.8737210597127953,56.46507042401647,site_centroid,medium,,unknown,unknown,unreviewed,Historic Environment Scotland,Historic Environment Scotland NRHE / trove.scot Points GIS,238000,https://www.trove.scot/place/238000,2026-09-02T06:42:57.108Z,238000,Imported from the official NRHE spatial index. This GIS record does not provide a construction date; review the linked trove.scot record before adding timeline evidence.,Check the linked source for an explicit date or supported date range; do not infer a construction date from a current map or generic classification.
broughty-ferry-scotland,Broughty Ferry,nrhe:260346,"DUNDEE, BROUGHTY FERRY, BEACH CRESCENT, LAMP STANDARD",,archaeological_site,NRHE / trove.scot record,,parish_evidence,Point,-2.8732484152344395,56.464983906140624,site_centroid,medium,,unknown,unknown,unreviewed,Historic Environment Scotland,Historic Environment Scotland NRHE / trove.scot Points GIS,260346,https://www.trove.scot/place/260346,2026-09-02T06:42:57.108Z,260346,Imported from the official NRHE spatial index. This GIS record does not provide a construction date; review the linked trove.scot record before adding timeline evidence.,Check the linked source for an explicit date or supported date range; do not infer a construction date from a current map or generic classification.
broughty-ferry-scotland,Broughty Ferry,nrhe:260349,"DUNDEE, BROUGHTY FERRY, BEACH CRESCENT, LAMP STANDARD",,archaeological_site,NRHE / trove.scot record,,parish_evidence,Point,-2.8729060003850795,56.46491443948238,site_centroid,medium,,unknown,unknown,unreviewed,Historic Environment Scotland,Historic Environment Scotland NRHE / trove.scot Points GIS,260349,https://www.trove.scot/place/260349,2026-09-02T06:42:57.108Z,260349,Imported from the official NRHE spatial index. This GIS record does not provide a construction date; review the linked trove.scot record before adding timeline evidence.,Check the linked source for an explicit date or supported date range; do not infer a construction date from a current map or generic classification.
broughty-ferry-scotland,Broughty Ferry,nrhe:260356,"DUNDEE, BROUGHTY FERRY, BEACH CRESCENT, LAMP STANDARD",,archaeological_site,NRHE / trove.scot record,,parish_evidence,Point,-2.8722671770490007,56.46465838279956,site_centroid,medium,,unknown,unknown,unreviewed,Historic Environment Scotland,Historic Environment Scotland NRHE / trove.scot Points GIS,260356,https://www.trove.scot/place/260356,2026-09-02T06:42:57.108Z,260356,Imported from the official NRHE spatial index. This GIS record does not provide a construction date; review the linked trove.scot record before adding timeline evidence.,Check the linked source for an explicit date or supported date range; do not infer a construction date from a current map or generic classification.
broughty-ferry-scotland,Broughty Ferry,nrhe:260358,"DUNDEE, BROUGHTY FERRY, BEACH CRESCENT, LAMP STANDARD",,archaeological_site,NRHE / trove.scot record,,parish_evidence,Point,-2.8720042533222814,56.464516479787854,site_centroid,medium,,unknown,unknown,unreviewed,Historic Environment Scotland,Historic Environment Scotland NRHE / trove.scot Points GIS,260358,https://www.trove.scot/place/260358,2026-09-02T06:42:57.108Z,260358,Imported from the official NRHE spatial index. This GIS record does not provide a construction date; review the linked trove.scot record before adding timeline evidence.,Check the linked source for an explicit date or supported date range; do not infer a construction date from a current map or generic classification.
broughty-ferry-scotland,Broughty Ferry,nrhe:260359,"DUNDEE, BROUGHTY FERRY, BEACH CRESCENT, LAMP STANDARD",,archaeological_site,NRHE / trove.scot record,,parish_evidence,Point,-2.871933992619806,56.46428337889618,site_centroid,medium,,unknown,unknown,unreviewed,Historic Environment Scotland,Historic Environment Scotland NRHE / trove.scot Points GIS,260359,https://www.trove.scot/place/260359,2026-09-02T06:42:57.108Z,260359,Imported from the official NRHE spatial index. This GIS record does not provide a construction date; review the linked trove.scot record before adding timeline evidence.,Check the linked source for an explicit date or supported date range; do not infer a construction date from a current map or generic classification.
broughty-ferry-scotland,Broughty Ferry,nrhe:260360,"DUNDEE, BROUGHTY FERRY, BEACH CRESCENT, LAMP STANDARD",,archaeological_site,NRHE / trove.scot record,,parish_evidence,Point,-2.871476147921584,56.46413385952581,site_centroid,medium,,unknown,unknown,unreviewed,Historic Environment Scotland,Historic Environment Scotland NRHE / trove.scot Points GIS,260360,https://www.trove.scot/place/260360,2026-09-02T06:42:57.108Z,260360,Imported from the official NRHE spatial index. This GIS record does not provide a construction date; review the linked trove.scot record before adding timeline evidence.,Check the linked source for an explicit date or supported date range; do not infer a construction date from a current map or generic classification.
broughty-ferry-scotland,Broughty Ferry,nrhe:260361,"DUNDEE, BROUGHTY FERRY, BEACH CRESCENT, LAMP STANDARD",,archaeological_site,NRHE / trove.scot record,,parish_evidence,Point,-2.8709747693220233,56.46420925404456,site_centroid,medium,,unknown,unknown,unreviewed,Historic Environment Scotland,Historic Environment Scotland NRHE / trove.scot Points GIS,260361,https://www.trove.scot/place/260361,2026-09-02T06:42:57.108Z,260361,Imported from the official NRHE spatial index. This GIS record does not provide a construction date; review the linked trove.scot record before adding timeline evidence.,Check the linked source for an explicit date or supported date range; do not infer a construction date from a current map or generic classification.
broughty-ferry-scotland,Broughty Ferry,nrhe:363775,"DUNDEE, BROUGHTY FERRY, BELL ROCK SQUARE HOUSING",BELLROCK SQUARE,archaeological_site,NRHE / trove.scot record,,parish_evidence,Point,-2.8792486051072284,56.46548061163941,site_centroid,medium,,unknown,unknown,unreviewed,Historic Environment Scotland,Historic Environment Scotland NRHE / trove.scot Points GIS,363775,https://www.trove.scot/place/363775,2026-09-02T06:42:57.108Z,363775,Imported from the official NRHE spatial index. This GIS record does not provide a construction date; review the linked trove.scot record before adding timeline evidence.,Check the linked source for an explicit date or supported date range; do not infer a construction date from a current map or generic classification.
broughty-ferry-scotland,Broughty Ferry,nrhe:187736,"DUNDEE, BROUGHTY FERRY, BROOK STREET, GENERAL",,archaeological_site,NRHE / trove.scot record,,parish_evidence,Point,-2.8742882250690016,56.467150811820105,site_centroid,medium,,unknown,unknown,unreviewed,Historic Environment Scotland,Historic Environment Scotland NRHE / trove.scot Points GIS,187736,https://www.trove.scot/place/187736,2026-09-02T06:42:57.108Z,187736,Imported from the official NRHE spatial index. This GIS record does not provide a construction date; review the linked trove.scot record before adding timeline evidence.,Check the linked source for an explicit date or supported date range; do not infer a construction date from a current map or generic classification.
broughty-ferry-scotland,Broughty Ferry,nrhe:186096,"DUNDEE, BROUGHTY FERRY, BROOK STREET, ST STEPHEN'S CHURCH HALL",EAST HOME STREET,archaeological_site,NRHE / trove.scot record,,parish_evidence,Point,-2.8822544458950445,56.46772335396473,site_centroid,medium,,unknown,unknown,unreviewed,Historic Environment Scotland,Historic Environment Scotland NRHE / trove.scot Points GIS,186096,https://www.trove.scot/place/186096,2026-09-02T06:42:57.108Z,186096,Imported from the official NRHE spatial index. This GIS record does not provide a construction date; review the linked trove.scot record before adding timeline evidence.,Check the linked source for an explicit date or supported date range; do not infer a construction date from a current map or generic classification.
broughty-ferry-scotland,Broughty Ferry,nrhe:33391,"DUNDEE, BROUGHTY FERRY, BROUGHTY CASTLE","BROUGHTY CASTLE, BROUGHTY FERRY, CASTLE GREEN, BROUGHTY FERRY, THE HARBOUR",archaeological_site,NRHE / trove.scot record,,parish_evidence,Point,-2.8702151845127513,56.46292981227251,site_centroid,medium,,unknown,unknown,unreviewed,Historic Environment Scotland,Historic Environment Scotland NRHE / trove.scot Points GIS,33391,https://www.trove.scot/place/33391,2026-09-02T06:42:57.108Z,33391,Imported from the official NRHE spatial index. This GIS record does not provide a construction date; review the linked trove.scot record before adding timeline evidence.,Check the linked source for an explicit date or supported date range; do not infer a construction date from a current map or generic classification.
broughty-ferry-scotland,Broughty Ferry,nrhe:175174,"DUNDEE, BROUGHTY FERRY, CAMPHILL ROAD, CARBET CASTLE",CARBET CASTLE VILLA,archaeological_site,NRHE / trove.scot record,,parish_evidence,Point,-2.873513967697828,56.46877345491178,site_centroid,medium,,unknown,unknown,unreviewed,Historic Environment Scotland,Historic Environment Scotland NRHE / trove.scot Points GIS,175174,https://www.trove.scot/place/175174,2026-09-02T06:42:57.108Z,175174,Imported from the official NRHE spatial index. This GIS record does not provide a construction date; review the linked trove.scot record before adding timeline evidence.,Check the linked source for an explicit date or supported date range; do not infer a construction date from a current map or generic classification.
broughty-ferry-scotland,Broughty Ferry,nrhe:176566,"DUNDEE, BROUGHTY FERRY, CASTLE LANE, GENERAL",,archaeological_site,NRHE / trove.scot record,,parish_evidence,Point,-2.867082425881822,56.46432635040889,site_centroid,medium,,unknown,unknown,unreviewed,Historic Environment Scotland,Historic Environment Scotland NRHE / trove.scot Points GIS,176566,https://www.trove.scot/place/176566,2026-09-02T06:42:57.108Z,176566,Imported from the official NRHE spatial index. This GIS record does not provide a construction date; review the linked trove.scot record before adding timeline evidence.,Check the linked source for an explicit date or supported date range; do not infer a construction date from a current map or generic classification.
broughty-ferry-scotland,Broughty Ferry,nrhe:165500,"DUNDEE, BROUGHTY FERRY, CASTLEROY",CASTLEROY HOUSE,archaeological_site,NRHE / trove.scot record,,parish_evidence,Point,-2.8656130777313273,56.4710749009296,site_centroid,medium,,unknown,unknown,unreviewed,Historic Environment Scotland,Historic Environment Scotland NRHE / trove.scot Points GIS,165500,https://www.trove.scot/place/165500,2026-09-02T06:42:57.108Z,165500,Imported from the official NRHE spatial index. This GIS record does not provide a construction date; review the linked trove.scot record before adding timeline evidence.,Check the linked source for an explicit date or supported date range; do not infer a construction date from a current map or generic classification.
broughty-ferry-scotland,Broughty Ferry,nrhe:165569,"DUNDEE, BROUGHTY FERRY, CASTLEROY, EAST LODGE, STABLES",,archaeological_site,NRHE / trove.scot record,,parish_evidence,Point,-2.8667634791951877,56.47169578069634,site_centroid,medium,,unknown,unknown,unreviewed,Historic Environment Scotland,Historic Environment Scotland NRHE / trove.scot Points GIS,165569,https://www.trove.scot/place/165569,2026-09-02T06:42:57.108Z,165569,Imported from the official NRHE spatial index. This GIS record does not provide a construction date; review the linked trove.scot record before adding timeline evidence.,Check the linked source for an explicit date or supported date range; do not infer a construction date from a current map or generic classification.
broughty-ferry-scotland,Broughty Ferry,nrhe:176517,"DUNDEE, BROUGHTY FERRY, CLAYPOTTS ROAD, BALGILLO HOUSE",,archaeological_site,NRHE / trove.scot record,,parish_evidence,Point,-2.881742775521213,56.47365669604753,site_centroid,medium,,unknown,unknown,unreviewed,Historic Environment Scotland,Historic Environment Scotland NRHE / trove.scot Points GIS,176517,https://www.trove.scot/place/176517,2026-09-02T06:42:57.108Z,176517,Imported from the official NRHE spatial index. This GIS record does not provide a construction date; review the linked trove.scot record before adding timeline evidence.,Check the linked source for an explicit date or supported date range; do not infer a construction date from a current map or generic classification.
broughty-ferry-scotland,Broughty Ferry,nrhe:192327,"DUNDEE, BROUGHTY FERRY, FISHER STREET, GENERAL",,archaeological_site,NRHE / trove.scot record,,parish_evidence,Point,-2.876071486494712,56.4649460436559,site_centroid,medium,,unknown,unknown,unreviewed,Historic Environment Scotland,Historic Environment Scotland NRHE / trove.scot Points GIS,192327,https://www.trove.scot/place/192327,2026-09-02T06:42:57.108Z,192327,Imported from the official NRHE spatial index. This GIS record does not provide a construction date; review the linked trove.scot record before adding timeline evidence.,Check the linked source for an explicit date or supported date range; do not infer a construction date from a current map or generic classification.
broughty-ferry-scotland,Broughty Ferry,nrhe:186228,"DUNDEE, BROUGHTY FERRY, FISHER STREET, SHIP INN PUBLIC HOUSE","BELL'S LANE, JETTY LANE",archaeological_site,NRHE / trove.scot record,,parish_evidence,Point,-2.8766768508642073,56.46515739516513,site_centroid,medium,,unknown,unknown,unreviewed,Historic Environment Scotland,Historic Environment Scotland NRHE / trove.scot Points GIS,186228,https://www.trove.scot/place/186228,2026-09-02T06:42:57.108Z,186228,Imported from the official NRHE spatial index. This GIS record does not provide a construction date; review the linked trove.scot record before adding timeline evidence.,Check the linked source for an explicit date or supported date range; do not infer a construction date from a current map or generic classification.
broughty-ferry-scotland,Broughty Ferry,nrhe:188348,"DUNDEE, BROUGHTY FERRY, FORTHILL ROAD, GENERAL",,archaeological_site,NRHE / trove.scot record,,parish_evidence,Point,-2.8751015717449233,56.46934625846607,site_centroid,medium,,unknown,unknown,unreviewed,Historic Environment Scotland,Historic Environment Scotland NRHE / trove.scot Points GIS,188348,https://www.trove.scot/place/188348,2026-09-02T06:42:57.108Z,188348,Imported from the official NRHE spatial index. This GIS record does not provide a construction date; review the linked trove.scot record before adding timeline evidence.,Check the linked source for an explicit date or supported date range; do not infer a construction date from a current map or generic classification.
broughty-ferry-scotland,Broughty Ferry,nrhe:33436,"DUNDEE, BROUGHTY FERRY, GASWORKS",,archaeological_site,NRHE / trove.scot record,,parish_evidence,Point,-2.868090877638713,56.46584664921893,site_centroid,medium,,unknown,unknown,unreviewed,Historic Environment Scotland,Historic Environment Scotland NRHE / trove.scot Points GIS,33436,https://www.trove.scot/place/33436,2026-09-02T06:42:57.108Z,33436,Imported from the official NRHE spatial index. This GIS record does not provide a construction date; review the linked trove.scot record before adding timeline evidence.,Check the linked source for an explicit date or supported date range; do not infer a construction date from a current map or generic classification.
broughty-ferry-scotland,Broughty Ferry,nrhe:70503,"DUNDEE, BROUGHTY FERRY, GENERAL",,archaeological_site,NRHE / trove.scot record,,parish_evidence,Point,-2.871299211555739,56.47199644954563,site_centroid,medium,,unknown,unknown,unreviewed,Historic Environment Scotland,Historic Environment Scotland NRHE / trove.scot Points GIS,70503,https://www.trove.scot/place/70503,2026-09-02T06:42:57.108Z,70503,Imported from the official NRHE spatial index. This GIS record does not provide a construction date; review the linked trove.scot record before adding timeline evidence.,Check the linked source for an explicit date or supported date range; do not infer a construction date from a current map or generic classification.
broughty-ferry-scotland,Broughty Ferry,nrhe:233847,"DUNDEE, BROUGHTY FERRY, GRAY STREET, CABMEN'S SHELTER",,archaeological_site,NRHE / trove.scot record,,parish_evidence,Point,-2.8731420273836656,56.46741942749191,site_centroid,medium,,unknown,unknown,unreviewed,Historic Environment Scotland,Historic Environment Scotland NRHE / trove.scot Points GIS,233847,https://www.trove.scot/place/233847,2026-09-02T06:42:57.108Z,233847,Imported from the official NRHE spatial index. This GIS record does not provide a construction date; review the linked trove.scot record before adding timeline evidence.,Check the linked source for an explicit date or supported date range; do not infer a construction date from a current map or generic classification.
broughty-ferry-scotland,Broughty Ferry,nrhe:186620,"DUNDEE, BROUGHTY FERRY, GRAY STREET, GENERAL",,archaeological_site,NRHE / trove.scot record,,parish_evidence,Point,-2.8733001156394185,56.46652885965298,site_centroid,medium,,unknown,unknown,unreviewed,Historic Environment Scotland,Historic Environment Scotland NRHE / trove.scot Points GIS,186620,https://www.trove.scot/place/186620,2026-09-02T06:42:57.108Z,186620,Imported from the official NRHE spatial index. This GIS record does not provide a construction date; review the linked trove.scot record before adding timeline evidence.,Check the linked source for an explicit date or supported date range; do not infer a construction date from a current map or generic classification.
broughty-ferry-scotland,Broughty Ferry,nrhe:238019,"DUNDEE, BROUGHTY FERRY, HARBOUR, LAMP STANDARD",CASTLE APPROACH,archaeological_site,NRHE / trove.scot record,,parish_evidence,Point,-2.870726229444257,56.46398638778709,site_centroid,medium,,unknown,unknown,unreviewed,Historic Environment Scotland,Historic Environment Scotland NRHE / trove.scot Points GIS,238019,https://www.trove.scot/place/238019,2026-09-02T06:42:57.108Z,238019,Imported from the official NRHE spatial index. This GIS record does not provide a construction date; review the linked trove.scot record before adding timeline evidence.,Check the linked source for an explicit date or supported date range; do not infer a construction date from a current map or generic classification.
broughty-ferry-scotland,Broughty Ferry,nrhe:260391,"DUNDEE, BROUGHTY FERRY, HARBOUR, LAMP STANDARD",CASTLE APPROACH,archaeological_site,NRHE / trove.scot record,,parish_evidence,Point,-2.8703772508252174,56.463629459354216,site_centroid,medium,,unknown,unknown,unreviewed,Historic Environment Scotland,Historic Environment Scotland NRHE / trove.scot Points GIS,260391,https://www.trove.scot/place/260391,2026-09-02T06:42:57.108Z,260391,Imported from the official NRHE spatial index. This GIS record does not provide a construction date; review the linked trove.scot record before adding timeline evidence.,Check the linked source for an explicit date or supported date range; do not infer a construction date from a current map or generic classification.
broughty-ferry-scotland,Broughty Ferry,nrhe:186114,"DUNDEE, BROUGHTY FERRY, HERMITAGE ROAD, GENERAL",,archaeological_site,NRHE / trove.scot record,,parish_evidence,Point,-2.8704223173032255,56.468435797105286,site_centroid,medium,,unknown,unknown,unreviewed,Historic Environment Scotland,Historic Environment Scotland NRHE / trove.scot Points GIS,186114,https://www.trove.scot/place/186114,2026-09-02T06:42:57.108Z,186114,Imported from the official NRHE spatial index. This GIS record does not provide a construction date; review the linked trove.scot record before adding timeline evidence.,Check the linked source for an explicit date or supported date range; do not infer a construction date from a current map or generic classification.
broughty-ferry-scotland,Broughty Ferry,nrhe:260519,"DUNDEE, BROUGHTY FERRY, HILL STREET, DUNALISTAIR, SERVICE WING","13, 15 DUNALISTAIR GARDENS",archaeological_site,NRHE / trove.scot record,,parish_evidence,Point,-2.871269986095169,56.470720870897665,site_centroid,medium,,unknown,unknown,unreviewed,Historic Environment Scotland,Historic Environment Scotland NRHE / trove.scot Points GIS,260519,https://www.trove.scot/place/260519,2026-09-02T06:42:57.108Z,260519,Imported from the official NRHE spatial index. This GIS record does not provide a construction date; review the linked trove.scot record before adding timeline evidence.,Check the linked source for an explicit date or supported date range; do not infer a construction date from a current map or generic classification.
broughty-ferry-scotland,Broughty Ferry,nrhe:191889,"DUNDEE, BROUGHTY FERRY, KING STREET, GENERAL",,archaeological_site,NRHE / trove.scot record,,parish_evidence,Point,-2.874188834123853,56.46565111661991,site_centroid,medium,,unknown,unknown,unreviewed,Historic Environment Scotland,Historic Environment Scotland NRHE / trove.scot Points GIS,191889,https://www.trove.scot/place/191889,2026-09-02T06:42:57.108Z,191889,Imported from the official NRHE spatial index. This GIS record does not provide a construction date; review the linked trove.scot record before adding timeline evidence.,Check the linked source for an explicit date or supported date range; do not infer a construction date from a current map or generic classification.
broughty-ferry-scotland,Broughty Ferry,nrhe:187105,"DUNDEE, BROUGHTY FERRY, MONIFIETH ROAD, YEWBANK",,archaeological_site,NRHE / trove.scot record,,parish_evidence,Point,-2.857137242757024,56.46951652756842,site_centroid,medium,,unknown,unknown,unreviewed,Historic Environment Scotland,Historic Environment Scotland NRHE / trove.scot Points GIS,187105,https://www.trove.scot/place/187105,2026-09-02T06:42:57.108Z,187105,Imported from the official NRHE spatial index. This GIS record does not provide a construction date; review the linked trove.scot record before adding timeline evidence.,Check the linked source for an explicit date or supported date range; do not infer a construction date from a current map or generic classification.
broughty-ferry-scotland,Broughty Ferry,nrhe:331272,"DUNDEE, BROUGHTY FERRY, NEW ROAD",,archaeological_site,NRHE / trove.scot record,,parish_evidence,Point,-2.8682223940478626,56.464498069530144,site_centroid,medium,,unknown,unknown,unreviewed,Historic Environment Scotland,Historic Environment Scotland NRHE / trove.scot Points GIS,331272,https://www.trove.scot/place/331272,2026-09-02T06:42:57.108Z,331272,Imported from the official NRHE spatial index. This GIS record does not provide a construction date; review the linked trove.scot record before adding timeline evidence.,Check the linked source for an explicit date or supported date range; do not infer a construction date from a current map or generic classification.
broughty-ferry-scotland,Broughty Ferry,nrhe:184727,"DUNDEE, BROUGHTY FERRY, QUEEN STREET, EAST UNITED FREE CHURCH AND WAR MEMORIAL","EAST CHURCH, EAST FREE CHURCH",archaeological_site,NRHE / trove.scot record,,parish_evidence,Point,-2.8699420320126863,56.467307130127644,site_centroid,medium,,unknown,unknown,unreviewed,Historic Environment Scotland,Historic Environment Scotland NRHE / trove.scot Points GIS,184727,https://www.trove.scot/place/184727,2026-09-02T06:42:57.108Z,184727,Imported from the official NRHE spatial index. This GIS record does not provide a construction date; review the linked trove.scot record before adding timeline evidence.,Check the linked source for an explicit date or supported date range; do not infer a construction date from a current map or generic classification.
broughty-ferry-scotland,Broughty Ferry,nrhe:187768,"DUNDEE, BROUGHTY FERRY, RERES PARK",,archaeological_site,NRHE / trove.scot record,,parish_evidence,Point,-2.8560254804690044,56.47060232520383,site_centroid,medium,,unknown,unknown,unreviewed,Historic Environment Scotland,Historic Environment Scotland NRHE / trove.scot Points GIS,187768,https://www.trove.scot/place/187768,2026-09-02T06:42:57.108Z,187768,Imported from the official NRHE spatial index. This GIS record does not provide a construction date; review the linked trove.scot record before adding timeline evidence.,Check the linked source for an explicit date or supported date range; do not infer a construction date from a current map or generic classification.
broughty-ferry-scotland,Broughty Ferry,nrhe:279858,"DUNDEE, BROUGHTY FERRY, RERESMOUNT PLACE, GENERAL",,archaeological_site,NRHE / trove.scot record,,parish_evidence,Point,-2.857811139071719,56.46988921642747,site_centroid,medium,,unknown,unknown,unreviewed,Historic Environment Scotland,Historic Environment Scotland NRHE / trove.scot Points GIS,279858,https://www.trove.scot/place/279858,2026-09-02T06:42:57.108Z,279858,Imported from the official NRHE spatial index. This GIS record does not provide a construction date; review the linked trove.scot record before adding timeline evidence.,Check the linked source for an explicit date or supported date range; do not infer a construction date from a current map or generic classification.
broughty-ferry-scotland,Broughty Ferry,nrhe:234425,"DUNDEE, BROUGHTY FERRY, SEABOURNE HOUSE",,archaeological_site,NRHE / trove.scot record,,parish_evidence,Point,-2.853867465740753,56.469916406889105,site_centroid,medium,,unknown,unknown,unreviewed,Historic Environment Scotland,Historic Environment Scotland NRHE / trove.scot Points GIS,234425,https://www.trove.scot/place/234425,2026-09-02T06:42:57.108Z,234425,Imported from the official NRHE spatial index. This GIS record does not provide a construction date; review the linked trove.scot record before adding timeline evidence.,Check the linked source for an explicit date or supported date range; do not infer a construction date from a current map or generic classification.
broughty-ferry-scotland,Broughty Ferry,nrhe:291638,"DUNDEE, BROUGHTY FERRY, THE ESPLANADE, BATHING STATION",,archaeological_site,NRHE / trove.scot record,,parish_evidence,Point,-2.8665576466567164,56.46408743656343,site_centroid,medium,,unknown,unknown,unreviewed,Historic Environment Scotland,Historic Environment Scotland NRHE / trove.scot Points GIS,291638,https://www.trove.scot/place/291638,2026-09-02T06:42:57.108Z,291638,Imported from the official NRHE spatial index. This GIS record does not provide a construction date; review the linked trove.scot record before adding timeline evidence.,Check the linked source for an explicit date or supported date range; do not infer a construction date from a current map or generic classification.
broughty-ferry-scotland,Broughty Ferry,nrhe:187788,"DUNDEE, BROUGHTY FERRY, UNION STREET, GENERAL",,archaeological_site,NRHE / trove.scot record,,parish_evidence,Point,-2.875732185231405,56.466421880471216,site_centroid,medium,,unknown,unknown,unreviewed,Historic Environment Scotland,Historic Environment Scotland NRHE / trove.scot Points GIS,187788,https://www.trove.scot/place/187788,2026-09-02T06:42:57.108Z,187788,Imported from the official NRHE spatial index. This GIS record does not provide a construction date; review the linked trove.scot record before adding timeline evidence.,Check the linked source for an explicit date or supported date range; do not infer a construction date from a current map or generic classification.
broughty-ferry-scotland,Broughty Ferry,nrhe:184664,"DUNDEE, BROUGHTY FERRY, VICTORIA ROAD, GENERAL",,archaeological_site,NRHE / trove.scot record,,parish_evidence,Point,-2.8870380976399614,56.47101349286289,site_centroid,medium,,unknown,unknown,unreviewed,Historic Environment Scotland,Historic Environment Scotland NRHE / trove.scot Points GIS,184664,https://www.trove.scot/place/184664,2026-09-02T06:42:57.108Z,184664,Imported from the official NRHE spatial index. This GIS record does not provide a construction date; review the linked trove.scot record before adding timeline evidence.,Check the linked source for an explicit date or supported date range; do not infer a construction date from a current map or generic classification.
broughty-ferry-scotland,Broughty Ferry,nrhe:359217,"DUNDEE, CASTLE GREEN, BROUGHTY FERRY, THE SURFACE OF THE WATER MIRRORS MANY THINGS MOSAIC",MOSAIC WALL,archaeological_site,NRHE / trove.scot record,,parish_evidence,Point,-2.8697844747984096,56.46396603763781,site_centroid,medium,,unknown,unknown,unreviewed,Historic Environment Scotland,Historic Environment Scotland NRHE / trove.scot Points GIS,359217,https://www.trove.scot/place/359217,2026-09-02T06:42:57.108Z,359217,Imported from the official NRHE spatial index. This GIS record does not provide a construction date; review the linked trove.scot record before adding timeline evidence.,Check the linked source for an explicit date or supported date range; do not infer a construction date from a current map or generic classification.
broughty-ferry-scotland,Broughty Ferry,nrhe:378450,"DUNDEE, CHURCH STREET, FREE CHURCH",,archaeological_site,NRHE / trove.scot record,,parish_evidence,Point,-2.8797357698813606,56.46759747992513,site_centroid,medium,,unknown,unknown,unreviewed,Historic Environment Scotland,Historic Environment Scotland NRHE / trove.scot Points GIS,378450,https://www.trove.scot/place/378450,2026-09-02T06:42:57.108Z,378450,Imported from the official NRHE spatial index. This GIS record does not provide a construction date; review the linked trove.scot record before adding timeline evidence.,Check the linked source for an explicit date or supported date range; do not infer a construction date from a current map or generic classification.
broughty-ferry-scotland,Broughty Ferry,nrhe:193068,"DUNDEE, DUNTRUNE TERRACE, GENERAL",,archaeological_site,NRHE / trove.scot record,,parish_evidence,Point,-2.8889107474443825,56.47404581119942,site_centroid,medium,,unknown,unknown,unreviewed,Historic Environment Scotland,Historic Environment Scotland NRHE / trove.scot Points GIS,193068,https://www.trove.scot/place/193068,2026-09-02T06:42:57.108Z,193068,Imported from the official NRHE spatial index. This GIS record does not provide a construction date; review the linked trove.scot record before adding timeline evidence.,Check the linked source for an explicit date or supported date range; do not infer a construction date from a current map or generic classification.
broughty-ferry-scotland,Broughty Ferry,nrhe:260523,"DUNDEE, ELLIESLEA ROAD, INVERAVON, CONSERVATORY",,archaeological_site,NRHE / trove.scot record,,parish_evidence,Point,-2.8919916610137033,56.470438931622375,site_centroid,medium,,unknown,unknown,unreviewed,Historic Environment Scotland,Historic Environment Scotland NRHE / trove.scot Points GIS,260523,https://www.trove.scot/place/260523,2026-09-02T06:42:57.108Z,260523,Imported from the official NRHE spatial index. This GIS record does not provide a construction date; review the linked trove.scot record before adding timeline evidence.,Check the linked source for an explicit date or supported date range; do not infer a construction date from a current map or generic classification.
broughty-ferry-scotland,Broughty Ferry,nrhe:378596,"DUNDEE, LONG LANE, UNITED PRESBYTERIAN CHURCH",,archaeological_site,NRHE / trove.scot record,,parish_evidence,Point,-2.876634016373191,56.46681981270671,site_centroid,medium,,unknown,unknown,unreviewed,Historic Environment Scotland,Historic Environment Scotland NRHE / trove.scot Points GIS,378596,https://www.trove.scot/place/378596,2026-09-02T06:42:57.108Z,378596,Imported from the official NRHE spatial index. This GIS record does not provide a construction date; review the linked trove.scot record before adding timeline evidence.,Check the linked source for an explicit date or supported date range; do not infer a construction date from a current map or generic classification.
broughty-ferry-scotland,Broughty Ferry,nrhe:242379,"DUNDEE, MONIFIETH ROAD, RERES PARK, DRINKING FOUNTAIN",,archaeological_site,NRHE / trove.scot record,,parish_evidence,Point,-2.855533141870274,56.47036314121118,site_centroid,medium,,unknown,unknown,unreviewed,Historic Environment Scotland,Historic Environment Scotland NRHE / trove.scot Points GIS,242379,https://www.trove.scot/place/242379,2026-09-02T06:42:57.108Z,242379,Imported from the official NRHE spatial index. This GIS record does not provide a construction date; review the linked trove.scot record before adding timeline evidence.,Check the linked source for an explicit date or supported date range; do not infer a construction date from a current map or generic classification.
broughty-ferry-scotland,Broughty Ferry,nrhe:186683,"DUNDEE, MONIFIETH ROAD, TICARRA, (SITE OF)",TICARRA GARDENS,archaeological_site,NRHE / trove.scot record,,parish_evidence,Point,-2.854090055788712,56.47115471972201,site_centroid,medium,,unknown,unknown,unreviewed,Historic Environment Scotland,Historic Environment Scotland NRHE / trove.scot Points GIS,186683,https://www.trove.scot/place/186683,2026-09-02T06:42:57.108Z,186683,Imported from the official NRHE spatial index. This GIS record does not provide a construction date; review the linked trove.scot record before adding timeline evidence.,Check the linked source for an explicit date or supported date range; do not infer a construction date from a current map or generic classification.
broughty-ferry-scotland,Broughty Ferry,nrhe:359179,"Dundee, Queen Street Broughty Ferry, Cat Poem Disturbed",Man and Cat,archaeological_site,NRHE / trove.scot record,,parish_evidence,Point,-2.8738791745393115,56.46842049277737,site_centroid,medium,,unknown,unknown,unreviewed,Historic Environment Scotland,Historic Environment Scotland NRHE / trove.scot Points GIS,359179,https://www.trove.scot/place/359179,2026-09-02T06:42:57.108Z,359179,Imported from the official NRHE spatial index. This GIS record does not provide a construction date; review the linked trove.scot record before adding timeline evidence.,Check the linked source for an explicit date or supported date range; do not infer a construction date from a current map or generic classification.
broughty-ferry-scotland,Broughty Ferry,nrhe:184978,"DUNDEE, RERES ROAD, GENERAL",,archaeological_site,NRHE / trove.scot record,,parish_evidence,Point,-2.861839558521508,56.46930428034395,site_centroid,medium,,unknown,unknown,unreviewed,Historic Environment Scotland,Historic Environment Scotland NRHE / trove.scot Points GIS,184978,https://www.trove.scot/place/184978,2026-09-02T06:42:57.108Z,184978,Imported from the official NRHE spatial index. This GIS record does not provide a construction date; review the linked trove.scot record before adding timeline evidence.,Check the linked source for an explicit date or supported date range; do not infer a construction date from a current map or generic classification.
broughty-ferry-scotland,Broughty Ferry,nrhe:185656,"DUNDEE, WEST FERRY, 15 VICTORIA ROAD, HOPEPARK",STRATHERN ROAD,archaeological_site,NRHE / trove.scot record,,parish_evidence,Point,-2.8874150920538613,56.47325690003878,site_centroid,medium,,unknown,unknown,unreviewed,Historic Environment Scotland,Historic Environment Scotland NRHE / trove.scot Points GIS,185656,https://www.trove.scot/place/185656,2026-09-02T06:42:57.108Z,185656,Imported from the official NRHE spatial index. This GIS record does not provide a construction date; review the linked trove.scot record before adding timeline evidence.,Check the linked source for an explicit date or supported date range; do not infer a construction date from a current map or generic classification.
broughty-ferry-scotland,Broughty Ferry,nrhe:185676,"DUNDEE, WEST FERRY, 30 DUNDEE ROAD, TAY PARK (SITE OF)",,archaeological_site,NRHE / trove.scot record,,parish_evidence,Point,-2.8934897672863182,56.46926018335326,site_centroid,medium,,unknown,unknown,unreviewed,Historic Environment Scotland,Historic Environment Scotland NRHE / trove.scot Points GIS,185676,https://www.trove.scot/place/185676,2026-09-02T06:42:57.108Z,185676,Imported from the official NRHE spatial index. This GIS record does not provide a construction date; review the linked trove.scot record before adding timeline evidence.,Check the linked source for an explicit date or supported date range; do not infer a construction date from a current map or generic classification.
broughty-ferry-scotland,Broughty Ferry,nrhe:187783,"DUNDEE, WEST FERRY, 9-12 DOUGLAS TERRACE",,archaeological_site,NRHE / trove.scot record,,parish_evidence,Point,-2.883542256811629,56.467264973414174,site_centroid,medium,,unknown,unknown,unreviewed,Historic Environment Scotland,Historic Environment Scotland NRHE / trove.scot Points GIS,187783,https://www.trove.scot/place/187783,2026-09-02T06:42:57.108Z,187783,Imported from the official NRHE spatial index. This GIS record does not provide a construction date; review the linked trove.scot record before adding timeline evidence.,Check the linked source for an explicit date or supported date range; do not infer a construction date from a current map or generic classification.
broughty-ferry-scotland,Broughty Ferry,nrhe:188363,"DUNDEE, WEST FERRY, DUNDEE ROAD, AIRLIE PARK",,archaeological_site,NRHE / trove.scot record,,parish_evidence,Point,-2.886496977514168,56.47008298001325,site_centroid,medium,,unknown,unknown,unreviewed,Historic Environment Scotland,Historic Environment Scotland NRHE / trove.scot Points GIS,188363,https://www.trove.scot/place/188363,2026-09-02T06:42:57.108Z,188363,Imported from the official NRHE spatial index. This GIS record does not provide a construction date; review the linked trove.scot record before adding timeline evidence.,Check the linked source for an explicit date or supported date range; do not infer a construction date from a current map or generic classification.
broughty-ferry-scotland,Broughty Ferry,nrhe:234560,"DUNDEE, WEST FERRY, ROYAL TAY YACHT CLUB, BEACH CLUBHOUSE",FORT WILLIAM,archaeological_site,NRHE / trove.scot record,,parish_evidence,Point,-2.893990925205091,56.468483915061135,site_centroid,medium,,unknown,unknown,unreviewed,Historic Environment Scotland,Historic Environment Scotland NRHE / trove.scot Points GIS,234560,https://www.trove.scot/place/234560,2026-09-02T06:42:57.108Z,234560,Imported from the official NRHE spatial index. This GIS record does not provide a construction date; review the linked trove.scot record before adding timeline evidence.,Check the linked source for an explicit date or supported date range; do not infer a construction date from a current map or generic classification.
broughty-ferry-scotland,Broughty Ferry,nrhe:123412,"TAY DEFENCES, BROUGHTY CASTLE BATTERY",BROUGHTY FERRY,archaeological_site,NRHE / trove.scot record,,parish_evidence,Point,-2.8701285063405466,56.462687841056876,site_centroid,medium,,unknown,unknown,unreviewed,Historic Environment Scotland,Historic Environment Scotland NRHE / trove.scot Points GIS,123412,https://www.trove.scot/place/123412,2026-09-02T06:42:57.108Z,123412,Imported from the official NRHE spatial index. This GIS record does not provide a construction date; review the linked trove.scot record before adding timeline evidence.,Check the linked source for an explicit date or supported date range; do not infer a construction date from a current map or generic classification.
broughty-ferry-scotland,Broughty Ferry,nrhe:123411,"TAY DEFENCES, CASTLE GREEN, BROUGHTY FERRY BATTERY","BROUGHTY CASTLE, CASTLE GREEN",archaeological_site,NRHE / trove.scot record,,parish_evidence,Point,-2.8681977904849694,56.46342011357091,site_centroid,medium,,unknown,unknown,unreviewed,Historic Environment Scotland,Historic Environment Scotland NRHE / trove.scot Points GIS,123411,https://www.trove.scot/place/123411,2026-09-02T06:42:57.108Z,123411,Imported from the official NRHE spatial index. This GIS record does not provide a construction date; review the linked trove.scot record before adding timeline evidence.,Check the linked source for an explicit date or supported date range; do not infer a construction date from a current map or generic classification.
broughty-ferry-scotland,Broughty Ferry,nrhe:331765,"TAY DEFENCES, RIVER TAY, CONTROLLED MINEFIELD",,archaeological_site,NRHE / trove.scot record,,parish_evidence,Point,-2.8791382209523553,56.45930011744389,site_centroid,medium,,unknown,unknown,unreviewed,Historic Environment Scotland,Historic Environment Scotland NRHE / trove.scot Points GIS,331765,https://www.trove.scot/place/331765,2026-09-02T06:42:57.108Z,331765,Imported from the official NRHE spatial index. This GIS record does not provide a construction date; review the linked trove.scot record before adding timeline evidence.,Check the linked source for an explicit date or supported date range; do not infer a construction date from a current map or generic classification.
broughty-ferry-scotland,Broughty Ferry,nrhe:33403,WEST FERRY,,archaeological_site,NRHE / trove.scot record,,parish_evidence,Point,-2.8910449421317206,56.468828536504574,site_centroid,medium,,unknown,unknown,unreviewed,Historic Environment Scotland,Historic Environment Scotland NRHE / trove.scot Points GIS,33403,https://www.trove.scot/place/33403,2026-09-02T06:42:57.108Z,33403,Imported from the official NRHE spatial index. This GIS record does not provide a construction date; review the linked trove.scot record before adding timeline evidence.,Check the linked source for an explicit date or supported date range; do not infer a construction date from a current map or generic classification.
broughty-ferry-scotland,Broughty Ferry,hes-listed-building:LB25753,"1 Ambrose Street, Broughty Ferry, Dundee",,other,Listed Building,Listed Building,parish_evidence,Point,-2.875425097728014,56.46506740158341,representative_point,high,,unknown,unknown,unreviewed,Historic Environment Scotland,Historic Environment Scotland Listed Buildings spatial data,LB25753,https://portal.historicenvironment.scot/designation/LB25753,2026-09-02T06:42:38.783Z,LB25753 | 187967,Imported from the HES national Listed Buildings spatial data. Statutory listing and location are authoritative; construction-date review remains separate. NRHE record linked by matching point location; review if it represents a distinct asset.,Check the linked source for an explicit date or supported date range; do not infer a construction date from a current map or generic classification.
broughty-ferry-scotland,Broughty Ferry,hes-listed-building:LB25875,"1-9 (odd numbers) Reres Gardens, Broughty Ferry, Dundee",,other,Listed Building,Listed Building,parish_evidence,Point,-2.856201630544625,56.47265853301227,representative_point,medium,,unknown,unknown,unreviewed,Historic Environment Scotland,Historic Environment Scotland Listed Buildings spatial data,LB25875,https://portal.historicenvironment.scot/designation/LB25875,2026-09-02T06:42:38.783Z,LB25875 | 238056,Imported from the HES national Listed Buildings spatial data. Statutory listing and location are authoritative; construction-date review remains separate. NRHE record linked by matching point location; review if it represents a distinct asset.,Check the linked source for an explicit date or supported date range; do not infer a construction date from a current map or generic classification.
broughty-ferry-scotland,Broughty Ferry,hes-listed-building:LB25799,"109 Fisher Street, Broughty Ferry, Dundee",,other,Listed Building,Listed Building,parish_evidence,Point,-2.877000769398688,56.46512815366977,representative_point,high,,unknown,unknown,unreviewed,Historic Environment Scotland,Historic Environment Scotland Listed Buildings spatial data,LB25799,https://portal.historicenvironment.scot/designation/LB25799,2026-09-02T06:42:38.783Z,LB25799 | 188184,Imported from the HES national Listed Buildings spatial data. Statutory listing and location are authoritative; construction-date review remains separate. NRHE record linked by matching point location; review if it represents a distinct asset.,Check the linked source for an explicit date or supported date range; do not infer a construction date from a current map or generic classification.
broughty-ferry-scotland,Broughty Ferry,hes-listed-building:LB25759,"11 Beach Crescent, Broughty Ferry, Dundee","13 Beach Crescent, Broughty Ferry, Dundee",other,Listed Building,Listed Building,parish_evidence,Point,-2.873643432317387,56.46522370529597,representative_point,high,,unknown,unknown,unreviewed,Historic Environment Scotland,Historic Environment Scotland Listed Buildings spatial data,LB25759,https://portal.historicenvironment.scot/designation/LB25759,2026-09-02T06:42:38.783Z,LB25759 | 187215,Imported from the HES national Listed Buildings spatial data. Statutory listing and location are authoritative; construction-date review remains separate. NRHE record linked by matching point location; review if it represents a distinct asset.,Check the linked source for an explicit date or supported date range; do not infer a construction date from a current map or generic classification.
broughty-ferry-scotland,Broughty Ferry,hes-listed-building:LB25865,"13 Queen Street, Broughty Ferry, Dundee","15 Queen Street, Broughty Ferry, Dundee | 19 Queen Street, Broughty Ferry, Dundee | 17 Queen Street, Broughty Ferry, Dundee | 21 Queen Street, Broughty Ferry, Dundee",other,Listed Building,Listed Building,parish_evidence,Point,-2.8804549858131403,56.46921855785871,representative_point,high,,unknown,unknown,unreviewed,Historic Environment Scotland,Historic Environment Scotland Listed Buildings spatial data,LB25865,https://portal.historicenvironment.scot/designation/LB25865,2026-09-02T06:42:38.783Z,LB25865 | 234409,Imported from the HES national Listed Buildings spatial data. Statutory listing and location are authoritative; construction-date review remains separate. NRHE record linked by matching point location; review if it represents a distinct asset.,Check the linked source for an explicit date or supported date range; do not infer a construction date from a current map or generic classification.
broughty-ferry-scotland,Broughty Ferry,hes-listed-building:LB25812,"14 Fort Street, Broughty Ferry, Dundee",,other,Listed Building,Listed Building,parish_evidence,Point,-2.8768933931972693,56.46539844450849,representative_point,high,,unknown,unknown,unreviewed,Historic Environment Scotland,Historic Environment Scotland Listed Buildings spatial data,LB25812,https://portal.historicenvironment.scot/designation/LB25812,2026-09-02T06:42:38.783Z,LB25812 | 188218,Imported from the HES national Listed Buildings spatial data. Statutory listing and location are authoritative; construction-date review remains separate. NRHE record linked by matching point location; review if it represents a distinct asset.,Check the linked source for an explicit date or supported date range; do not infer a construction date from a current map or generic classification.
broughty-ferry-scotland,Broughty Ferry,hes-listed-building:LB25849,"144 King Street, Broughty Ferry, Dundee","140, 142 King Street, Broughty Ferry, Dundee",other,Listed Building,Listed Building,parish_evidence,Point,-2.8771664918682918,56.46598050124379,representative_point,high,,unknown,unknown,unreviewed,Historic Environment Scotland,Historic Environment Scotland Listed Buildings spatial data,LB25849,https://portal.historicenvironment.scot/designation/LB25849,2026-09-02T06:42:38.783Z,LB25849 | 233859,Imported from the HES national Listed Buildings spatial data. Statutory listing and location are authoritative; construction-date review remains separate. NRHE record linked by matching point location; review if it represents a distinct asset.,Check the linked source for an explicit date or supported date range; do not infer a construction date from a current map or generic classification.
broughty-ferry-scotland,Broughty Ferry,hes-listed-building:LB25842,"15 King Street, Broughty Ferry, Dundee",,other,Listed Building,Listed Building,parish_evidence,Point,-2.881227284377971,56.46682322527779,representative_point,high,,unknown,unknown,unreviewed,Historic Environment Scotland,Historic Environment Scotland Listed Buildings spatial data,LB25842,https://portal.historicenvironment.scot/designation/LB25842,2026-09-02T06:42:38.783Z,LB25842 | 191875,Imported from the HES national Listed Buildings spatial data. Statutory listing and location are authoritative; construction-date review remains separate. NRHE record linked by matching point location; review if it represents a distinct asset.,Check the linked source for an explicit date or supported date range; do not infer a construction date from a current map or generic classification.
broughty-ferry-scotland,Broughty Ferry,hes-listed-building:LB25877,"158 St Vincent Street, Broughty Ferry, Dundee",,other,Listed Building,Listed Building,parish_evidence,Point,-2.869586047124418,56.46664477914885,representative_point,high,,unknown,unknown,unreviewed,Historic Environment Scotland,Historic Environment Scotland Listed Buildings spatial data,LB25877,https://portal.historicenvironment.scot/designation/LB25877,2026-09-02T06:42:38.783Z,LB25877 | 234782,Imported from the HES national Listed Buildings spatial data. Statutory listing and location are authoritative; construction-date review remains separate. NRHE record linked by matching point location; review if it represents a distinct asset.,Check the linked source for an explicit date or supported date range; do not infer a construction date from a current map or generic classification.
broughty-ferry-scotland,Broughty Ferry,hes-listed-building:LB25813,"16 Fort Street, Broughty Ferry, Dundee",,other,Listed Building,Listed Building,parish_evidence,Point,-2.8768628027561323,56.465479520276965,representative_point,high,,unknown,unknown,unreviewed,Historic Environment Scotland,Historic Environment Scotland Listed Buildings spatial data,LB25813,https://portal.historicenvironment.scot/designation/LB25813,2026-09-02T06:42:38.783Z,LB25813 | 188219,Imported from the HES national Listed Buildings spatial data. Statutory listing and location are authoritative; construction-date review remains separate. NRHE record linked by matching point location; review if it represents a distinct asset.,Check the linked source for an explicit date or supported date range; do not infer a construction date from a current map or generic classification.
broughty-ferry-scotland,Broughty Ferry,hes-listed-building:LB25878,"160 St Vincent Street, Broughty Ferry, Dundee",,other,Listed Building,Listed Building,parish_evidence,Point,-2.8695712570680896,56.466707773549,representative_point,high,,unknown,unknown,unreviewed,Historic Environment Scotland,Historic Environment Scotland Listed Buildings spatial data,LB25878,https://portal.historicenvironment.scot/designation/LB25878,2026-09-02T06:42:38.783Z,LB25878 | 234784,Imported from the HES national Listed Buildings spatial data. Statutory listing and location are authoritative; construction-date review remains separate. NRHE record linked by matching point location; review if it represents a distinct asset.,Check the linked source for an explicit date or supported date range; do not infer a construction date from a current map or generic classification.
broughty-ferry-scotland,Broughty Ferry,hes-listed-building:LB25801,"161 Fisher Street, Broughty Ferry, Dundee",,other,Listed Building,Listed Building,parish_evidence,Point,-2.875634600688647,56.465003032946875,representative_point,high,,unknown,unknown,unreviewed,Historic Environment Scotland,Historic Environment Scotland Listed Buildings spatial data,LB25801,https://portal.historicenvironment.scot/designation/LB25801,2026-09-02T06:42:38.783Z,LB25801 | 188193,Imported from the HES national Listed Buildings spatial data. Statutory listing and location are authoritative; construction-date review remains separate. NRHE record linked by matching point location; review if it represents a distinct asset.,Check the linked source for an explicit date or supported date range; do not infer a construction date from a current map or generic classification.
broughty-ferry-scotland,Broughty Ferry,hes-listed-building:LB25802,"167 Fisher Street, Broughty Ferry, Dundee",,other,Listed Building,Listed Building,parish_evidence,Point,-2.8754556909138094,56.464986326155326,representative_point,high,,unknown,unknown,unreviewed,Historic Environment Scotland,Historic Environment Scotland Listed Buildings spatial data,LB25802,https://portal.historicenvironment.scot/designation/LB25802,2026-09-02T06:42:38.783Z,LB25802 | 188196,Imported from the HES national Listed Buildings spatial data. Statutory listing and location are authoritative; construction-date review remains separate. NRHE record linked by matching point location; review if it represents a distinct asset.,Check the linked source for an explicit date or supported date range; do not infer a construction date from a current map or generic classification.
broughty-ferry-scotland,Broughty Ferry,hes-listed-building:LB25843,"17 King Street, Broughty Ferry, Dundee",,other,Listed Building,Listed Building,parish_evidence,Point,-2.8810808190209007,56.46680629620924,representative_point,high,,unknown,unknown,unreviewed,Historic Environment Scotland,Historic Environment Scotland Listed Buildings spatial data,LB25843,https://portal.historicenvironment.scot/designation/LB25843,2026-09-02T06:42:38.783Z,LB25843 | 191874,Imported from the HES national Listed Buildings spatial data. Statutory listing and location are authoritative; construction-date review remains separate. NRHE record linked by matching point location; review if it represents a distinct asset.,Check the linked source for an explicit date or supported date range; do not infer a construction date from a current map or generic classification.
broughty-ferry-scotland,Broughty Ferry,hes-listed-building:LB25803,"183 Fisher Street, Broughty Ferry, Dundee",,other,Listed Building,Listed Building,parish_evidence,Point,-2.8750520842219194,56.4650790162823,representative_point,high,,unknown,unknown,unreviewed,Historic Environment Scotland,Historic Environment Scotland Listed Buildings spatial data,LB25803,https://portal.historicenvironment.scot/designation/LB25803,2026-09-02T06:42:38.783Z,LB25803 | 188199,Imported from the HES national Listed Buildings spatial data. Statutory listing and location are authoritative; construction-date review remains separate. NRHE record linked by matching point location; review if it represents a distinct asset.,Check the linked source for an explicit date or supported date range; do not infer a construction date from a current map or generic classification.
broughty-ferry-scotland,Broughty Ferry,hes-listed-building:LB25755,"19 Ambrose Street, Broughty Ferry, Dundee",,other,Listed Building,Listed Building,parish_evidence,Point,-2.875305411005559,56.46550848152768,representative_point,high,,unknown,unknown,unreviewed,Historic Environment Scotland,Historic Environment Scotland Listed Buildings spatial data,LB25755,https://portal.historicenvironment.scot/designation/LB25755,2026-09-02T06:42:38.783Z,LB25755 | 233509,Imported from the HES national Listed Buildings spatial data. Statutory listing and location are authoritative; construction-date review remains separate. NRHE record linked by matching point location; review if it represents a distinct asset.,Check the linked source for an explicit date or supported date range; do not infer a construction date from a current map or generic classification.
broughty-ferry-scotland,Broughty Ferry,hes-listed-building:LB25760,"19-23 Beach Crescent, Broughty Ferry, Dundee",,other,Listed Building,Listed Building,parish_evidence,Point,-2.873317860338042,56.46518107442396,representative_point,high,,unknown,unknown,unreviewed,Historic Environment Scotland,Historic Environment Scotland Listed Buildings spatial data,LB25760,https://portal.historicenvironment.scot/designation/LB25760,2026-09-02T06:42:38.783Z,LB25760 | 187230,Imported from the HES national Listed Buildings spatial data. Statutory listing and location are authoritative; construction-date review remains separate. NRHE record linked by matching point location; review if it represents a distinct asset.,Check the linked source for an explicit date or supported date range; do not infer a construction date from a current map or generic classification.
broughty-ferry-scotland,Broughty Ferry,hes-listed-building:LB25834,"1A Hill Street, Broughty Ferry, Dundee",,other,Listed Building,Listed Building,parish_evidence,Point,-2.8744307026493905,56.46981817493532,representative_point,high,,unknown,unknown,unreviewed,Historic Environment Scotland,Historic Environment Scotland Listed Buildings spatial data,LB25834,https://portal.historicenvironment.scot/designation/LB25834,2026-09-02T06:42:38.783Z,LB25834 | 186115,Imported from the HES national Listed Buildings spatial data. Statutory listing and location are authoritative; construction-date review remains separate. NRHE record linked by matching point location; review if it represents a distinct asset.,Check the linked source for an explicit date or supported date range; do not infer a construction date from a current map or generic classification.
broughty-ferry-scotland,Broughty Ferry,hes-listed-building:LB25792,"2 East Links Place, Broughty Ferry, Dundee","1 East Links Place, Broughty Ferry, Dundee | 3 East Links Place, Broughty Ferry, Dundee | 4 East Links Place, Broughty Ferry, Dundee | 5 East Links Place, Broughty Ferry, Dundee",other,Listed Building,Listed Building,parish_evidence,Point,-2.8640058728283924,56.466063824022726,representative_point,high,,unknown,unknown,unreviewed,Historic Environment Scotland,Historic Environment Scotland Listed Buildings spatial data,LB25792,https://portal.historicenvironment.scot/designation/LB25792,2026-09-02T06:42:38.783Z,LB25792 | 233993,Imported from the HES national Listed Buildings spatial data. Statutory listing and location are authoritative; construction-date review remains separate. NRHE record linked by matching point location; review if it represents a distinct asset.,Check the linked source for an explicit date or supported date range; do not infer a construction date from a current map or generic classification.
broughty-ferry-scotland,Broughty Ferry,hes-listed-building:LB25839,"2 Hill Street, Dundee",,other,Listed Building,Listed Building,parish_evidence,Point,-2.874849350136674,56.46967147470705,representative_point,high,,unknown,unknown,unreviewed,Historic Environment Scotland,Historic Environment Scotland Listed Buildings spatial data,LB25839,https://portal.historicenvironment.scot/designation/LB25839,2026-09-02T06:42:38.783Z,LB25839 | 232700,Imported from the HES national Listed Buildings spatial data. Statutory listing and location are authoritative; construction-date review remains separate. NRHE record linked by matching point location; review if it represents a distinct asset.,Check the linked source for an explicit date or supported date range; do not infer a construction date from a current map or generic classification.
broughty-ferry-scotland,Broughty Ferry,hes-listed-building:LB25780,"20 Camphill Road, Broughty Ferry, Dundee",,other,Listed Building,Listed Building,parish_evidence,Point,-2.8697811923937904,56.468790682641504,representative_point,high,,unknown,unknown,unreviewed,Historic Environment Scotland,Historic Environment Scotland Listed Buildings spatial data,LB25780,https://portal.historicenvironment.scot/designation/LB25780,2026-09-02T06:42:38.783Z,LB25780 | 232832,Imported from the HES national Listed Buildings spatial data. Statutory listing and location are authoritative; construction-date review remains separate. NRHE record linked by matching point location; review if it represents a distinct asset.,Check the linked source for an explicit date or supported date range; do not infer a construction date from a current map or generic classification.
broughty-ferry-scotland,Broughty Ferry,hes-listed-building:LB25921,"20 Douglas Terrace, West Ferry, Dundee",,other,Listed Building,Listed Building,parish_evidence,Point,-2.8869382903202685,56.468822010108376,representative_point,high,,unknown,unknown,unreviewed,Historic Environment Scotland,Historic Environment Scotland Listed Buildings spatial data,LB25921,https://portal.historicenvironment.scot/designation/LB25921,2026-09-02T06:42:38.783Z,LB25921 | 232851,Imported from the HES national Listed Buildings spatial data. Statutory listing and location are authoritative; construction-date review remains separate. NRHE record linked by matching point location; review if it represents a distinct asset.,Check the linked source for an explicit date or supported date range; do not infer a construction date from a current map or generic classification.
broughty-ferry-scotland,Broughty Ferry,hes-listed-building:LB25826,"20 Gray Street, Broughty Ferry, Dundee",,other,Listed Building,Listed Building,parish_evidence,Point,-2.873728281661325,56.46538482731277,representative_point,high,,unknown,unknown,unreviewed,Historic Environment Scotland,Historic Environment Scotland Listed Buildings spatial data,LB25826,https://portal.historicenvironment.scot/designation/LB25826,2026-09-02T06:42:38.783Z,LB25826 | 238015,Imported from the HES national Listed Buildings spatial data. Statutory listing and location are authoritative; construction-date review remains separate. NRHE record linked by matching point location; review if it represents a distinct asset.,Check the linked source for an explicit date or supported date range; do not infer a construction date from a current map or generic classification.
broughty-ferry-scotland,Broughty Ferry,hes-listed-building:LB25860,"20 Monifeith Road, Broughty Ferry, Dundee","22 Monifieth Road, Broughty Ferry, Dundee | 24 Monifieth Road, Broughty Ferry, Dundee",other,Listed Building,Listed Building,parish_evidence,Point,-2.8675125520391944,56.46753077461796,representative_point,high,,unknown,unknown,unreviewed,Historic Environment Scotland,Historic Environment Scotland Listed Buildings spatial data,LB25860,https://portal.historicenvironment.scot/designation/LB25860,2026-09-02T06:42:38.783Z,LB25860 | 234427,Imported from the HES national Listed Buildings spatial data. Statutory listing and location are authoritative; construction-date review remains separate. NRHE record linked by matching point location; review if it represents a distinct asset.,Check the linked source for an explicit date or supported date range; do not infer a construction date from a current map or generic classification.
broughty-ferry-scotland,Broughty Ferry,hes-listed-building:LB25850,"206 King Street, Broughty Ferry, Dundee",,other,Listed Building,Listed Building,parish_evidence,Point,-2.8751961614627923,56.4656979244009,representative_point,high,,unknown,unknown,unreviewed,Historic Environment Scotland,Historic Environment Scotland Listed Buildings spatial data,LB25850,https://portal.historicenvironment.scot/designation/LB25850,2026-09-02T06:42:38.783Z,LB25850 | 234407,Imported from the HES national Listed Buildings spatial data. Statutory listing and location are authoritative; construction-date review remains separate. NRHE record linked by matching point location; review if it represents a distinct asset.,Check the linked source for an explicit date or supported date range; do not infer a construction date from a current map or generic classification.
broughty-ferry-scotland,Broughty Ferry,hes-listed-building:LB25804,"207 Fisher Street, Broughty Ferry, Dundee",,other,Listed Building,Listed Building,parish_evidence,Point,-2.874242800267033,56.46517456311344,representative_point,high,,unknown,unknown,unreviewed,Historic Environment Scotland,Historic Environment Scotland Listed Buildings spatial data,LB25804,https://portal.historicenvironment.scot/designation/LB25804,2026-09-02T06:42:38.783Z,LB25804 | 233841,Imported from the HES national Listed Buildings spatial data. Statutory listing and location are authoritative; construction-date review remains separate. NRHE record linked by matching point location; review if it represents a distinct asset.,Check the linked source for an explicit date or supported date range; do not infer a construction date from a current map or generic classification.
broughty-ferry-scotland,Broughty Ferry,hes-listed-building:LB25922,"22 Douglas Terrace, West Ferry, Dundee",,other,Listed Building,Listed Building,parish_evidence,Point,-2.8875707829670256,56.468799520312324,representative_point,high,,unknown,unknown,unreviewed,Historic Environment Scotland,Historic Environment Scotland Listed Buildings spatial data,LB25922,https://portal.historicenvironment.scot/designation/LB25922,2026-09-02T06:42:38.783Z,LB25922 | 233272,Imported from the HES national Listed Buildings spatial data. Statutory listing and location are authoritative; construction-date review remains separate. NRHE record linked by matching point location; review if it represents a distinct asset.,Check the linked source for an explicit date or supported date range; do not infer a construction date from a current map or generic classification.
broughty-ferry-scotland,Broughty Ferry,hes-listed-building:LB25827,"22 Gray Street, Broughty Ferry, Dundee",,other,Listed Building,Listed Building,parish_evidence,Point,-2.873681251006003,56.46545703359337,representative_point,high,,unknown,unknown,unreviewed,Historic Environment Scotland,Historic Environment Scotland Listed Buildings spatial data,LB25827,https://portal.historicenvironment.scot/designation/LB25827,2026-09-02T06:42:38.783Z,LB25827 | 187212,Imported from the HES national Listed Buildings spatial data. Statutory listing and location are authoritative; construction-date review remains separate. NRHE record linked by matching point location; review if it represents a distinct asset.,Check the linked source for an explicit date or supported date range; do not infer a construction date from a current map or generic classification.
broughty-ferry-scotland,Broughty Ferry,hes-listed-building:LB25920,"23 Douglas Terrace, West Ferry, Dundee",,other,Listed Building,Listed Building,parish_evidence,Point,-2.88794403845468,56.468796850819324,representative_point,high,,unknown,unknown,unreviewed,Historic Environment Scotland,Historic Environment Scotland Listed Buildings spatial data,LB25920,https://portal.historicenvironment.scot/designation/LB25920,2026-09-02T06:42:38.783Z,LB25920 | 187828,Imported from the HES national Listed Buildings spatial data. Statutory listing and location are authoritative; construction-date review remains separate. NRHE record linked by matching point location; review if it represents a distinct asset.,Check the linked source for an explicit date or supported date range; do not infer a construction date from a current map or generic classification.
broughty-ferry-scotland,Broughty Ferry,hes-listed-building:LB25880,"23 Seafield Road, Broughty Ferry, Dundee",,other,Listed Building,Listed Building,parish_evidence,Point,-2.87844373606038,56.47138906370287,representative_point,high,,unknown,unknown,unreviewed,Historic Environment Scotland,Historic Environment Scotland Listed Buildings spatial data,LB25880,https://portal.historicenvironment.scot/designation/LB25880,2026-09-02T06:42:38.783Z,LB25880 | 234768,Imported from the HES national Listed Buildings spatial data. Statutory listing and location are authoritative; construction-date review remains separate. NRHE record linked by matching point location; review if it represents a distinct asset.,Check the linked source for an explicit date or supported date range; do not infer a construction date from a current map or generic classification.
broughty-ferry-scotland,Broughty Ferry,hes-listed-building:LB25754,"3 Ambrose Street, Broughty Ferry, Dundee",,other,Listed Building,Listed Building,parish_evidence,Point,-2.875490832603905,56.46510287556237,representative_point,high,,unknown,unknown,unreviewed,Historic Environment Scotland,Historic Environment Scotland Listed Buildings spatial data,LB25754,https://portal.historicenvironment.scot/designation/LB25754,2026-09-02T06:42:38.783Z,LB25754 | 187969,Imported from the HES national Listed Buildings spatial data. Statutory listing and location are authoritative; construction-date review remains separate. NRHE record linked by matching point location; review if it represents a distinct asset.,Check the linked source for an explicit date or supported date range; do not infer a construction date from a current map or generic classification.
broughty-ferry-scotland,Broughty Ferry,hes-listed-building:LB25788,"3 Castle Terrace, Dundee","7 Castle Terrace, Dundee | 9 Castle Terrace, Dundee | 1 Castle Terrace, Dundee | 10 Castle Terrace, Dundee | 4 Castle Terrace, Dundee | 13 Castle Terrace, Dundee | 12 Castle Terrace, Dundee | 5 Castle Terrace, Dundee | 11 Castle Terrace, Dundee | 6 Castle Terrace, Dundee | 8 Castle Terrace, Dundee | 2 Castle Terrace, Dundee",other,Listed Building,Listed Building,parish_evidence,Point,-2.8654906999647896,56.46498433633822,representative_point,high,,unknown,unknown,unreviewed,Historic Environment Scotland,Historic Environment Scotland Listed Buildings spatial data,LB25788,https://portal.historicenvironment.scot/designation/LB25788,2026-09-02T06:42:38.783Z,LB25788 | 165485,Imported from the HES national Listed Buildings spatial data. Statutory listing and location are authoritative; construction-date review remains separate. NRHE record linked by matching point location; review if it represents a distinct asset.,Check the linked source for an explicit date or supported date range; do not infer a construction date from a current map or generic classification.
broughty-ferry-scotland,Broughty Ferry,hes-listed-building:LB25951,"30 Victoria Road, Broughty Ferry, Dundee",,other,Listed Building,Listed Building,parish_evidence,Point,-2.886452684277422,56.47166455208932,representative_point,high,,unknown,unknown,unreviewed,Historic Environment Scotland,Historic Environment Scotland Listed Buildings spatial data,LB25951,https://portal.historicenvironment.scot/designation/LB25951,2026-09-02T06:42:38.783Z,LB25951 | 184165,Imported from the HES national Listed Buildings spatial data. Statutory listing and location are authoritative; construction-date review remains separate. NRHE record linked by matching point location; review if it represents a distinct asset.,Check the linked source for an explicit date or supported date range; do not infer a construction date from a current map or generic classification.
broughty-ferry-scotland,Broughty Ferry,hes-listed-building:LB25761,"31-39 Beach Crescent, Broughty Ferry, Dundee",,other,Listed Building,Listed Building,parish_evidence,Point,-2.873071774601441,56.46506600839225,representative_point,high,,unknown,unknown,unreviewed,Historic Environment Scotland,Historic Environment Scotland Listed Buildings spatial data,LB25761,https://portal.historicenvironment.scot/designation/LB25761,2026-09-02T06:42:38.783Z,LB25761 | 187232,Imported from the HES national Listed Buildings spatial data. Statutory listing and location are authoritative; construction-date review remains separate. NRHE record linked by matching point location; review if it represents a distinct asset.,Check the linked source for an explicit date or supported date range; do not infer a construction date from a current map or generic classification.
broughty-ferry-scotland,Broughty Ferry,hes-listed-building:LB25814,"32-34 Fort Street, Broughty Ferry, Dundee",,other,Listed Building,Listed Building,parish_evidence,Point,-2.8767225560058347,56.46573207434238,representative_point,high,,unknown,unknown,unreviewed,Historic Environment Scotland,Historic Environment Scotland Listed Buildings spatial data,LB25814,https://portal.historicenvironment.scot/designation/LB25814,2026-09-02T06:42:38.783Z,LB25814 | 188222,Imported from the HES national Listed Buildings spatial data. Statutory listing and location are authoritative; construction-date review remains separate. NRHE record linked by matching point location; review if it represents a distinct asset.,Check the linked source for an explicit date or supported date range; do not infer a construction date from a current map or generic classification.
broughty-ferry-scotland,Broughty Ferry,hes-listed-building:LB25776,"35 Camperdown Street, Broughty Ferry, Dundee",,other,Listed Building,Listed Building,parish_evidence,Point,-2.87628163496232,56.46984105990787,representative_point,high,,unknown,unknown,unreviewed,Historic Environment Scotland,Historic Environment Scotland Listed Buildings spatial data,LB25776,https://portal.historicenvironment.scot/designation/LB25776,2026-09-02T06:42:38.783Z,LB25776 | 175173,Imported from the HES national Listed Buildings spatial data. Statutory listing and location are authoritative; construction-date review remains separate. NRHE record linked by matching point location; review if it represents a distinct asset.,Check the linked source for an explicit date or supported date range; do not infer a construction date from a current map or generic classification.
broughty-ferry-scotland,Broughty Ferry,hes-listed-building:LB25808,"37-39 Fort Street, Broughty Ferry, Dundee","41 Fort Street, Broughty Ferry, Dundee",other,Listed Building,Listed Building,parish_evidence,Point,-2.8770198243924923,56.46595458442468,representative_point,high,,unknown,unknown,unreviewed,Historic Environment Scotland,Historic Environment Scotland Listed Buildings spatial data,LB25808,https://portal.historicenvironment.scot/designation/LB25808,2026-09-02T06:42:38.783Z,LB25808 | 188279,Imported from the HES national Listed Buildings spatial data. Statutory listing and location are authoritative; construction-date review remains separate. NRHE record linked by matching point location; review if it represents a distinct asset.,Check the linked source for an explicit date or supported date range; do not infer a construction date from a current map or generic classification.
broughty-ferry-scotland,Broughty Ferry,hes-listed-building:LB25847,"375, 377 King Street, Broughty Ferry, Dundee",,other,Listed Building,Listed Building,parish_evidence,Point,-2.869583589037207,56.4651174485331,representative_point,high,,unknown,unknown,unreviewed,Historic Environment Scotland,Historic Environment Scotland Listed Buildings spatial data,LB25847,https://portal.historicenvironment.scot/designation/LB25847,2026-09-02T06:42:38.783Z,LB25847 | 233865,Imported from the HES national Listed Buildings spatial data. Statutory listing and location are authoritative; construction-date review remains separate. NRHE record linked by matching point location; review if it represents a distinct asset.,Check the linked source for an explicit date or supported date range; do not infer a construction date from a current map or generic classification.
broughty-ferry-scotland,Broughty Ferry,hes-listed-building:LB25769,"391-393 Brook Street, Broughty Ferry, Dundee",,other,Listed Building,Listed Building,parish_evidence,Point,-2.869551332766441,56.46654619396696,representative_point,high,,unknown,unknown,unreviewed,Historic Environment Scotland,Historic Environment Scotland Listed Buildings spatial data,LB25769,https://portal.historicenvironment.scot/designation/LB25769,2026-09-02T06:42:38.783Z,LB25769 | 232803,Imported from the HES national Listed Buildings spatial data. Statutory listing and location are authoritative; construction-date review remains separate. NRHE record linked by matching point location; review if it represents a distinct asset.,Check the linked source for an explicit date or supported date range; do not infer a construction date from a current map or generic classification.
broughty-ferry-scotland,Broughty Ferry,hes-listed-building:LB25770,"397 Brook Street, Dundee",,other,Listed Building,Listed Building,parish_evidence,Point,-2.8693401684044897,56.46653868870199,representative_point,high,,unknown,unknown,unreviewed,Historic Environment Scotland,Historic Environment Scotland Listed Buildings spatial data,LB25770,https://portal.historicenvironment.scot/designation/LB25770,2026-09-02T06:42:38.783Z,LB25770 | 232823,Imported from the HES national Listed Buildings spatial data. Statutory listing and location are authoritative; construction-date review remains separate. NRHE record linked by matching point location; review if it represents a distinct asset.,Check the linked source for an explicit date or supported date range; do not infer a construction date from a current map or generic classification.
broughty-ferry-scotland,Broughty Ferry,hes-listed-building:LB25840,"4 Hill Street,  Broughty Ferry, Dundee",,other,Listed Building,Listed Building,parish_evidence,Point,-2.8742455757261167,56.469531978182324,representative_point,high,,unknown,unknown,unreviewed,Historic Environment Scotland,Historic Environment Scotland Listed Buildings spatial data,LB25840,https://portal.historicenvironment.scot/designation/LB25840,2026-09-02T06:42:38.783Z,LB25840 | 233407,Imported from the HES national Listed Buildings spatial data. Statutory listing and location are authoritative; construction-date review remains separate. NRHE record linked by matching point location; review if it represents a distinct asset.,Check the linked source for an explicit date or supported date range; do not infer a construction date from a current map or generic classification.
broughty-ferry-scotland,Broughty Ferry,hes-listed-building:LB25868,"4 Queen Street, Broughty Ferry, Dundee","6 Queen Street, Broughty Ferry, Dundee | 2 Queen Street, Broughty Ferry, Dundee | 8 Queen Street, Broughty Ferry, Dundee",other,Listed Building,Listed Building,parish_evidence,Point,-2.8805617232310903,56.46892131536236,representative_point,high,,unknown,unknown,unreviewed,Historic Environment Scotland,Historic Environment Scotland Listed Buildings spatial data,LB25868,https://portal.historicenvironment.scot/designation/LB25868,2026-09-02T06:42:38.783Z,LB25868 | 234701,Imported from the HES national Listed Buildings spatial data. Statutory listing and location are authoritative; construction-date review remains separate. NRHE record linked by matching point location; review if it represents a distinct asset.,Check the linked source for an explicit date or supported date range; do not infer a construction date from a current map or generic classification.
broughty-ferry-scotland,Broughty Ferry,hes-listed-building:LB25783,"44 Camphill Road, Broughty Ferry, Dundee",,other,Listed Building,Listed Building,parish_evidence,Point,-2.8667743450553775,56.46932382590431,representative_point,high,,unknown,unknown,unreviewed,Historic Environment Scotland,Historic Environment Scotland Listed Buildings spatial data,LB25783,https://portal.historicenvironment.scot/designation/LB25783,2026-09-02T06:42:38.783Z,LB25783 | 175183,Imported from the HES national Listed Buildings spatial data. Statutory listing and location are authoritative; construction-date review remains separate. NRHE record linked by matching point location; review if it represents a distinct asset.,Check the linked source for an explicit date or supported date range; do not infer a construction date from a current map or generic classification.
broughty-ferry-scotland,Broughty Ferry,hes-listed-building:LB25762,"45, 47 Beach Crescent, Broughty Ferry, Dundee","Beach House, 41-43 Beach Crescent, Broughty Ferry, Dundee",other,Listed Building,Listed Building,parish_evidence,Point,-2.87268006021929,56.46496993466477,representative_point,high,,unknown,unknown,unreviewed,Historic Environment Scotland,Historic Environment Scotland Listed Buildings spatial data,LB25762,https://portal.historicenvironment.scot/designation/LB25762,2026-09-02T06:42:38.783Z,LB25762 | 242602,Imported from the HES national Listed Buildings spatial data. Statutory listing and location are authoritative; construction-date review remains separate. NRHE record linked by matching point location; review if it represents a distinct asset.,Check the linked source for an explicit date or supported date range; do not infer a construction date from a current map or generic classification.
broughty-ferry-scotland,Broughty Ferry,hes-listed-building:LB25852,"47 Monifieth Road, Broughty Ferry, Dundee","49 Monifieth Road, Broughty Ferry, Dundee",other,Listed Building,Listed Building,parish_evidence,Point,-2.865452531302068,56.468299843917244,representative_point,high,,unknown,unknown,unreviewed,Historic Environment Scotland,Historic Environment Scotland Listed Buildings spatial data,LB25852,https://portal.historicenvironment.scot/designation/LB25852,2026-09-02T06:42:38.783Z,LB25852 | 234145,Imported from the HES national Listed Buildings spatial data. Statutory listing and location are authoritative; construction-date review remains separate. NRHE record linked by matching point location; review if it represents a distinct asset.,Check the linked source for an explicit date or supported date range; do not infer a construction date from a current map or generic classification.
broughty-ferry-scotland,Broughty Ferry,hes-listed-building:LB25815,"48 Fort Street, Broughty Ferry, Dundee",,other,Listed Building,Listed Building,parish_evidence,Point,-2.876490739334907,56.46623683822684,representative_point,high,,unknown,unknown,unreviewed,Historic Environment Scotland,Historic Environment Scotland Listed Buildings spatial data,LB25815,https://portal.historicenvironment.scot/designation/LB25815,2026-09-02T06:42:38.783Z,LB25815 | 234007,Imported from the HES national Listed Buildings spatial data. Statutory listing and location are authoritative; construction-date review remains separate. NRHE record linked by matching point location; review if it represents a distinct asset.,Check the linked source for an explicit date or supported date range; do not infer a construction date from a current map or generic classification.
broughty-ferry-scotland,Broughty Ferry,hes-listed-building:LB25816,"50 Fort Street, Broughty Ferry, Dundee",,other,Listed Building,Listed Building,parish_evidence,Point,-2.8764435059043074,56.46630006258767,representative_point,high,,unknown,unknown,unreviewed,Historic Environment Scotland,Historic Environment Scotland Listed Buildings spatial data,LB25816,https://portal.historicenvironment.scot/designation/LB25816,2026-09-02T06:42:38.783Z,LB25816 | 234001,Imported from the HES national Listed Buildings spatial data. Statutory listing and location are authoritative; construction-date review remains separate. NRHE record linked by matching point location; review if it represents a distinct asset.,Check the linked source for an explicit date or supported date range; do not infer a construction date from a current map or generic classification.
broughty-ferry-scotland,Broughty Ferry,hes-listed-building:LB25853,"51 Monifieth Road, Dundee","53 Monifieth Road, Dundee",other,Listed Building,Listed Building,parish_evidence,Point,-2.8651291896217326,56.46835600428117,representative_point,high,,unknown,unknown,unreviewed,Historic Environment Scotland,Historic Environment Scotland Listed Buildings spatial data,LB25853,https://portal.historicenvironment.scot/designation/LB25853,2026-09-02T06:42:38.783Z,LB25853 | 234392,Imported from the HES national Listed Buildings spatial data. Statutory listing and location are authoritative; construction-date review remains separate. NRHE record linked by matching point location; review if it represents a distinct asset.,Check the linked source for an explicit date or supported date range; do not infer a construction date from a current map or generic classification.
broughty-ferry-scotland,Broughty Ferry,hes-listed-building:LB25795,"61, 63 Fisher Street, Broughty Ferry, Dundee","65, 67 Fisher Street, Broughty Ferry, Dundee | 73 Fisher Street, Broughty Ferry, Dundee",other,Listed Building,Listed Building,parish_evidence,Point,-2.878385663278163,56.46536093977591,representative_point,high,,unknown,unknown,unreviewed,Historic Environment Scotland,Historic Environment Scotland Listed Buildings spatial data,LB25795,https://portal.historicenvironment.scot/designation/LB25795,2026-09-02T06:42:38.783Z,LB25795 | 188208,Imported from the HES national Listed Buildings spatial data. Statutory listing and location are authoritative; construction-date review remains separate. NRHE record linked by matching point location; review if it represents a distinct asset.,Check the linked source for an explicit date or supported date range; do not infer a construction date from a current map or generic classification.
broughty-ferry-scotland,Broughty Ferry,hes-listed-building:LB25854,"63 Monifieth Road, Broughty Ferry, Dundee","65 Monifieth Road, Broughty Ferry, Dundee | 67 Monifieth Road, Broughty Ferry, Dundee | 69 Monifieth Road, Broughty Ferry, Dundee",other,Listed Building,Listed Building,parish_evidence,Point,-2.8644338179948843,56.468468661548634,representative_point,high,,unknown,unknown,unreviewed,Historic Environment Scotland,Historic Environment Scotland Listed Buildings spatial data,LB25854,https://portal.historicenvironment.scot/designation/LB25854,2026-09-02T06:42:38.783Z,LB25854 | 233831,Imported from the HES national Listed Buildings spatial data. Statutory listing and location are authoritative; construction-date review remains separate. NRHE record linked by matching point location; review if it represents a distinct asset.,Check the linked source for an explicit date or supported date range; do not infer a construction date from a current map or generic classification.
broughty-ferry-scotland,Broughty Ferry,hes-listed-building:LB25931,"64 Dundee Road, West Ferry, Dundee",,other,Listed Building,Listed Building,parish_evidence,Point,-2.8878681386851994,56.46902200403543,representative_point,high,,unknown,unknown,unreviewed,Historic Environment Scotland,Historic Environment Scotland Listed Buildings spatial data,LB25931,https://portal.historicenvironment.scot/designation/LB25931,2026-09-02T06:42:38.783Z,LB25931 | 234554,Imported from the HES national Listed Buildings spatial data. Statutory listing and location are authoritative; construction-date review remains separate. NRHE record linked by matching point location; review if it represents a distinct asset.,Check the linked source for an explicit date or supported date range; do not infer a construction date from a current map or generic classification.
broughty-ferry-scotland,Broughty Ferry,hes-listed-building:LB25787,"65, 67, 69 Castle Street, Broughty Ferry, Dundee","61, 63 Castle Street, Broughty Ferry, Dundee",other,Listed Building,Listed Building,parish_evidence,Point,-2.8646478230190997,56.465744900017285,representative_point,high,,unknown,unknown,unreviewed,Historic Environment Scotland,Historic Environment Scotland Listed Buildings spatial data,LB25787,https://portal.historicenvironment.scot/designation/LB25787,2026-09-02T06:42:38.783Z,LB25787 | 233216,Imported from the HES national Listed Buildings spatial data. Statutory listing and location are authoritative; construction-date review remains separate. NRHE record linked by matching point location; review if it represents a distinct asset.,Check the linked source for an explicit date or supported date range; do not infer a construction date from a current map or generic classification.
broughty-ferry-scotland,Broughty Ferry,hes-listed-building:LB25785,"74 Camphill Road, Broughty Ferry, Dundee",,other,Listed Building,Listed Building,parish_evidence,Point,-2.8623801322884885,56.4709536529985,representative_point,high,,unknown,unknown,unreviewed,Historic Environment Scotland,Historic Environment Scotland Listed Buildings spatial data,LB25785,https://portal.historicenvironment.scot/designation/LB25785,2026-09-02T06:42:38.783Z,LB25785 | 175187,Imported from the HES national Listed Buildings spatial data. Statutory listing and location are authoritative; construction-date review remains separate. NRHE record linked by matching point location; review if it represents a distinct asset.,Check the linked source for an explicit date or supported date range; do not infer a construction date from a current map or generic classification.
broughty-ferry-scotland,Broughty Ferry,hes-listed-building:LB25845,"75 St Vincent Street, Dundee","73 St Vincent Street, Dundee | 339 King Street, Dundee | 337 King Street, Dundee | 71 St Vincent Street, Dundee | 77 St Vincent Street, Dundee",other,Listed Building,Listed Building,parish_evidence,Point,-2.87072893850519,56.465522701473645,representative_point,high,,unknown,unknown,unreviewed,Historic Environment Scotland,Historic Environment Scotland Listed Buildings spatial data,LB25845,https://portal.historicenvironment.scot/designation/LB25845,2026-09-02T06:42:38.783Z,LB25845 | 242353,Imported from the HES national Listed Buildings spatial data. Statutory listing and location are authoritative; construction-date review remains separate. NRHE record linked by matching point location; review if it represents a distinct asset.,Check the linked source for an explicit date or supported date range; do not infer a construction date from a current map or generic classification.
broughty-ferry-scotland,Broughty Ferry,hes-listed-building:LB25796,"79-85 Fisher Street, Broughty Ferry, Dundee",,other,Listed Building,Listed Building,parish_evidence,Point,-2.8779943473046425,56.46528284875137,representative_point,high,,unknown,unknown,unreviewed,Historic Environment Scotland,Historic Environment Scotland Listed Buildings spatial data,LB25796,https://portal.historicenvironment.scot/designation/LB25796,2026-09-02T06:42:38.783Z,LB25796 | 188209,Imported from the HES national Listed Buildings spatial data. Statutory listing and location are authoritative; construction-date review remains separate. NRHE record linked by matching point location; review if it represents a distinct asset.,Check the linked source for an explicit date or supported date range; do not infer a construction date from a current map or generic classification.
broughty-ferry-scotland,Broughty Ferry,hes-listed-building:LB25757,"8 Bath Street, Broughty Ferry, Dundee",,other,Listed Building,Listed Building,parish_evidence,Point,-2.8744239819823174,56.46529008409708,representative_point,high,,unknown,unknown,unreviewed,Historic Environment Scotland,Historic Environment Scotland Listed Buildings spatial data,LB25757,https://portal.historicenvironment.scot/designation/LB25757,2026-09-02T06:42:38.783Z,LB25757 | 187594,Imported from the HES national Listed Buildings spatial data. Statutory listing and location are authoritative; construction-date review remains separate. NRHE record linked by matching point location; review if it represents a distinct asset.,Check the linked source for an explicit date or supported date range; do not infer a construction date from a current map or generic classification.
broughty-ferry-scotland,Broughty Ferry,hes-listed-building:LB25810,"8 Fort Street, Broughty Ferry, Dundee","6 Fort Street, Broughty Ferry, Dundee",other,Listed Building,Listed Building,parish_evidence,Point,-2.876954366589564,56.46522731000339,representative_point,high,,unknown,unknown,unreviewed,Historic Environment Scotland,Historic Environment Scotland Listed Buildings spatial data,LB25810,https://portal.historicenvironment.scot/designation/LB25810,2026-09-02T06:42:38.783Z,LB25810 | 260337,Imported from the HES national Listed Buildings spatial data. Statutory listing and location are authoritative; construction-date review remains separate. NRHE record linked by matching point location; review if it represents a distinct asset.,Check the linked source for an explicit date or supported date range; do not infer a construction date from a current map or generic classification.
broughty-ferry-scotland,Broughty Ferry,hes-listed-building:LB25825,"8-18 Gray Street, Broughty Ferry, Dundee",,other,Listed Building,Listed Building,parish_evidence,Point,-2.8737586723653714,56.46529476934381,representative_point,high,,unknown,unknown,unreviewed,Historic Environment Scotland,Historic Environment Scotland Listed Buildings spatial data,LB25825,https://portal.historicenvironment.scot/designation/LB25825,2026-09-02T06:42:38.783Z,LB25825 | 234775,Imported from the HES national Listed Buildings spatial data. Statutory listing and location are authoritative; construction-date review remains separate. NRHE record linked by matching point location; review if it represents a distinct asset.,Check the linked source for an explicit date or supported date range; do not infer a construction date from a current map or generic classification.
broughty-ferry-scotland,Broughty Ferry,hes-listed-building:LB25821,"81, 83 Gray Street, Broughty Ferry, Dundee",,other,Listed Building,Listed Building,parish_evidence,Point,-2.8735636770978696,56.46669770866547,representative_point,high,,unknown,unknown,unreviewed,Historic Environment Scotland,Historic Environment Scotland Listed Buildings spatial data,LB25821,https://portal.historicenvironment.scot/designation/LB25821,2026-09-02T06:42:38.783Z,LB25821 | 233736,Imported from the HES national Listed Buildings spatial data. Statutory listing and location are authoritative; construction-date review remains separate. NRHE record linked by matching point location; review if it represents a distinct asset.,Check the linked source for an explicit date or supported date range; do not infer a construction date from a current map or generic classification.
broughty-ferry-scotland,Broughty Ferry,hes-listed-building:LB25797,"87 Fisher Street, Broughty Ferry, Dundee",,other,Listed Building,Listed Building,parish_evidence,Point,-2.8777823592393674,56.465239426061274,representative_point,high,,unknown,unknown,unreviewed,Historic Environment Scotland,Historic Environment Scotland Listed Buildings spatial data,LB25797,https://portal.historicenvironment.scot/designation/LB25797,2026-09-02T06:42:38.783Z,LB25797 | 188182,Imported from the HES national Listed Buildings spatial data. Statutory listing and location are authoritative; construction-date review remains separate. NRHE record linked by matching point location; review if it represents a distinct asset.,Check the linked source for an explicit date or supported date range; do not infer a construction date from a current map or generic classification.
broughty-ferry-scotland,Broughty Ferry,hes-listed-building:LB25798,"89 Fisher Street, Broughty Ferry, Dundee",,other,Listed Building,Listed Building,parish_evidence,Point,-2.877669184605249,56.46525819518923,representative_point,high,,unknown,unknown,unreviewed,Historic Environment Scotland,Historic Environment Scotland Listed Buildings spatial data,LB25798,https://portal.historicenvironment.scot/designation/LB25798,2026-09-02T06:42:38.783Z,LB25798 | 188183,Imported from the HES national Listed Buildings spatial data. Statutory listing and location are authoritative; construction-date review remains separate. NRHE record linked by matching point location; review if it represents a distinct asset.,Check the linked source for an explicit date or supported date range; do not infer a construction date from a current map or generic classification.
broughty-ferry-scotland,Broughty Ferry,hes-listed-building:LB25758,"9 Beach Crescent, Broughty Ferry, Dundee",,other,Listed Building,Listed Building,parish_evidence,Point,-2.873772216842649,56.465177876746374,representative_point,high,,unknown,unknown,unreviewed,Historic Environment Scotland,Historic Environment Scotland Listed Buildings spatial data,LB25758,https://portal.historicenvironment.scot/designation/LB25758,2026-09-02T06:42:38.783Z,LB25758 | 187214,Imported from the HES national Listed Buildings spatial data. Statutory listing and location are authoritative; construction-date review remains separate. NRHE record linked by matching point location; review if it represents a distinct asset.,Check the linked source for an explicit date or supported date range; do not infer a construction date from a current map or generic classification.
broughty-ferry-scotland,Broughty Ferry,hes-listed-building:LB25883,"9 King Street, Broughty Ferry, Dundee",,other,Listed Building,Listed Building,parish_evidence,Point,-2.881390602047457,56.466866987735564,representative_point,high,,unknown,unknown,unreviewed,Historic Environment Scotland,Historic Environment Scotland Listed Buildings spatial data,LB25883,https://portal.historicenvironment.scot/designation/LB25883,2026-09-02T06:42:38.783Z,LB25883 | 191882,Imported from the HES national Listed Buildings spatial data. Statutory listing and location are authoritative; construction-date review remains separate. NRHE record linked by matching point location; review if it represents a distinct asset.,Check the linked source for an explicit date or supported date range; do not infer a construction date from a current map or generic classification.
broughty-ferry-scotland,Broughty Ferry,hes-listed-building:LB25863,"9 Norrie Street, Broughty Ferry, Dundee","7 Norrie Street, Broughty Ferry, Dundee | 11 Norrie Street, Broughty Ferry, Dundee | 13 Norrie Street, Broughty Ferry, Dundee",other,Listed Building,Listed Building,parish_evidence,Point,-2.8647026640067303,56.46887108656747,representative_point,high,,unknown,unknown,unreviewed,Historic Environment Scotland,Historic Environment Scotland Listed Buildings spatial data,LB25863,https://portal.historicenvironment.scot/designation/LB25863,2026-09-02T06:42:38.783Z,LB25863 | 234419,Imported from the HES national Listed Buildings spatial data. Statutory listing and location are authoritative; construction-date review remains separate. NRHE record linked by matching point location; review if it represents a distinct asset.,Check the linked source for an explicit date or supported date range; do not infer a construction date from a current map or generic classification.
broughty-ferry-scotland,Broughty Ferry,hes-listed-building:LB25763,"99 Beach Crescent, Broughty Ferry, Dundee",,other,Listed Building,Listed Building,parish_evidence,Point,-2.8713868139069465,56.46448487844591,representative_point,high,,unknown,unknown,unreviewed,Historic Environment Scotland,Historic Environment Scotland Listed Buildings spatial data,LB25763,https://portal.historicenvironment.scot/designation/LB25763,2026-09-02T06:42:38.783Z,LB25763 | 187244,Imported from the HES national Listed Buildings spatial data. Statutory listing and location are authoritative; construction-date review remains separate. NRHE record linked by matching point location; review if it represents a distinct asset.,Check the linked source for an explicit date or supported date range; do not infer a construction date from a current map or generic classification.
broughty-ferry-scotland,Broughty Ferry,hes-listed-building:LB25794,"Anne Cottage, 57 Fisher Street, Broughty Ferry, Dundee",,other,Listed Building,Listed Building,parish_evidence,Point,-2.8784828182568742,56.46535126778436,representative_point,high,,unknown,unknown,unreviewed,Historic Environment Scotland,Historic Environment Scotland Listed Buildings spatial data,LB25794,https://portal.historicenvironment.scot/designation/LB25794,2026-09-02T06:42:38.783Z,LB25794 | 188178,Imported from the HES national Listed Buildings spatial data. Statutory listing and location are authoritative; construction-date review remains separate. NRHE record linked by matching point location; review if it represents a distinct asset.,Check the linked source for an explicit date or supported date range; do not infer a construction date from a current map or generic classification.
broughty-ferry-scotland,Broughty Ferry,hes-listed-building:LB25906,"Aystree Lodge And Gates, 26 Victoria Road, Broughty Ferry, Dundee",,other,Listed Building,Listed Building,parish_evidence,Point,-2.886623984130643,56.470657075064175,representative_point,high,,unknown,unknown,unreviewed,Historic Environment Scotland,Historic Environment Scotland Listed Buildings spatial data,LB25906,https://portal.historicenvironment.scot/designation/LB25906,2026-09-02T06:42:38.783Z,LB25906 | 184143,Imported from the HES national Listed Buildings spatial data. Statutory listing and location are authoritative; construction-date review remains separate. NRHE record linked by matching point location; review if it represents a distinct asset.,Check the linked source for an explicit date or supported date range; do not infer a construction date from a current map or generic classification.
broughty-ferry-scotland,Broughty Ferry,hes-listed-building:LB25879,"Baptist Church, St Vincent Street, Broughty Ferry, Dundee",,other,Listed Building,Listed Building,parish_evidence,Point,-2.869981255499249,56.465474037889784,representative_point,high,,unknown,unknown,unreviewed,Historic Environment Scotland,Historic Environment Scotland Listed Buildings spatial data,LB25879,https://portal.historicenvironment.scot/designation/LB25879,2026-09-02T06:42:38.783Z,LB25879 | 234769,Imported from the HES national Listed Buildings spatial data. Statutory listing and location are authoritative; construction-date review remains separate. NRHE record linked by matching point location; review if it represents a distinct asset.,Check the linked source for an explicit date or supported date range; do not infer a construction date from a current map or generic classification.
broughty-ferry-scotland,Broughty Ferry,hes-listed-building:LB25800,"Barometer Cottage, 115 Fisher Street, Broughty Ferry, Dundee",,other,Listed Building,Listed Building,parish_evidence,Point,-2.8768707464621963,56.465120087892544,representative_point,high,,unknown,unknown,unreviewed,Historic Environment Scotland,Historic Environment Scotland Listed Buildings spatial data,LB25800,https://portal.historicenvironment.scot/designation/LB25800,2026-09-02T06:42:38.783Z,LB25800 | 188186,Imported from the HES national Listed Buildings spatial data. Statutory listing and location are authoritative; construction-date review remains separate. NRHE record linked by matching point location; review if it represents a distinct asset.,Check the linked source for an explicit date or supported date range; do not infer a construction date from a current map or generic classification.
broughty-ferry-scotland,Broughty Ferry,hes-listed-building:LB25856,"Bartley Lodge, 81 Monifieth Road, Dundee",,other,Listed Building,Listed Building,parish_evidence,Point,-2.8603505702068173,56.46949429731491,representative_point,high,,unknown,unknown,unreviewed,Historic Environment Scotland,Historic Environment Scotland Listed Buildings spatial data,LB25856,https://portal.historicenvironment.scot/designation/LB25856,2026-09-02T06:42:38.783Z,LB25856 | 238023,Imported from the HES national Listed Buildings spatial data. Statutory listing and location are authoritative; construction-date review remains separate. NRHE record linked by matching point location; review if it represents a distinct asset.,Check the linked source for an explicit date or supported date range; do not infer a construction date from a current map or generic classification.
broughty-ferry-scotland,Broughty Ferry,hes-listed-building:LB25954,"Beach Clubhouse, Royal Tay Yacht Club, West Ferry, Dundee",,other,Listed Building,Listed Building,parish_evidence,Point,-2.8939578350972894,56.46845720012236,representative_point,high,,unknown,unknown,unreviewed,Historic Environment Scotland,Historic Environment Scotland Listed Buildings spatial data,LB25954,https://portal.historicenvironment.scot/designation/LB25954,2026-09-02T06:42:38.783Z,LB25954,Imported from the HES national Listed Buildings spatial data. Statutory listing and location are authoritative; construction-date review remains separate.,Check the linked source for an explicit date or supported date range; do not infer a construction date from a current map or generic classification.
broughty-ferry-scotland,Broughty Ferry,hes-listed-building:LB25793,"Beach Shelter, Esplanade, Broughty Ferry, Dundee",,other,Listed Building,Listed Building,parish_evidence,Point,-2.858359914939717,56.46759440476794,representative_point,high,,unknown,unknown,unreviewed,Historic Environment Scotland,Historic Environment Scotland Listed Buildings spatial data,LB25793,https://portal.historicenvironment.scot/designation/LB25793,2026-09-02T06:42:38.783Z,LB25793 | 233520,Imported from the HES national Listed Buildings spatial data. Statutory listing and location are authoritative; construction-date review remains separate. NRHE record linked by matching point location; review if it represents a distinct asset.,Check the linked source for an explicit date or supported date range; do not infer a construction date from a current map or generic classification.
broughty-ferry-scotland,Broughty Ferry,hes-listed-building:LB25867,"Brae Cottage, 89 Queen Street, Broughty Ferry, Dundee",,other,Listed Building,Listed Building,parish_evidence,Point,-2.8778500967124874,56.46887763105553,representative_point,high,,unknown,unknown,unreviewed,Historic Environment Scotland,Historic Environment Scotland Listed Buildings spatial data,LB25867,https://portal.historicenvironment.scot/designation/LB25867,2026-09-02T06:42:38.783Z,LB25867 | 184710,Imported from the HES national Listed Buildings spatial data. Statutory listing and location are authoritative; construction-date review remains separate. NRHE record linked by matching point location; review if it represents a distinct asset.,Check the linked source for an explicit date or supported date range; do not infer a construction date from a current map or generic classification.
broughty-ferry-scotland,Broughty Ferry,hes-listed-building:LB25791,"Braehead House, 4-6 Dundas Street, Broughty Ferry, Dundee",,other,Listed Building,Listed Building,parish_evidence,Point,-2.878582463055987,56.46544939099002,representative_point,high,,unknown,unknown,unreviewed,Historic Environment Scotland,Historic Environment Scotland Listed Buildings spatial data,LB25791,https://portal.historicenvironment.scot/designation/LB25791,2026-09-02T06:42:38.783Z,LB25791 | 193066,Imported from the HES national Listed Buildings spatial data. Statutory listing and location are authoritative; construction-date review remains separate. NRHE record linked by matching point location; review if it represents a distinct asset.,Check the linked source for an explicit date or supported date range; do not infer a construction date from a current map or generic classification.
broughty-ferry-scotland,Broughty Ferry,hes-listed-building:LB25768,"Broughty Ferry, 383 Brook Street",,other,Listed Building,Listed Building,parish_evidence,Point,-2.8700075552948188,56.466623856646315,representative_point,high,,unknown,unknown,unreviewed,Historic Environment Scotland,Historic Environment Scotland Listed Buildings spatial data,LB25768,https://portal.historicenvironment.scot/designation/LB25768,2026-09-02T06:42:38.783Z,LB25768,Imported from the HES national Listed Buildings spatial data. Statutory listing and location are authoritative; construction-date review remains separate.,Check the linked source for an explicit date or supported date range; do not infer a construction date from a current map or generic classification.
broughty-ferry-scotland,Broughty Ferry,hes-listed-building:LB25824,"Cabmen's Shelter, Gray Street, Broughty Ferry, Dundee",,other,Listed Building,Listed Building,parish_evidence,Point,-2.8729846960447474,56.467636159710025,representative_point,high,,unknown,unknown,unreviewed,Historic Environment Scotland,Historic Environment Scotland Listed Buildings spatial data,LB25824,https://portal.historicenvironment.scot/designation/LB25824,2026-09-02T06:42:38.783Z,LB25824,Imported from the HES national Listed Buildings spatial data. Statutory listing and location are authoritative; construction-date review remains separate.,Check the linked source for an explicit date or supported date range; do not infer a construction date from a current map or generic classification.
broughty-ferry-scotland,Broughty Ferry,hes-listed-building:LB25777,"Cambus Lodge And Gatepiers, 37, 37A Camperdown Street, Broughty Ferry, Dundee",,other,Listed Building,Listed Building,parish_evidence,Point,-2.875969973528506,56.46969950925934,representative_point,high,,unknown,unknown,unreviewed,Historic Environment Scotland,Historic Environment Scotland Listed Buildings spatial data,LB25777,https://portal.historicenvironment.scot/designation/LB25777,2026-09-02T06:42:38.783Z,LB25777 | 232802,Imported from the HES national Listed Buildings spatial data. Statutory listing and location are authoritative; construction-date review remains separate. NRHE record linked by matching point location; review if it represents a distinct asset.,Check the linked source for an explicit date or supported date range; do not infer a construction date from a current map or generic classification.
broughty-ferry-scotland,Broughty Ferry,hes-listed-building:LB25784,"Camphill House, 50 Camphill Road, Broughty Ferry, Dundee",,other,Listed Building,Listed Building,parish_evidence,Point,-2.8657067191921564,56.46948401101619,representative_point,high,,unknown,unknown,unreviewed,Historic Environment Scotland,Historic Environment Scotland Listed Buildings spatial data,LB25784,https://portal.historicenvironment.scot/designation/LB25784,2026-09-02T06:42:38.783Z,LB25784 | 175184,Imported from the HES national Listed Buildings spatial data. Statutory listing and location are authoritative; construction-date review remains separate. NRHE record linked by matching point location; review if it represents a distinct asset.,Check the linked source for an explicit date or supported date range; do not infer a construction date from a current map or generic classification.
broughty-ferry-scotland,Broughty Ferry,hes-listed-building:LB25779,"Carbet Castle Lodge, 7 Camphill Road, Broughty Ferry, Dundee",,other,Listed Building,Listed Building,parish_evidence,Point,-2.872378586991911,56.468808392801286,representative_point,high,,unknown,unknown,unreviewed,Historic Environment Scotland,Historic Environment Scotland Listed Buildings spatial data,LB25779,https://portal.historicenvironment.scot/designation/LB25779,2026-09-02T06:42:38.783Z,LB25779 | 175188,Imported from the HES national Listed Buildings spatial data. Statutory listing and location are authoritative; construction-date review remains separate. NRHE record linked by matching point location; review if it represents a distinct asset.,Check the linked source for an explicit date or supported date range; do not infer a construction date from a current map or generic classification.
broughty-ferry-scotland,Broughty Ferry,hes-listed-building:LB25838,"Castleroy Lodge, Hill Street, Broughty Ferry, Dundee",,other,Listed Building,Listed Building,parish_evidence,Point,-2.869836457078057,56.470497330227104,representative_point,high,,unknown,unknown,unreviewed,Historic Environment Scotland,Historic Environment Scotland Listed Buildings spatial data,LB25838,https://portal.historicenvironment.scot/designation/LB25838,2026-09-02T06:42:38.783Z,LB25838 | 186119,Imported from the HES national Listed Buildings spatial data. Statutory listing and location are authoritative; construction-date review remains separate. NRHE record linked by matching point location; review if it represents a distinct asset.,Check the linked source for an explicit date or supported date range; do not infer a construction date from a current map or generic classification.
broughty-ferry-scotland,Broughty Ferry,hes-listed-building:LB25943,"Claremont Lodge, 47 Grove Road, Dundee",,other,Listed Building,Listed Building,parish_evidence,Point,-2.8913215796809606,56.47232148694391,representative_point,high,,unknown,unknown,unreviewed,Historic Environment Scotland,Historic Environment Scotland Listed Buildings spatial data,LB25943,https://portal.historicenvironment.scot/designation/LB25943,2026-09-02T06:42:38.783Z,LB25943 | 233829,Imported from the HES national Listed Buildings spatial data. Statutory listing and location are authoritative; construction-date review remains separate. NRHE record linked by matching point location; review if it represents a distinct asset.,Check the linked source for an explicit date or supported date range; do not infer a construction date from a current map or generic classification.
broughty-ferry-scotland,Broughty Ferry,hes-listed-building:LB25822,"Clydesdale Bank, 89 Gray Street, Broughty Ferry, Dundee",,other,Listed Building,Listed Building,parish_evidence,Point,-2.873501654640416,56.466823926771994,representative_point,high,,unknown,unknown,unreviewed,Historic Environment Scotland,Historic Environment Scotland Listed Buildings spatial data,LB25822,https://portal.historicenvironment.scot/designation/LB25822,2026-09-02T06:42:38.783Z,LB25822 | 176607,Imported from the HES national Listed Buildings spatial data. Statutory listing and location are authoritative; construction-date review remains separate. NRHE record linked by matching point location; review if it represents a distinct asset.,Check the linked source for an explicit date or supported date range; do not infer a construction date from a current map or generic classification.
broughty-ferry-scotland,Broughty Ferry,hes-listed-building:LB25765,"Congregational Church And Church Hall, 87 Brook Street, Broughty Ferry, Dundee",,other,Listed Building,Listed Building,parish_evidence,Point,-2.8784797354765814,56.46802864264179,representative_point,high,,unknown,unknown,unreviewed,Historic Environment Scotland,Historic Environment Scotland Listed Buildings spatial data,LB25765,https://portal.historicenvironment.scot/designation/LB25765,2026-09-02T06:42:38.783Z,LB25765 | 232819,Imported from the HES national Listed Buildings spatial data. Statutory listing and location are authoritative; construction-date review remains separate. NRHE record linked by matching point location; review if it represents a distinct asset.,Check the linked source for an explicit date or supported date range; do not infer a construction date from a current map or generic classification.
broughty-ferry-scotland,Broughty Ferry,hes-listed-building:LB25950,"Conservatory, Aystree, 26 Victoria Road, Broughty Ferry, Dundee","Aystree, 26 Victoria Road, Broughty Ferry, Dundee",other,Listed Building,Listed Building,parish_evidence,Point,-2.8862137450269274,56.47116313137313,representative_point,high,,unknown,unknown,unreviewed,Historic Environment Scotland,Historic Environment Scotland Listed Buildings spatial data,LB25950,https://portal.historicenvironment.scot/designation/LB25950,2026-09-02T06:42:38.783Z,LB25950 | 184140,Imported from the HES national Listed Buildings spatial data. Statutory listing and location are authoritative; construction-date review remains separate. NRHE record linked by matching point location; review if it represents a distinct asset.,Check the linked source for an explicit date or supported date range; do not infer a construction date from a current map or generic classification.
broughty-ferry-scotland,Broughty Ferry,hes-listed-building:LB25907,"Conservatory, Broomhall, 3 Albert Road, Dundee","Broomhall, 3 Albert Road, Dundee",other,Listed Building,Listed Building,parish_evidence,Point,-2.8852416467641633,56.47124194285209,representative_point,high,,unknown,unknown,unreviewed,Historic Environment Scotland,Historic Environment Scotland Listed Buildings spatial data,LB25907,https://portal.historicenvironment.scot/designation/LB25907,2026-09-02T06:42:38.783Z,LB25907 | 242477,Imported from the HES national Listed Buildings spatial data. Statutory listing and location are authoritative; construction-date review remains separate. NRHE record linked by matching point location; review if it represents a distinct asset.,Check the linked source for an explicit date or supported date range; do not infer a construction date from a current map or generic classification.
broughty-ferry-scotland,Broughty Ferry,hes-listed-building:LB25782,"Craig-Gowan, 42 Camphill Road, Broughty Ferry, Dundee",,other,Listed Building,Listed Building,parish_evidence,Point,-2.8674869784876633,56.469255956904505,representative_point,high,,unknown,unknown,unreviewed,Historic Environment Scotland,Historic Environment Scotland Listed Buildings spatial data,LB25782,https://portal.historicenvironment.scot/designation/LB25782,2026-09-02T06:42:38.783Z,LB25782 | 175182,Imported from the HES national Listed Buildings spatial data. Statutory listing and location are authoritative; construction-date review remains separate. NRHE record linked by matching point location; review if it represents a distinct asset.,Check the linked source for an explicit date or supported date range; do not infer a construction date from a current map or generic classification.
broughty-ferry-scotland,Broughty Ferry,hes-listed-building:LB25864,"Craigruach, 15 Norrie Street, Broughty Ferry, Dundee",,other,Listed Building,Listed Building,parish_evidence,Point,-2.864855462788013,56.46916650692261,representative_point,high,,unknown,unknown,unreviewed,Historic Environment Scotland,Historic Environment Scotland Listed Buildings spatial data,LB25864,https://portal.historicenvironment.scot/designation/LB25864,2026-09-02T06:42:38.783Z,LB25864 | 234194,Imported from the HES national Listed Buildings spatial data. Statutory listing and location are authoritative; construction-date review remains separate. NRHE record linked by matching point location; review if it represents a distinct asset.,Check the linked source for an explicit date or supported date range; do not infer a construction date from a current map or generic classification.
broughty-ferry-scotland,Broughty Ferry,hes-listed-building:LB25952,"Deanscourt, 42 Victoria Road, West Ferry, Dundee",,other,Listed Building,Listed Building,parish_evidence,Point,-2.886148813017055,56.472556177855154,representative_point,high,,unknown,unknown,unreviewed,Historic Environment Scotland,Historic Environment Scotland Listed Buildings spatial data,LB25952,https://portal.historicenvironment.scot/designation/LB25952,2026-09-02T06:42:38.783Z,LB25952 | 234122,Imported from the HES national Listed Buildings spatial data. Statutory listing and location are authoritative; construction-date review remains separate. NRHE record linked by matching point location; review if it represents a distinct asset.,Check the linked source for an explicit date or supported date range; do not infer a construction date from a current map or generic classification.
broughty-ferry-scotland,Broughty Ferry,hes-listed-building:LB25836,"Dunalistair, Hill Street, Broughty Ferry, Dundee","Service Wing, Dunalistair, Hill Street, Broughty Ferry, Dundee",other,Listed Building,Listed Building,parish_evidence,Point,-2.871089405163218,56.470632294311706,representative_point,high,,unknown,unknown,unreviewed,Historic Environment Scotland,Historic Environment Scotland Listed Buildings spatial data,LB25836,https://portal.historicenvironment.scot/designation/LB25836,2026-09-02T06:42:38.783Z,LB25836 | 186123,Imported from the HES national Listed Buildings spatial data. Statutory listing and location are authoritative; construction-date review remains separate. NRHE record linked by matching point location; review if it represents a distinct asset.,Check the linked source for an explicit date or supported date range; do not infer a construction date from a current map or generic classification.
broughty-ferry-scotland,Broughty Ferry,hes-listed-building:LB25872,"East United Free Church Hall, Queen Street, Broughty Ferry, Dundee","East United Free Church, Queen Street, Broughty Ferry, Dundee",other,Listed Building,Listed Building,parish_evidence,Point,-2.8706926300108657,56.46748155519764,representative_point,high,,unknown,unknown,unreviewed,Historic Environment Scotland,Historic Environment Scotland Listed Buildings spatial data,LB25872,https://portal.historicenvironment.scot/designation/LB25872,2026-09-02T06:42:38.783Z,LB25872 | 193079,Imported from the HES national Listed Buildings spatial data. Statutory listing and location are authoritative; construction-date review remains separate. NRHE record linked by matching point location; review if it represents a distinct asset.,Check the linked source for an explicit date or supported date range; do not infer a construction date from a current map or generic classification.
broughty-ferry-scotland,Broughty Ferry,hes-listed-building:LB25887,"Eastern Primary School, 2 Whinny Brae, Broughty Ferry, Dundee",,other,Listed Building,Listed Building,parish_evidence,Point,-2.8683196210532547,56.4680462263264,representative_point,high,,unknown,unknown,unreviewed,Historic Environment Scotland,Historic Environment Scotland Listed Buildings spatial data,LB25887,https://portal.historicenvironment.scot/designation/LB25887,2026-09-02T06:42:38.783Z,LB25887 | 184204,Imported from the HES national Listed Buildings spatial data. Statutory listing and location are authoritative; construction-date review remains separate. NRHE record linked by matching point location; review if it represents a distinct asset.,Check the linked source for an explicit date or supported date range; do not infer a construction date from a current map or generic classification.
broughty-ferry-scotland,Broughty Ferry,hes-listed-building:LB25778,"Enclosing Wall And Gatepiers, 1, 3, 5 Camphill Road, Broughty Ferry, Dundee",,other,Listed Building,Listed Building,parish_evidence,Point,-2.8748383028988385,56.46848561184894,representative_point,high,,unknown,unknown,unreviewed,Historic Environment Scotland,Historic Environment Scotland Listed Buildings spatial data,LB25778,https://portal.historicenvironment.scot/designation/LB25778,2026-09-02T06:42:38.783Z,LB25778 | 232837,Imported from the HES national Listed Buildings spatial data. Statutory listing and location are authoritative; construction-date review remains separate. NRHE record linked by matching point location; review if it represents a distinct asset.,Check the linked source for an explicit date or supported date range; do not infer a construction date from a current map or generic classification.
broughty-ferry-scotland,Broughty Ferry,hes-listed-building:LB25886,"Falcon Lodge, 9 West Queen Street, Broughty Ferry, Dundee",,other,Listed Building,Listed Building,parish_evidence,Point,-2.881970921626784,56.469495296970464,representative_point,high,,unknown,unknown,unreviewed,Historic Environment Scotland,Historic Environment Scotland Listed Buildings spatial data,LB25886,https://portal.historicenvironment.scot/designation/LB25886,2026-09-02T06:42:38.783Z,LB25886 | 238047,Imported from the HES national Listed Buildings spatial data. Statutory listing and location are authoritative; construction-date review remains separate. NRHE record linked by matching point location; review if it represents a distinct asset.,Check the linked source for an explicit date or supported date range; do not infer a construction date from a current map or generic classification.
broughty-ferry-scotland,Broughty Ferry,hes-listed-building:LB25811,"Fisherman's Tavern, 4 Bell's Lane, Dundee",,other,Listed Building,Listed Building,parish_evidence,Point,-2.8769233622181445,56.46529041990118,representative_point,high,,unknown,unknown,unreviewed,Historic Environment Scotland,Historic Environment Scotland Listed Buildings spatial data,LB25811,https://portal.historicenvironment.scot/designation/LB25811,2026-09-02T06:42:38.783Z,LB25811 | 187249,Imported from the HES national Listed Buildings spatial data. Statutory listing and location are authoritative; construction-date review remains separate. NRHE record linked by matching point location; review if it represents a distinct asset.,Check the linked source for an explicit date or supported date range; do not infer a construction date from a current map or generic classification.
broughty-ferry-scotland,Broughty Ferry,hes-listed-building:LB50904,"Former East School, St Aidan's Church Hall, Brook Street",,other,Listed Building,Listed Building,parish_evidence,Point,-2.869608233440155,56.46619540379988,representative_point,high,,unknown,unknown,unreviewed,Historic Environment Scotland,Historic Environment Scotland Listed Buildings spatial data,LB50904,https://portal.historicenvironment.scot/designation/LB50904,2026-09-02T06:42:38.783Z,LB50904 | 371935,Imported from the HES national Listed Buildings spatial data. Statutory listing and location are authoritative; construction-date review remains separate. NRHE record linked by matching point location; review if it represents a distinct asset.,Check the linked source for an explicit date or supported date range; do not infer a construction date from a current map or generic classification.
broughty-ferry-scotland,Broughty Ferry,hes-listed-building:LB25835,"Forthill Cottage, 17, 19 Hill Street, Broughty Ferry, Dundee",,other,Listed Building,Listed Building,parish_evidence,Point,-2.8718369453478543,56.46996220100472,representative_point,high,,unknown,unknown,unreviewed,Historic Environment Scotland,Historic Environment Scotland Listed Buildings spatial data,LB25835,https://portal.historicenvironment.scot/designation/LB25835,2026-09-02T06:42:38.783Z,LB25835 | 233512,Imported from the HES national Listed Buildings spatial data. Statutory listing and location are authoritative; construction-date review remains separate. NRHE record linked by matching point location; review if it represents a distinct asset.,Check the linked source for an explicit date or supported date range; do not infer a construction date from a current map or generic classification.
broughty-ferry-scotland,Broughty Ferry,hes-listed-building:LB25848,"Gall's Cottage, 415 King Street, Broughty Ferry, Dundee",,other,Listed Building,Listed Building,parish_evidence,Point,-2.868804282127632,56.465104937043094,representative_point,high,,unknown,unknown,unreviewed,Historic Environment Scotland,Historic Environment Scotland Listed Buildings spatial data,LB25848,https://portal.historicenvironment.scot/designation/LB25848,2026-09-02T06:42:38.783Z,LB25848 | 233410,Imported from the HES national Listed Buildings spatial data. Statutory listing and location are authoritative; construction-date review remains separate. NRHE record linked by matching point location; review if it represents a distinct asset.,Check the linked source for an explicit date or supported date range; do not infer a construction date from a current map or generic classification.
broughty-ferry-scotland,Broughty Ferry,hes-listed-building:LB25756,"Gowan Lea, 6 Bath Street, Broughty Ferry, Dundee",,other,Listed Building,Listed Building,parish_evidence,Point,-2.8744549905054115,56.46522697481059,representative_point,high,,unknown,unknown,unreviewed,Historic Environment Scotland,Historic Environment Scotland Listed Buildings spatial data,LB25756,https://portal.historicenvironment.scot/designation/LB25756,2026-09-02T06:42:38.783Z,LB25756 | 187592,Imported from the HES national Listed Buildings spatial data. Statutory listing and location are authoritative; construction-date review remains separate. NRHE record linked by matching point location; review if it represents a distinct asset.,Check the linked source for an explicit date or supported date range; do not infer a construction date from a current map or generic classification.
broughty-ferry-scotland,Broughty Ferry,hes-listed-building:LB25789,"Graveyard, Church Street, Broughty Ferry, Dundee",,other,Listed Building,Listed Building,parish_evidence,Point,-2.8796438727425464,56.46572937448768,representative_point,high,,unknown,unknown,unreviewed,Historic Environment Scotland,Historic Environment Scotland Listed Buildings spatial data,LB25789,https://portal.historicenvironment.scot/designation/LB25789,2026-09-02T06:42:38.783Z,LB25789 | 33396,Imported from the HES national Listed Buildings spatial data. Statutory listing and location are authoritative; construction-date review remains separate. NRHE record linked by matching point location; review if it represents a distinct asset.,Check the linked source for an explicit date or supported date range; do not infer a construction date from a current map or generic classification.
broughty-ferry-scotland,Broughty Ferry,hes-listed-building:LB25774,"Grove Academy, Camperdown Street, Broughty Ferry, Dundee",,other,Listed Building,Listed Building,parish_evidence,Point,-2.8803898541854385,56.469910818921726,representative_point,high,,unknown,unknown,unreviewed,Historic Environment Scotland,Historic Environment Scotland Listed Buildings spatial data,LB25774,https://portal.historicenvironment.scot/designation/LB25774,2026-09-02T06:42:38.783Z,LB25774 | 232796,Imported from the HES national Listed Buildings spatial data. Statutory listing and location are authoritative; construction-date review remains separate. NRHE record linked by matching point location; review if it represents a distinct asset.,Check the linked source for an explicit date or supported date range; do not infer a construction date from a current map or generic classification.
broughty-ferry-scotland,Broughty Ferry,hes-listed-building:LB25828,"Harbour, Broughty Ferry",,other,Listed Building,Listed Building,parish_evidence,Point,-2.8718916560960293,56.46385242491969,representative_point,high,,unknown,unknown,unreviewed,Historic Environment Scotland,Historic Environment Scotland Listed Buildings spatial data,LB25828,https://portal.historicenvironment.scot/designation/LB25828,2026-09-02T06:42:38.783Z,LB25828 | 113883,Imported from the HES national Listed Buildings spatial data. Statutory listing and location are authoritative; construction-date review remains separate. NRHE record linked by matching point location; review if it represents a distinct asset.,Check the linked source for an explicit date or supported date range; do not infer a construction date from a current map or generic classification.
broughty-ferry-scotland,Broughty Ferry,hes-listed-building:LB25832,"Hermitage House, 6 Hermitage Road, Broughty Ferry, Dundee",,other,Listed Building,Listed Building,parish_evidence,Point,-2.8699837389455856,56.46842090299142,representative_point,high,,unknown,unknown,unreviewed,Historic Environment Scotland,Historic Environment Scotland Listed Buildings spatial data,LB25832,https://portal.historicenvironment.scot/designation/LB25832,2026-09-02T06:42:38.783Z,LB25832 | 186112,Imported from the HES national Listed Buildings spatial data. Statutory listing and location are authoritative; construction-date review remains separate. NRHE record linked by matching point location; review if it represents a distinct asset.,Check the linked source for an explicit date or supported date range; do not infer a construction date from a current map or generic classification.
broughty-ferry-scotland,Broughty Ferry,hes-listed-building:LB25953,"Hermon Lodge Hotel And Conservatory, 48 Victoria Road, Dundee","Conservatory, Hermon Lodge Hotel, 48 Victoria Road, Dundee",other,Listed Building,Listed Building,parish_evidence,Point,-2.8863247234632055,56.47313890829419,representative_point,high,,unknown,unknown,unreviewed,Historic Environment Scotland,Historic Environment Scotland Listed Buildings spatial data,LB25953,https://portal.historicenvironment.scot/designation/LB25953,2026-09-02T06:42:38.783Z,LB25953 | 191503,Imported from the HES national Listed Buildings spatial data. Statutory listing and location are authoritative; construction-date review remains separate. NRHE record linked by matching point location; review if it represents a distinct asset.,Check the linked source for an explicit date or supported date range; do not infer a construction date from a current map or generic classification.
broughty-ferry-scotland,Broughty Ferry,hes-listed-building:LB25841,"Herschal House, 10 Hill Street, 8A, 8, Broughty Ferry, Dundee",,other,Listed Building,Listed Building,parish_evidence,Point,-2.8727307243909115,56.4693000593254,representative_point,high,,unknown,unknown,unreviewed,Historic Environment Scotland,Historic Environment Scotland Listed Buildings spatial data,LB25841,https://portal.historicenvironment.scot/designation/LB25841,2026-09-02T06:42:38.783Z,LB25841 | 186152,Imported from the HES national Listed Buildings spatial data. Statutory listing and location are authoritative; construction-date review remains separate. NRHE record linked by matching point location; review if it represents a distinct asset.,Check the linked source for an explicit date or supported date range; do not infer a construction date from a current map or generic classification.
broughty-ferry-scotland,Broughty Ferry,hes-listed-building:LB25818,"Hillside, 4 Forthill Road, Dundee",,other,Listed Building,Listed Building,parish_evidence,Point,-2.8748701252942235,56.46986898505024,representative_point,high,,unknown,unknown,unreviewed,Historic Environment Scotland,Historic Environment Scotland Listed Buildings spatial data,LB25818,https://portal.historicenvironment.scot/designation/LB25818,2026-09-02T06:42:38.783Z,LB25818 | 233987,Imported from the HES national Listed Buildings spatial data. Statutory listing and location are authoritative; construction-date review remains separate. NRHE record linked by matching point location; review if it represents a distinct asset.,Check the linked source for an explicit date or supported date range; do not infer a construction date from a current map or generic classification.
broughty-ferry-scotland,Broughty Ferry,hes-listed-building:LB25935,"Inveravon, Ellieslea Road, Dundee","Conservatory, Inveravon, Ellieslea Road, Dundee",other,Listed Building,Listed Building,parish_evidence,Point,-2.892139409477283,56.470509745145414,representative_point,high,,unknown,unknown,unreviewed,Historic Environment Scotland,Historic Environment Scotland Listed Buildings spatial data,LB25935,https://portal.historicenvironment.scot/designation/LB25935,2026-09-02T06:42:38.783Z,LB25935 | 187936,Imported from the HES national Listed Buildings spatial data. Statutory listing and location are authoritative; construction-date review remains separate. NRHE record linked by matching point location; review if it represents a distinct asset.,Check the linked source for an explicit date or supported date range; do not infer a construction date from a current map or generic classification.
broughty-ferry-scotland,Broughty Ferry,hes-listed-building:LB25858,"Jubilee Arch, Reres Park, Monifieth Road, Dundee","Drinking Fountain, Reres Park, Monifieth Road, Dundee",other,Listed Building,Listed Building,parish_evidence,Point,-2.8554493684782916,56.470246921628394,representative_point,high,,unknown,unknown,unreviewed,Historic Environment Scotland,Historic Environment Scotland Listed Buildings spatial data,LB25858,https://portal.historicenvironment.scot/designation/LB25858,2026-09-02T06:42:38.783Z,LB25858 | 186658,Imported from the HES national Listed Buildings spatial data. Statutory listing and location are authoritative; construction-date review remains separate. NRHE record linked by matching point location; review if it represents a distinct asset.,Check the linked source for an explicit date or supported date range; do not infer a construction date from a current map or generic classification.
broughty-ferry-scotland,Broughty Ferry,hes-listed-building:LB25732,"K6 Telephone Kiosk, Beach Crescent, Broughty Ferry, Dundee",,other,Listed Building,Listed Building,parish_evidence,Point,-2.873961574717864,56.46494294907836,representative_point,high,,unknown,unknown,unreviewed,Historic Environment Scotland,Historic Environment Scotland Listed Buildings spatial data,LB25732,https://portal.historicenvironment.scot/designation/LB25732,2026-09-02T06:42:38.783Z,LB25732 | 234680,Imported from the HES national Listed Buildings spatial data. Statutory listing and location are authoritative; construction-date review remains separate. NRHE record linked by matching point location; review if it represents a distinct asset.,Check the linked source for an explicit date or supported date range; do not infer a construction date from a current map or generic classification.
broughty-ferry-scotland,Broughty Ferry,hes-listed-building:LB25851,"Kazarami, 37 Monifieth Road, Broughty Ferry, Dundee",,other,Listed Building,Listed Building,parish_evidence,Point,-2.866600243218739,56.4680941797697,representative_point,high,,unknown,unknown,unreviewed,Historic Environment Scotland,Historic Environment Scotland Listed Buildings spatial data,LB25851,https://portal.historicenvironment.scot/designation/LB25851,2026-09-02T06:42:38.783Z,LB25851 | 186578,Imported from the HES national Listed Buildings spatial data. Statutory listing and location are authoritative; construction-date review remains separate. NRHE record linked by matching point location; review if it represents a distinct asset.,Check the linked source for an explicit date or supported date range; do not infer a construction date from a current map or generic classification.
broughty-ferry-scotland,Broughty Ferry,hes-listed-building:LB25764,"Lamp Standard, Beach Crescent, Broughty Ferry, Dundee",,other,Listed Building,Listed Building,parish_evidence,Point,-2.8726931957159874,56.46483507626034,representative_point,high,,unknown,unknown,unreviewed,Historic Environment Scotland,Historic Environment Scotland Listed Buildings spatial data,LB25764,https://portal.historicenvironment.scot/designation/LB25764,2026-09-02T06:42:38.783Z,LB25764 | 260351,Imported from the HES national Listed Buildings spatial data. Statutory listing and location are authoritative; construction-date review remains separate. NRHE record linked by matching point location; review if it represents a distinct asset.,Check the linked source for an explicit date or supported date range; do not infer a construction date from a current map or generic classification.
broughty-ferry-scotland,Broughty Ferry,hes-listed-building:LB25831,"Lamp Standard, Harbour, Broughty Ferry, Dundee",,other,Listed Building,Listed Building,parish_evidence,Point,-2.870559646953243,56.463798883832204,representative_point,high,,unknown,unknown,unreviewed,Historic Environment Scotland,Historic Environment Scotland Listed Buildings spatial data,LB25831,https://portal.historicenvironment.scot/designation/LB25831,2026-09-02T06:42:38.783Z,LB25831 | 260390,Imported from the HES national Listed Buildings spatial data. Statutory listing and location are authoritative; construction-date review remains separate. NRHE record linked by matching point location; review if it represents a distinct asset.,Check the linked source for an explicit date or supported date range; do not infer a construction date from a current map or generic classification.
broughty-ferry-scotland,Broughty Ferry,hes-listed-building:LB25823,"Level Crossing And Overbridge, Broughty Ferry Station, Dundee",,other,Listed Building,Listed Building,parish_evidence,Point,-2.873272057431984,56.46742749714909,representative_point,high,,unknown,unknown,unreviewed,Historic Environment Scotland,Historic Environment Scotland Listed Buildings spatial data,LB25823,https://portal.historicenvironment.scot/designation/LB25823,2026-09-02T06:42:38.783Z,LB25823 | 142080,Imported from the HES national Listed Buildings spatial data. Statutory listing and location are authoritative; construction-date review remains separate. NRHE record linked by matching point location; review if it represents a distinct asset.,Check the linked source for an explicit date or supported date range; do not infer a construction date from a current map or generic classification.
broughty-ferry-scotland,Broughty Ferry,hes-listed-building:LB25805,"Lifeboat House And Slipway, Fisher Street, Broughty Ferry",,other,Listed Building,Listed Building,parish_evidence,Point,-2.8772252539542857,56.46500977004044,representative_point,high,,unknown,unknown,unreviewed,Historic Environment Scotland,Historic Environment Scotland Listed Buildings spatial data,LB25805,https://portal.historicenvironment.scot/designation/LB25805,2026-09-02T06:42:38.783Z,LB25805 | 169673,Imported from the HES national Listed Buildings spatial data. Statutory listing and location are authoritative; construction-date review remains separate. NRHE record linked by matching point location; review if it represents a distinct asset.,Check the linked source for an explicit date or supported date range; do not infer a construction date from a current map or generic classification.
broughty-ferry-scotland,Broughty Ferry,hes-listed-building:LB25846,"Links House, 357 King Street, Broughty Ferry, Dundee",,other,Listed Building,Listed Building,parish_evidence,Point,-2.870186865352866,56.46523900217511,representative_point,high,,unknown,unknown,unreviewed,Historic Environment Scotland,Historic Environment Scotland Listed Buildings spatial data,LB25846,https://portal.historicenvironment.scot/designation/LB25846,2026-09-02T06:42:38.783Z,LB25846 | 191883,Imported from the HES national Listed Buildings spatial data. Statutory listing and location are authoritative; construction-date review remains separate. NRHE record linked by matching point location; review if it represents a distinct asset.,Check the linked source for an explicit date or supported date range; do not infer a construction date from a current map or generic classification.
broughty-ferry-scotland,Broughty Ferry,hes-listed-building:LB25861,"Lodge And Gatepiers, 94 Monifieth Road, Broughty Ferry, Dundee",,other,Listed Building,Listed Building,parish_evidence,Point,-2.855119531649405,56.47001560039794,representative_point,high,,unknown,unknown,unreviewed,Historic Environment Scotland,Historic Environment Scotland Listed Buildings spatial data,LB25861,https://portal.historicenvironment.scot/designation/LB25861,2026-09-02T06:42:38.783Z,LB25861 | 186663,Imported from the HES national Listed Buildings spatial data. Statutory listing and location are authoritative; construction-date review remains separate. NRHE record linked by matching point location; review if it represents a distinct asset.,Check the linked source for an explicit date or supported date range; do not infer a construction date from a current map or generic classification.
broughty-ferry-scotland,Broughty Ferry,hes-listed-building:LB25910,"Lynefield, 4, 6 Bayfield Road, West Ferry, Dundee",,other,Listed Building,Listed Building,parish_evidence,Point,-2.884434215540964,56.47002581910083,representative_point,high,,unknown,unknown,unreviewed,Historic Environment Scotland,Historic Environment Scotland Listed Buildings spatial data,LB25910,https://portal.historicenvironment.scot/designation/LB25910,2026-09-02T06:42:38.783Z,LB25910 | 238075,Imported from the HES national Listed Buildings spatial data. Statutory listing and location are authoritative; construction-date review remains separate. NRHE record linked by matching point location; review if it represents a distinct asset.,Check the linked source for an explicit date or supported date range; do not infer a construction date from a current map or generic classification.
broughty-ferry-scotland,Broughty Ferry,hes-listed-building:LB25928,"Magdala, 32 Dundee Road, Dundee",,other,Listed Building,Listed Building,parish_evidence,Point,-2.89219273759725,56.46932341914661,representative_point,high,,unknown,unknown,unreviewed,Historic Environment Scotland,Historic Environment Scotland Listed Buildings spatial data,LB25928,https://portal.historicenvironment.scot/designation/LB25928,2026-09-02T06:42:38.783Z,LB25928 | 234098,Imported from the HES national Listed Buildings spatial data. Statutory listing and location are authoritative; construction-date review remains separate. NRHE record linked by matching point location; review if it represents a distinct asset.,Check the linked source for an explicit date or supported date range; do not infer a construction date from a current map or generic classification.
broughty-ferry-scotland,Broughty Ferry,hes-listed-building:LB25772,"Masonic Hall, 150, 152, 154 Brook Street, Broughty Ferry, Dundee",,other,Listed Building,Listed Building,parish_evidence,Point,-2.876662252859818,56.467340708709685,representative_point,high,,unknown,unknown,unreviewed,Historic Environment Scotland,Historic Environment Scotland Listed Buildings spatial data,LB25772,https://portal.historicenvironment.scot/designation/LB25772,2026-09-02T06:42:38.783Z,LB25772 | 232793,Imported from the HES national Listed Buildings spatial data. Statutory listing and location are authoritative; construction-date review remains separate. NRHE record linked by matching point location; review if it represents a distinct asset.,Check the linked source for an explicit date or supported date range; do not infer a construction date from a current map or generic classification.
broughty-ferry-scotland,Broughty Ferry,hes-listed-building:LB25933,"Melford, 4 Duntrune Terrace, Dundee",,other,Listed Building,Listed Building,parish_evidence,Point,-2.888374994127596,56.47334886275494,representative_point,high,,unknown,unknown,unreviewed,Historic Environment Scotland,Historic Environment Scotland Listed Buildings spatial data,LB25933,https://portal.historicenvironment.scot/designation/LB25933,2026-09-02T06:42:38.783Z,LB25933 | 185655,Imported from the HES national Listed Buildings spatial data. Statutory listing and location are authoritative; construction-date review remains separate. NRHE record linked by matching point location; review if it represents a distinct asset.,Check the linked source for an explicit date or supported date range; do not infer a construction date from a current map or generic classification.
broughty-ferry-scotland,Broughty Ferry,hes-listed-building:LB25909,"Motor House, Balmyle, Balmyle Road, Dundee","Balmyle, Balmyle Road, Dundee",other,Listed Building,Listed Building,parish_evidence,Point,-2.891323738052664,56.47033591646401,representative_point,high,,unknown,unknown,unreviewed,Historic Environment Scotland,Historic Environment Scotland Listed Buildings spatial data,LB25909,https://portal.historicenvironment.scot/designation/LB25909,2026-09-02T06:42:38.783Z,LB25909 | 260339,Imported from the HES national Listed Buildings spatial data. Statutory listing and location are authoritative; construction-date review remains separate. NRHE record linked by matching point location; review if it represents a distinct asset.,Check the linked source for an explicit date or supported date range; do not infer a construction date from a current map or generic classification.
broughty-ferry-scotland,Broughty Ferry,hes-listed-building:LB25881,"Mount Rosa, 45 Seafield Road, Broughty Ferry, Dundee","Conservatory, Mount Rosa, 45 Seafield Road, Broughty Ferry, Dundee",other,Listed Building,Listed Building,parish_evidence,Point,-2.878510436373493,56.472871017417866,representative_point,high,,unknown,unknown,unreviewed,Historic Environment Scotland,Historic Environment Scotland Listed Buildings spatial data,LB25881,https://portal.historicenvironment.scot/designation/LB25881,2026-09-02T06:42:38.783Z,LB25881 | 185574,Imported from the HES national Listed Buildings spatial data. Statutory listing and location are authoritative; construction-date review remains separate. NRHE record linked by matching point location; review if it represents a distinct asset.,Check the linked source for an explicit date or supported date range; do not infer a construction date from a current map or generic classification.
broughty-ferry-scotland,Broughty Ferry,hes-listed-building:LB25771,"Municipal Buildings, 132-134 Brook Street, Broughty Ferry, Dundee",,other,Listed Building,Listed Building,parish_evidence,Point,-2.877394581663993,56.46742537837268,representative_point,high,,unknown,unknown,unreviewed,Historic Environment Scotland,Historic Environment Scotland Listed Buildings spatial data,LB25771,https://portal.historicenvironment.scot/designation/LB25771,2026-09-02T06:42:38.783Z,LB25771 | 232813,Imported from the HES national Listed Buildings spatial data. Statutory listing and location are authoritative; construction-date review remains separate. NRHE record linked by matching point location; review if it represents a distinct asset.,Check the linked source for an explicit date or supported date range; do not infer a construction date from a current map or generic classification.
broughty-ferry-scotland,Broughty Ferry,hes-listed-building:LB25949,"Northwood Lodge, 116 Strathern Road, Broughty Ferry, Dundee",,other,Listed Building,Listed Building,parish_evidence,Point,-2.888409414156895,56.47273767678556,representative_point,high,,unknown,unknown,unreviewed,Historic Environment Scotland,Historic Environment Scotland Listed Buildings spatial data,LB25949,https://portal.historicenvironment.scot/designation/LB25949,2026-09-02T06:42:38.783Z,LB25949 | 234125,Imported from the HES national Listed Buildings spatial data. Statutory listing and location are authoritative; construction-date review remains separate. NRHE record linked by matching point location; review if it represents a distinct asset.,Check the linked source for an explicit date or supported date range; do not infer a construction date from a current map or generic classification.
broughty-ferry-scotland,Broughty Ferry,hes-listed-building:LB25948,"Northwood, 118 Strathern Road, Broughty Ferry, Dundee",,other,Listed Building,Listed Building,parish_evidence,Point,-2.889506131759007,56.4724333375361,representative_point,high,,unknown,unknown,unreviewed,Historic Environment Scotland,Historic Environment Scotland Listed Buildings spatial data,LB25948,https://portal.historicenvironment.scot/designation/LB25948,2026-09-02T06:42:38.783Z,LB25948 | 185303,Imported from the HES national Listed Buildings spatial data. Statutory listing and location are authoritative; construction-date review remains separate. NRHE record linked by matching point location; review if it represents a distinct asset.,Check the linked source for an explicit date or supported date range; do not infer a construction date from a current map or generic classification.
broughty-ferry-scotland,Broughty Ferry,hes-listed-building:LB25871,"Post Office, 218 Queen Street, Broughty Ferry, Dundee",,other,Listed Building,Listed Building,parish_evidence,Point,-2.875886530049039,56.46819071879118,representative_point,high,,unknown,unknown,unreviewed,Historic Environment Scotland,Historic Environment Scotland Listed Buildings spatial data,LB25871,https://portal.historicenvironment.scot/designation/LB25871,2026-09-02T06:42:38.783Z,LB25871 | 234651,Imported from the HES national Listed Buildings spatial data. Statutory listing and location are authoritative; construction-date review remains separate. NRHE record linked by matching point location; review if it represents a distinct asset.,Check the linked source for an explicit date or supported date range; do not infer a construction date from a current map or generic classification.
broughty-ferry-scotland,Broughty Ferry,hes-listed-building:LB25869,"Public Library, Queen Street, Broughty Ferry, Dundee",,other,Listed Building,Listed Building,parish_evidence,Point,-2.8735219434173263,56.468414022831496,representative_point,high,,unknown,unknown,unreviewed,Historic Environment Scotland,Historic Environment Scotland Listed Buildings spatial data,LB25869,https://portal.historicenvironment.scot/designation/LB25869,2026-09-02T06:42:38.783Z,LB25869 | 184811,Imported from the HES national Listed Buildings spatial data. Statutory listing and location are authoritative; construction-date review remains separate. NRHE record linked by matching point location; review if it represents a distinct asset.,Check the linked source for an explicit date or supported date range; do not infer a construction date from a current map or generic classification.
broughty-ferry-scotland,Broughty Ferry,hes-listed-building:LB25806,"Quay And Pier, Fisher Street, Broughty Ferry, Dundee",,other,Listed Building,Listed Building,parish_evidence,Point,-2.875351507481614,56.46469057554694,representative_point,high,,unknown,unknown,unreviewed,Historic Environment Scotland,Historic Environment Scotland Listed Buildings spatial data,LB25806,https://portal.historicenvironment.scot/designation/LB25806,2026-09-02T06:42:38.783Z,LB25806 | 233887,Imported from the HES national Listed Buildings spatial data. Statutory listing and location are authoritative; construction-date review remains separate. NRHE record linked by matching point location; review if it represents a distinct asset.,Check the linked source for an explicit date or supported date range; do not infer a construction date from a current map or generic classification.
broughty-ferry-scotland,Broughty Ferry,hes-listed-building:LB25873,"Queen Street Church, Camphill Road, Broughty Ferry, Dundee",,other,Listed Building,Listed Building,parish_evidence,Point,-2.874511049244576,56.46837112066462,representative_point,high,,unknown,unknown,unreviewed,Historic Environment Scotland,Historic Environment Scotland Listed Buildings spatial data,LB25873,https://portal.historicenvironment.scot/designation/LB25873,2026-09-02T06:42:38.783Z,LB25873 | 176560,Imported from the HES national Listed Buildings spatial data. Statutory listing and location are authoritative; construction-date review remains separate. NRHE record linked by matching point location; review if it represents a distinct asset.,Check the linked source for an explicit date or supported date range; do not infer a construction date from a current map or generic classification.
broughty-ferry-scotland,Broughty Ferry,hes-listed-building:LB25911,"Railway Footbridge, Beach Lane, West Ferry, Dundee",,other,Listed Building,Listed Building,parish_evidence,Point,-2.891870278179017,56.46872378059671,representative_point,high,,unknown,unknown,unreviewed,Historic Environment Scotland,Historic Environment Scotland Listed Buildings spatial data,LB25911,https://portal.historicenvironment.scot/designation/LB25911,2026-09-02T06:42:38.783Z,LB25911 | 234563,Imported from the HES national Listed Buildings spatial data. Statutory listing and location are authoritative; construction-date review remains separate. NRHE record linked by matching point location; review if it represents a distinct asset.,Check the linked source for an explicit date or supported date range; do not infer a construction date from a current map or generic classification.
broughty-ferry-scotland,Broughty Ferry,hes-listed-building:LB25919,"Railway Roadbridge, Douglas Terrace, West Ferry, Dundee",,other,Listed Building,Listed Building,parish_evidence,Point,-2.8873627466984386,56.46892678944383,representative_point,high,,unknown,unknown,unreviewed,Historic Environment Scotland,Historic Environment Scotland Listed Buildings spatial data,LB25919,https://portal.historicenvironment.scot/designation/LB25919,2026-09-02T06:42:38.783Z,LB25919 | 233276,Imported from the HES national Listed Buildings spatial data. Statutory listing and location are authoritative; construction-date review remains separate. NRHE record linked by matching point location; review if it represents a distinct asset.,Check the linked source for an explicit date or supported date range; do not infer a construction date from a current map or generic classification.
broughty-ferry-scotland,Broughty Ferry,hes-listed-building:LB25820,"Red Cottage, 80 Forthill Road, Dundee",,other,Listed Building,Listed Building,parish_evidence,Point,-2.8740316572193794,56.474349120103035,representative_point,high,,unknown,unknown,unreviewed,Historic Environment Scotland,Historic Environment Scotland Listed Buildings spatial data,LB25820,https://portal.historicenvironment.scot/designation/LB25820,2026-09-02T06:42:38.783Z,LB25820 | 193363,Imported from the HES national Listed Buildings spatial data. Statutory listing and location are authoritative; construction-date review remains separate. NRHE record linked by matching point location; review if it represents a distinct asset.,Check the linked source for an explicit date or supported date range; do not infer a construction date from a current map or generic classification.
broughty-ferry-scotland,Broughty Ferry,hes-listed-building:LB25857,"Reres Hill Park Lodge, 101 Monifieth Road, Dundee",,other,Listed Building,Listed Building,parish_evidence,Point,-2.857018949818459,56.47002945411882,representative_point,high,,unknown,unknown,unreviewed,Historic Environment Scotland,Historic Environment Scotland Listed Buildings spatial data,LB25857,https://portal.historicenvironment.scot/designation/LB25857,2026-09-02T06:42:38.783Z,LB25857 | 238035,Imported from the HES national Listed Buildings spatial data. Statutory listing and location are authoritative; construction-date review remains separate. NRHE record linked by matching point location; review if it represents a distinct asset.,Check the linked source for an explicit date or supported date range; do not infer a construction date from a current map or generic classification.
broughty-ferry-scotland,Broughty Ferry,hes-listed-building:LB25876,"Reres House, Reres Road, Dundee",,other,Listed Building,Listed Building,parish_evidence,Point,-2.8631906285262123,56.469474580144094,representative_point,high,,unknown,unknown,unreviewed,Historic Environment Scotland,Historic Environment Scotland Listed Buildings spatial data,LB25876,https://portal.historicenvironment.scot/designation/LB25876,2026-09-02T06:42:38.783Z,LB25876 | 184945,Imported from the HES national Listed Buildings spatial data. Statutory listing and location are authoritative; construction-date review remains separate. NRHE record linked by matching point location; review if it represents a distinct asset.,Check the linked source for an explicit date or supported date range; do not infer a construction date from a current map or generic classification.
broughty-ferry-scotland,Broughty Ferry,hes-listed-building:LB25855,"Reres Lodge, 71 Monifieth Road, Dundee",,other,Listed Building,Listed Building,parish_evidence,Point,-2.862800652782005,56.4687405715772,representative_point,high,,unknown,unknown,unreviewed,Historic Environment Scotland,Historic Environment Scotland Listed Buildings spatial data,LB25855,https://portal.historicenvironment.scot/designation/LB25855,2026-09-02T06:42:38.783Z,LB25855 | 184947,Imported from the HES national Listed Buildings spatial data. Statutory listing and location are authoritative; construction-date review remains separate. NRHE record linked by matching point location; review if it represents a distinct asset.,Check the linked source for an explicit date or supported date range; do not infer a construction date from a current map or generic classification.
broughty-ferry-scotland,Broughty Ferry,hes-listed-building:LB25874,"Rock-Knowe, 41 Reres Road, Broughty Ferry, Dundee",,other,Listed Building,Listed Building,parish_evidence,Point,-2.8579117211340317,56.47146977244326,representative_point,high,,unknown,unknown,unreviewed,Historic Environment Scotland,Historic Environment Scotland Listed Buildings spatial data,LB25874,https://portal.historicenvironment.scot/designation/LB25874,2026-09-02T06:42:38.783Z,LB25874,Imported from the HES national Listed Buildings spatial data. Statutory listing and location are authoritative; construction-date review remains separate.,Check the linked source for an explicit date or supported date range; do not infer a construction date from a current map or generic classification.
broughty-ferry-scotland,Broughty Ferry,hes-listed-building:LB25884,"Roman Catholic Church Of Our Lady Of Good Counsel, Westfield Road, Broughty Ferry, Dundee",,other,Listed Building,Listed Building,parish_evidence,Point,-2.8810758281921673,56.46729148967283,representative_point,high,,unknown,unknown,unreviewed,Historic Environment Scotland,Historic Environment Scotland Listed Buildings spatial data,LB25884,https://portal.historicenvironment.scot/designation/LB25884,2026-09-02T06:42:38.783Z,LB25884 | 187769,Imported from the HES national Listed Buildings spatial data. Statutory listing and location are authoritative; construction-date review remains separate. NRHE record linked by matching point location; review if it represents a distinct asset.,Check the linked source for an explicit date or supported date range; do not infer a construction date from a current map or generic classification.
broughty-ferry-scotland,Broughty Ferry,hes-listed-building:LB25819,"Rosemount, 6-8 Forthill Road, Dundee",,other,Listed Building,Listed Building,parish_evidence,Point,-2.874539024817761,56.47029358489458,representative_point,high,,unknown,unknown,unreviewed,Historic Environment Scotland,Historic Environment Scotland Listed Buildings spatial data,LB25819,https://portal.historicenvironment.scot/designation/LB25819,2026-09-02T06:42:38.783Z,LB25819 | 185768,Imported from the HES national Listed Buildings spatial data. Statutory listing and location are authoritative; construction-date review remains separate. NRHE record linked by matching point location; review if it represents a distinct asset.,Check the linked source for an explicit date or supported date range; do not infer a construction date from a current map or generic classification.
broughty-ferry-scotland,Broughty Ferry,hes-listed-building:LB25929,"Royal Tay Yacht Club, Fort William, 34 Dundee Road",,other,Listed Building,Listed Building,parish_evidence,Point,-2.890975163565282,56.469314195769584,representative_point,high,,unknown,unknown,unreviewed,Historic Environment Scotland,Historic Environment Scotland Listed Buildings spatial data,LB25929,https://portal.historicenvironment.scot/designation/LB25929,2026-09-02T06:42:38.783Z,LB25929,Imported from the HES national Listed Buildings spatial data. Statutory listing and location are authoritative; construction-date review remains separate.,Check the linked source for an explicit date or supported date range; do not infer a construction date from a current map or generic classification.
broughty-ferry-scotland,Broughty Ferry,hes-listed-building:LB25888,"Roycroft, 31 Yewbank Avenue, Broughty Ferry, Dundee",,other,Listed Building,Listed Building,parish_evidence,Point,-2.8578673607654674,56.46878374873935,representative_point,high,,unknown,unknown,unreviewed,Historic Environment Scotland,Historic Environment Scotland Listed Buildings spatial data,LB25888,https://portal.historicenvironment.scot/designation/LB25888,2026-09-02T06:42:38.783Z,LB25888 | 238052,Imported from the HES national Listed Buildings spatial data. Statutory listing and location are authoritative; construction-date review remains separate. NRHE record linked by matching point location; review if it represents a distinct asset.,Check the linked source for an explicit date or supported date range; do not infer a construction date from a current map or generic classification.
broughty-ferry-scotland,Broughty Ferry,hes-listed-building:LB25862,"Seabourne Lodge, 96 Monifieth Road, Broughty Ferry, Dundee",,other,Listed Building,Listed Building,parish_evidence,Point,-2.8548448474467905,56.470071398642126,representative_point,high,,unknown,unknown,unreviewed,Historic Environment Scotland,Historic Environment Scotland Listed Buildings spatial data,LB25862,https://portal.historicenvironment.scot/designation/LB25862,2026-09-02T06:42:38.783Z,LB25862 | 234426,Imported from the HES national Listed Buildings spatial data. Statutory listing and location are authoritative; construction-date review remains separate. NRHE record linked by matching point location; review if it represents a distinct asset.,Check the linked source for an explicit date or supported date range; do not infer a construction date from a current map or generic classification.
broughty-ferry-scotland,Broughty Ferry,hes-listed-building:LB25773,"St Aidan's Church, 408 Brook Street, Broughty Ferry, Dundee",,other,Listed Building,Listed Building,parish_evidence,Point,-2.86911915146199,56.466100000963024,representative_point,high,,unknown,unknown,unreviewed,Historic Environment Scotland,Historic Environment Scotland Listed Buildings spatial data,LB25773,https://portal.historicenvironment.scot/designation/LB25773,2026-09-02T06:42:38.783Z,LB25773 | 185798,Imported from the HES national Listed Buildings spatial data. Statutory listing and location are authoritative; construction-date review remains separate. NRHE record linked by matching point location; review if it represents a distinct asset.,Check the linked source for an explicit date or supported date range; do not infer a construction date from a current map or generic classification.
broughty-ferry-scotland,Broughty Ferry,hes-listed-building:LB25807,"St James's Church & Hall, 5 Fort Street, Broughty Ferry, Dundee",,other,Listed Building,Listed Building,parish_evidence,Point,-2.87757638192624,56.465456508323925,representative_point,high,,unknown,unknown,unreviewed,Historic Environment Scotland,Historic Environment Scotland Listed Buildings spatial data,LB25807,https://portal.historicenvironment.scot/designation/LB25807,2026-09-02T06:42:38.783Z,LB25807,Imported from the HES national Listed Buildings spatial data. Statutory listing and location are authoritative; construction-date review remains separate.,Check the linked source for an explicit date or supported date range; do not infer a construction date from a current map or generic classification.
broughty-ferry-scotland,Broughty Ferry,hes-listed-building:LB25885,"St Luke's And Queen Street Church, West Queen Street, Broughty Ferry, Dundee",,other,Listed Building,Listed Building,parish_evidence,Point,-2.8832521637059796,56.469450249206055,representative_point,high,,unknown,unknown,unreviewed,Historic Environment Scotland,Historic Environment Scotland Listed Buildings spatial data,LB25885,https://portal.historicenvironment.scot/designation/LB25885,2026-09-02T06:42:38.783Z,LB25885 | 184814,Imported from the HES national Listed Buildings spatial data. Statutory listing and location are authoritative; construction-date review remains separate. NRHE record linked by matching point location; review if it represents a distinct asset.,Check the linked source for an explicit date or supported date range; do not infer a construction date from a current map or generic classification.
broughty-ferry-scotland,Broughty Ferry,hes-listed-building:LB25833,"St Margaret's, 1 Hill Street, Broughty Ferry, Dundee",,other,Listed Building,Listed Building,parish_evidence,Point,-2.874593405734779,56.46983499746873,representative_point,high,,unknown,unknown,unreviewed,Historic Environment Scotland,Historic Environment Scotland Listed Buildings spatial data,LB25833,https://portal.historicenvironment.scot/designation/LB25833,2026-09-02T06:42:38.783Z,LB25833 | 233843,Imported from the HES national Listed Buildings spatial data. Statutory listing and location are authoritative; construction-date review remains separate. NRHE record linked by matching point location; review if it represents a distinct asset.,Check the linked source for an explicit date or supported date range; do not infer a construction date from a current map or generic classification.
broughty-ferry-scotland,Broughty Ferry,hes-listed-building:LB25870,"St Mary's Episcopal Church, 164 Queen Street, Broughty Ferry, Dundee",,other,Listed Building,Listed Building,parish_evidence,Point,-2.8769442685340088,56.4683090321344,representative_point,high,,unknown,unknown,unreviewed,Historic Environment Scotland,Historic Environment Scotland Listed Buildings spatial data,LB25870,https://portal.historicenvironment.scot/designation/LB25870,2026-09-02T06:42:38.783Z,LB25870 | 183255,Imported from the HES national Listed Buildings spatial data. Statutory listing and location are authoritative; construction-date review remains separate. NRHE record linked by matching point location; review if it represents a distinct asset.,Check the linked source for an explicit date or supported date range; do not infer a construction date from a current map or generic classification.
broughty-ferry-scotland,Broughty Ferry,hes-listed-building:LB25930,"St Roque's Cottage, 62 Dundee Road, Dundee","West Ferry Post Office, 62A Dundee Road, Dundee",other,Listed Building,Listed Building,parish_evidence,Point,-2.888212505603889,56.46917227537697,representative_point,high,,unknown,unknown,unreviewed,Historic Environment Scotland,Historic Environment Scotland Listed Buildings spatial data,LB25930,https://portal.historicenvironment.scot/designation/LB25930,2026-09-02T06:42:38.783Z,LB25930 | 234095,Imported from the HES national Listed Buildings spatial data. Statutory listing and location are authoritative; construction-date review remains separate. NRHE record linked by matching point location; review if it represents a distinct asset.,Check the linked source for an explicit date or supported date range; do not infer a construction date from a current map or generic classification.
broughty-ferry-scotland,Broughty Ferry,hes-listed-building:LB25775,"St Stephen's And West Manse, 33 Camperdown Street, Broughty Ferry, Dundee",,other,Listed Building,Listed Building,parish_evidence,Point,-2.8765891576195943,56.46980295101057,representative_point,high,,unknown,unknown,unreviewed,Historic Environment Scotland,Historic Environment Scotland Listed Buildings spatial data,LB25775,https://portal.historicenvironment.scot/designation/LB25775,2026-09-02T06:42:38.783Z,LB25775 | 232797,Imported from the HES national Listed Buildings spatial data. Statutory listing and location are authoritative; construction-date review remains separate. NRHE record linked by matching point location; review if it represents a distinct asset.,Check the linked source for an explicit date or supported date range; do not infer a construction date from a current map or generic classification.
broughty-ferry-scotland,Broughty Ferry,hes-listed-building:LB25932,"St Stephen's Church, 96 Dundee Road, Broughty Ferry, Dundee",,other,Listed Building,Listed Building,parish_evidence,Point,-2.881806724645489,56.468014036471786,representative_point,high,,unknown,unknown,unreviewed,Historic Environment Scotland,Historic Environment Scotland Listed Buildings spatial data,LB25932,https://portal.historicenvironment.scot/designation/LB25932,2026-09-02T06:42:38.783Z,LB25932 | 186095,Imported from the HES national Listed Buildings spatial data. Statutory listing and location are authoritative; construction-date review remains separate. NRHE record linked by matching point location; review if it represents a distinct asset.,Check the linked source for an explicit date or supported date range; do not infer a construction date from a current map or generic classification.
broughty-ferry-scotland,Broughty Ferry,hes-listed-building:LB25817,"Stable And Coach House, Ayrebrayde, 21, 23, 25 Forthill Road, Dundee","Ayrebrayde, 21, 23, 25 Forthill Road, Dundee",other,Listed Building,Listed Building,parish_evidence,Point,-2.8752403950552585,56.47326247660403,representative_point,high,,unknown,unknown,unreviewed,Historic Environment Scotland,Historic Environment Scotland Listed Buildings spatial data,LB25817,https://portal.historicenvironment.scot/designation/LB25817,2026-09-02T06:42:38.783Z,LB25817 | 260340,Imported from the HES national Listed Buildings spatial data. Statutory listing and location are authoritative; construction-date review remains separate. NRHE record linked by matching point location; review if it represents a distinct asset.,Check the linked source for an explicit date or supported date range; do not infer a construction date from a current map or generic classification.
broughty-ferry-scotland,Broughty Ferry,hes-listed-building:LB25830,"Submarine Mining Station, Broughty Ferry",,other,Listed Building,Listed Building,parish_evidence,Point,-2.8693147355517548,56.46329549836776,representative_point,high,,unknown,unknown,unreviewed,Historic Environment Scotland,Historic Environment Scotland Listed Buildings spatial data,LB25830,https://portal.historicenvironment.scot/designation/LB25830,2026-09-02T06:42:38.783Z,LB25830 | 161640,Imported from the HES national Listed Buildings spatial data. Statutory listing and location are authoritative; construction-date review remains separate. NRHE record linked by matching point location; review if it represents a distinct asset.,Check the linked source for an explicit date or supported date range; do not infer a construction date from a current map or generic classification.
broughty-ferry-scotland,Broughty Ferry,hes-listed-building:LB25908,"Taymount, Albert Road, Dundee","Summer House, Taymount, Albert Road, Dundee",other,Listed Building,Listed Building,parish_evidence,Point,-2.8817514569614757,56.47123084609877,representative_point,high,,unknown,unknown,unreviewed,Historic Environment Scotland,Historic Environment Scotland Listed Buildings spatial data,LB25908,https://portal.historicenvironment.scot/designation/LB25908,2026-09-02T06:42:38.783Z,LB25908 | 187935,Imported from the HES national Listed Buildings spatial data. Statutory listing and location are authoritative; construction-date review remains separate. NRHE record linked by matching point location; review if it represents a distinct asset.,Check the linked source for an explicit date or supported date range; do not infer a construction date from a current map or generic classification.
broughty-ferry-scotland,Broughty Ferry,hes-listed-building:LB25786,"The Bughties, 76 Camphill Road, Broughty Ferry, Dundee",,other,Listed Building,Listed Building,parish_evidence,Point,-2.8614351567051237,56.47079849549344,representative_point,high,,unknown,unknown,unreviewed,Historic Environment Scotland,Historic Environment Scotland Listed Buildings spatial data,LB25786,https://portal.historicenvironment.scot/designation/LB25786,2026-09-02T06:42:38.783Z,LB25786 | 175186,Imported from the HES national Listed Buildings spatial data. Statutory listing and location are authoritative; construction-date review remains separate. NRHE record linked by matching point location; review if it represents a distinct asset.,Check the linked source for an explicit date or supported date range; do not infer a construction date from a current map or generic classification.
broughty-ferry-scotland,Broughty Ferry,hes-listed-building:LB25844,"The Eagle Inn, 157-159 King Street, Broughty Ferry, Dundee","The Eagle Inn, 155 King Street, Broughty Ferry, Dundee",other,Listed Building,Listed Building,parish_evidence,Point,-2.876390890852457,56.466129730400894,representative_point,high,,unknown,unknown,unreviewed,Historic Environment Scotland,Historic Environment Scotland Listed Buildings spatial data,LB25844,https://portal.historicenvironment.scot/designation/LB25844,2026-09-02T06:42:38.783Z,LB25844 | 260344,Imported from the HES national Listed Buildings spatial data. Statutory listing and location are authoritative; construction-date review remains separate. NRHE record linked by matching point location; review if it represents a distinct asset.,Check the linked source for an explicit date or supported date range; do not infer a construction date from a current map or generic classification.
broughty-ferry-scotland,Broughty Ferry,hes-listed-building:LB25882,"The Pines, 38 Seafield Road, Broughty Ferry",,other,Listed Building,Listed Building,parish_evidence,Point,-2.8772161583194933,56.47305985820408,representative_point,medium,,unknown,unknown,unreviewed,Historic Environment Scotland,Historic Environment Scotland Listed Buildings spatial data,LB25882,https://portal.historicenvironment.scot/designation/LB25882,2026-09-02T06:42:38.783Z,LB25882,Imported from the HES national Listed Buildings spatial data. Statutory listing and location are authoritative; construction-date review remains separate.,Check the linked source for an explicit date or supported date range; do not infer a construction date from a current map or generic classification.
broughty-ferry-scotland,Broughty Ferry,hes-listed-building:LB25837,"Vc House, Dunalistair Garden, Broughty Ferry, Dundee",,other,Listed Building,Listed Building,parish_evidence,Point,-2.8704880964924877,56.47060057494575,representative_point,high,,unknown,unknown,unreviewed,Historic Environment Scotland,Historic Environment Scotland Listed Buildings spatial data,LB25837,https://portal.historicenvironment.scot/designation/LB25837,2026-09-02T06:42:38.783Z,LB25837 | 238043,Imported from the HES national Listed Buildings spatial data. Statutory listing and location are authoritative; construction-date review remains separate. NRHE record linked by matching point location; review if it represents a distinct asset.,Check the linked source for an explicit date or supported date range; do not infer a construction date from a current map or generic classification.
broughty-ferry-scotland,Broughty Ferry,hes-listed-building:LB25859,"Walnut Cottage, 14 Monifieth Road, Broughty Ferry, Dundee",,other,Listed Building,Listed Building,parish_evidence,Point,-2.868143190318289,56.467427537149646,representative_point,high,,unknown,unknown,unreviewed,Historic Environment Scotland,Historic Environment Scotland Listed Buildings spatial data,LB25859,https://portal.historicenvironment.scot/designation/LB25859,2026-09-02T06:42:38.783Z,LB25859 | 234431,Imported from the HES national Listed Buildings spatial data. Statutory listing and location are authoritative; construction-date review remains separate. NRHE record linked by matching point location; review if it represents a distinct asset.,Check the linked source for an explicit date or supported date range; do not infer a construction date from a current map or generic classification.
broughty-ferry-scotland,Broughty Ferry,hes-listed-building:LB25809,"Wellwood, 63 Fort Street, Broughty Ferry, Dundee",,other,Listed Building,Listed Building,parish_evidence,Point,-2.876760110738443,56.46665720281689,representative_point,high,,unknown,unknown,unreviewed,Historic Environment Scotland,Historic Environment Scotland Listed Buildings spatial data,LB25809,https://portal.historicenvironment.scot/designation/LB25809,2026-09-02T06:42:38.783Z,LB25809 | 234011,Imported from the HES national Listed Buildings spatial data. Statutory listing and location are authoritative; construction-date review remains separate. NRHE record linked by matching point location; review if it represents a distinct asset.,Check the linked source for an explicit date or supported date range; do not infer a construction date from a current map or generic classification.
broughty-ferry-scotland,Broughty Ferry,hes-listed-building:LB25781,"Woodknowe, 40 Camphill Road, Broughty Ferry, Dundee",,other,Listed Building,Listed Building,parish_evidence,Point,-2.868554180008815,56.46907779060633,representative_point,high,,unknown,unknown,unreviewed,Historic Environment Scotland,Historic Environment Scotland Listed Buildings spatial data,LB25781,https://portal.historicenvironment.scot/designation/LB25781,2026-09-02T06:42:38.783Z,LB25781 | 232824,Imported from the HES national Listed Buildings spatial data. Statutory listing and location are authoritative; construction-date review remains separate. NRHE record linked by matching point location; review if it represents a distinct asset.,Check the linked source for an explicit date or supported date range; do not infer a construction date from a current map or generic classification.
broughty-ferry-scotland,Broughty Ferry,hes-listed-building:LB25767,"YMCA Gymnasium, 151 Brook Street, Broughty Ferry, Dundee",,other,Listed Building,Listed Building,parish_evidence,Point,-2.877212691474493,56.46798369696615,representative_point,medium,,unknown,unknown,unreviewed,Historic Environment Scotland,Historic Environment Scotland Listed Buildings spatial data,LB25767,https://portal.historicenvironment.scot/designation/LB25767,2026-09-02T06:42:38.783Z,LB25767,Imported from the HES national Listed Buildings spatial data. Statutory listing and location are authoritative; construction-date review remains separate.,Check the linked source for an explicit date or supported date range; do not infer a construction date from a current map or generic classification.
broughty-ferry-scotland,Broughty Ferry,hes-listed-building:LB25766,"YMCA Main Block, 151 Brook Street, Broughty Ferry, Dundee",,other,Listed Building,Listed Building,parish_evidence,Point,-2.877400384010635,56.46767690066834,representative_point,medium,,unknown,unknown,unreviewed,Historic Environment Scotland,Historic Environment Scotland Listed Buildings spatial data,LB25766,https://portal.historicenvironment.scot/designation/LB25766,2026-09-02T06:42:38.783Z,LB25766,Imported from the HES national Listed Buildings spatial data. Statutory listing and location are authoritative; construction-date review remains separate.,Check the linked source for an explicit date or supported date range; do not infer a construction date from a current map or generic classification.
