project_id,town,feature_id,feature_name,alternative_names,feature_type,designation_type,statutory_status,evidence_scope,geometry_type,longitude,latitude,location_type,location_confidence,current_date_text,current_date_basis,current_date_confidence,published_review_status,primary_source_organisation,primary_source_name,primary_source_record_id,primary_source_url,source_accessed_at,all_source_record_ids,review_notes,review_action
culross-scotland,Culross,nrhe:288092,"BLAIR CASTLE, FORMAL GARDEN", ,archaeological_site,NRHE / trove.scot record,,parish_evidence,Point,-3.657489957364639,56.05415247143505,site_centroid,medium,Included in the authoritative NRHE Mapping data snapshot (2025); construction date not established,present_by,low,unreviewed,Historic Environment Scotland,Historic Environment Scotland NRHE / trove.scot Points GIS,288092,https://www.trove.scot/place/288092,2026-07-30T09:59:02.835Z,288092,Imported from the official NRHE spatial index. This GIS record does not provide a construction date; review the linked trove.scot record before adding timeline evidence. Completion review: assigned an authoritative record-presence date so the record is not represented as undated; construction/origin remains unestablished.,Check the linked source for an explicit date or supported date range; do not infer a construction date from a current map or generic classification.
culross-scotland,Culross,nrhe:162413,BLAIRBURN, ,archaeological_site,NRHE / trove.scot record,,parish_evidence,Point,-3.6438573816811446,56.05417311969502,site_centroid,medium,Included in the authoritative NRHE Mapping data snapshot (2025); construction date not established,present_by,low,unreviewed,Historic Environment Scotland,Historic Environment Scotland NRHE / trove.scot Points GIS,162413,https://www.trove.scot/place/162413,2026-07-30T09:59:02.835Z,162413,Imported from the official NRHE spatial index. This GIS record does not provide a construction date; review the linked trove.scot record before adding timeline evidence. Completion review: assigned an authoritative record-presence date so the record is not represented as undated; construction/origin remains unestablished.,Check the linked source for an explicit date or supported date range; do not infer a construction date from a current map or generic classification.
culross-scotland,Culross,nrhe:92046,"BLAIRBURN, GENERAL", ,archaeological_site,NRHE / trove.scot record,,parish_evidence,Point,-3.639241232268099,56.05513312212731,site_centroid,medium,Included in the authoritative NRHE Mapping data snapshot (2025); construction date not established,present_by,low,unreviewed,Historic Environment Scotland,Historic Environment Scotland NRHE / trove.scot Points GIS,92046,https://www.trove.scot/place/92046,2026-07-30T09:59:02.835Z,92046,Imported from the official NRHE spatial index. This GIS record does not provide a construction date; review the linked trove.scot record before adding timeline evidence. Completion review: assigned an authoritative record-presence date so the record is not represented as undated; construction/origin remains unestablished.,Check the linked source for an explicit date or supported date range; do not infer a construction date from a current map or generic classification.
culross-scotland,Culross,nrhe:124583,BLAIRHALL, ,archaeological_site,NRHE / trove.scot record,,parish_evidence,Point,-3.615816614354034,56.070987525014836,site_centroid,medium,Included in the authoritative NRHE Mapping data snapshot (2025); construction date not established,present_by,low,unreviewed,Historic Environment Scotland,Historic Environment Scotland NRHE / trove.scot Points GIS,124583,https://www.trove.scot/place/124583,2026-07-30T09:59:02.835Z,124583,Imported from the official NRHE spatial index. This GIS record does not provide a construction date; review the linked trove.scot record before adding timeline evidence. Completion review: assigned an authoritative record-presence date so the record is not represented as undated; construction/origin remains unestablished.,Check the linked source for an explicit date or supported date range; do not infer a construction date from a current map or generic classification.
culross-scotland,Culross,nrhe:131017,BLAIRHALL COLLIERY, ,archaeological_site,NRHE / trove.scot record,,parish_evidence,Point,-3.6024743455586274,56.078529810039164,site_centroid,medium,Included in the authoritative NRHE Mapping data snapshot (2025); construction date not established,present_by,low,unreviewed,Historic Environment Scotland,Historic Environment Scotland NRHE / trove.scot Points GIS,131017,https://www.trove.scot/place/131017,2026-07-30T09:59:02.835Z,131017,Imported from the official NRHE spatial index. This GIS record does not provide a construction date; review the linked trove.scot record before adding timeline evidence. Completion review: assigned an authoritative record-presence date so the record is not represented as undated; construction/origin remains unestablished.,Check the linked source for an explicit date or supported date range; do not infer a construction date from a current map or generic classification.
culross-scotland,Culross,nrhe:124573,BLAIRHALL MAINS, ,archaeological_site,NRHE / trove.scot record,,parish_evidence,Point,-3.6269743393517206,56.065090019381714,site_centroid,medium,Included in the authoritative NRHE Mapping data snapshot (2025); construction date not established,present_by,low,unreviewed,Historic Environment Scotland,Historic Environment Scotland NRHE / trove.scot Points GIS,124573,https://www.trove.scot/place/124573,2026-07-30T09:59:02.835Z,124573,Imported from the official NRHE spatial index. This GIS record does not provide a construction date; review the linked trove.scot record before adding timeline evidence. Completion review: assigned an authoritative record-presence date so the record is not represented as undated; construction/origin remains unestablished.,Check the linked source for an explicit date or supported date range; do not infer a construction date from a current map or generic classification.
culross-scotland,Culross,nrhe:124574,BLAIRHALL MAINS, ,archaeological_site,NRHE / trove.scot record,,parish_evidence,Point,-3.6285342665270304,56.063991146224275,site_centroid,medium,Included in the authoritative NRHE Mapping data snapshot (2025); construction date not established,present_by,low,unreviewed,Historic Environment Scotland,Historic Environment Scotland NRHE / trove.scot Points GIS,124574,https://www.trove.scot/place/124574,2026-07-30T09:59:02.835Z,124574,Imported from the official NRHE spatial index. This GIS record does not provide a construction date; review the linked trove.scot record before adding timeline evidence. Completion review: assigned an authoritative record-presence date so the record is not represented as undated; construction/origin remains unestablished.,Check the linked source for an explicit date or supported date range; do not infer a construction date from a current map or generic classification.
culross-scotland,Culross,nrhe:124584,BLAIRHALL MAINS, ,archaeological_site,NRHE / trove.scot record,,parish_evidence,Point,-3.6238768822749226,56.06782655682437,site_centroid,medium,Included in the authoritative NRHE Mapping data snapshot (2025); construction date not established,present_by,low,unreviewed,Historic Environment Scotland,Historic Environment Scotland NRHE / trove.scot Points GIS,124584,https://www.trove.scot/place/124584,2026-07-30T09:59:02.835Z,124584,Imported from the official NRHE spatial index. This GIS record does not provide a construction date; review the linked trove.scot record before adding timeline evidence. Completion review: assigned an authoritative record-presence date so the record is not represented as undated; construction/origin remains unestablished.,Check the linked source for an explicit date or supported date range; do not infer a construction date from a current map or generic classification.
culross-scotland,Culross,nrhe:317012,"BLAIRHALL, EAST GRANGE, EAST GATE LODGE", ,archaeological_site,NRHE / trove.scot record,,parish_evidence,Point,-3.6076268247006706,56.08341394416237,site_centroid,medium,Included in the authoritative NRHE Mapping data snapshot (2025); construction date not established,present_by,low,unreviewed,Historic Environment Scotland,Historic Environment Scotland NRHE / trove.scot Points GIS,317012,https://www.trove.scot/place/317012,2026-07-30T09:59:02.835Z,317012,Imported from the official NRHE spatial index. This GIS record does not provide a construction date; review the linked trove.scot record before adding timeline evidence. Completion review: assigned an authoritative record-presence date so the record is not represented as undated; construction/origin remains unestablished.,Check the linked source for an explicit date or supported date range; do not infer a construction date from a current map or generic classification.
culross-scotland,Culross,nrhe:276263,BOGSIDE, ,archaeological_site,NRHE / trove.scot record,,parish_evidence,Point,-3.6642678621058766,56.09181976482415,site_centroid,medium,Included in the authoritative NRHE Mapping data snapshot (2025); construction date not established,present_by,low,unreviewed,Historic Environment Scotland,Historic Environment Scotland NRHE / trove.scot Points GIS,276263,https://www.trove.scot/place/276263,2026-07-30T09:59:02.835Z,276263,Imported from the official NRHE spatial index. This GIS record does not provide a construction date; review the linked trove.scot record before adding timeline evidence. Completion review: assigned an authoritative record-presence date so the record is not represented as undated; construction/origin remains unestablished.,Check the linked source for an explicit date or supported date range; do not infer a construction date from a current map or generic classification.
culross-scotland,Culross,nrhe:131028,BOGSIDE COLLIERY,"BOGSIDE 1, 2, AND 3",archaeological_site,NRHE / trove.scot record,,parish_evidence,Point,-3.6422057465567343,56.08330916224279,site_centroid,medium,Included in the authoritative NRHE Mapping data snapshot (2025); construction date not established,present_by,low,unreviewed,Historic Environment Scotland,Historic Environment Scotland NRHE / trove.scot Points GIS,131028,https://www.trove.scot/place/131028,2026-07-30T09:59:02.835Z,131028,Imported from the official NRHE spatial index. This GIS record does not provide a construction date; review the linked trove.scot record before adding timeline evidence. Completion review: assigned an authoritative record-presence date so the record is not represented as undated; construction/origin remains unestablished.,Check the linked source for an explicit date or supported date range; do not infer a construction date from a current map or generic classification.
culross-scotland,Culross,nrhe:162418,BRANKSTONE GRANGE, ,archaeological_site,NRHE / trove.scot record,,parish_evidence,Point,-3.642392959538992,56.09525777204485,site_centroid,medium,Included in the authoritative NRHE Mapping data snapshot (2025); construction date not established,present_by,low,unreviewed,Historic Environment Scotland,Historic Environment Scotland NRHE / trove.scot Points GIS,162418,https://www.trove.scot/place/162418,2026-07-30T09:59:02.835Z,162418,Imported from the official NRHE spatial index. This GIS record does not provide a construction date; review the linked trove.scot record before adding timeline evidence. Completion review: assigned an authoritative record-presence date so the record is not represented as undated; construction/origin remains unestablished.,Check the linked source for an explicit date or supported date range; do not infer a construction date from a current map or generic classification.
culross-scotland,Culross,nrhe:146664,"BRANKSTONE GRANGE, WALLED GARDEN","HALDANE HOUSE, BOGSIDE",archaeological_site,NRHE / trove.scot record,,parish_evidence,Point,-3.6404325673340496,56.09414264485809,site_centroid,medium,Included in the authoritative NRHE Mapping data snapshot (2025); construction date not established,present_by,low,unreviewed,Historic Environment Scotland,Historic Environment Scotland NRHE / trove.scot Points GIS,146664,https://www.trove.scot/place/146664,2026-07-30T09:59:02.835Z,146664,Imported from the official NRHE spatial index. This GIS record does not provide a construction date; review the linked trove.scot record before adding timeline evidence. Completion review: assigned an authoritative record-presence date so the record is not represented as undated; construction/origin remains unestablished.,Check the linked source for an explicit date or supported date range; do not infer a construction date from a current map or generic classification.
culross-scotland,Culross,nrhe:72767,CASTLEHILL MINE, ,archaeological_site,NRHE / trove.scot record,,parish_evidence,Point,-3.6438617883988362,56.09200334099108,site_centroid,medium,Included in the authoritative NRHE Mapping data snapshot (2025); construction date not established,present_by,low,unreviewed,Historic Environment Scotland,Historic Environment Scotland NRHE / trove.scot Points GIS,72767,https://www.trove.scot/place/72767,2026-07-30T09:59:02.835Z,72767,Imported from the official NRHE spatial index. This GIS record does not provide a construction date; review the linked trove.scot record before adding timeline evidence. Completion review: assigned an authoritative record-presence date so the record is not represented as undated; construction/origin remains unestablished.,Check the linked source for an explicit date or supported date range; do not infer a construction date from a current map or generic classification.
culross-scotland,Culross,nrhe:48018,CASTLEHILL WOOD,"CASTLE HILL ENCLOSURE, BOGSIDE WOOD",archaeological_site,NRHE / trove.scot record,,parish_evidence,Point,-3.6552292492414864,56.09095285755248,site_centroid,medium,Included in the authoritative NRHE Mapping data snapshot (2025); construction date not established,present_by,low,unreviewed,Historic Environment Scotland,Historic Environment Scotland NRHE / trove.scot Points GIS,48018,https://www.trove.scot/place/48018,2026-07-30T09:59:02.835Z,48018,Imported from the official NRHE spatial index. This GIS record does not provide a construction date; review the linked trove.scot record before adding timeline evidence. Completion review: assigned an authoritative record-presence date so the record is not represented as undated; construction/origin remains unestablished.,Check the linked source for an explicit date or supported date range; do not infer a construction date from a current map or generic classification.
culross-scotland,Culross,nrhe:124577,CAVERNS, ,archaeological_site,NRHE / trove.scot record,,parish_evidence,Point,-3.6691512706054192,56.056079980675385,site_centroid,medium,Included in the authoritative NRHE Mapping data snapshot (2025); construction date not established,present_by,low,unreviewed,Historic Environment Scotland,Historic Environment Scotland NRHE / trove.scot Points GIS,124577,https://www.trove.scot/place/124577,2026-07-30T09:59:02.835Z,124577,Imported from the official NRHE spatial index. This GIS record does not provide a construction date; review the linked trove.scot record before adding timeline evidence. Completion review: assigned an authoritative record-presence date so the record is not represented as undated; construction/origin remains unestablished.,Check the linked source for an explicit date or supported date range; do not infer a construction date from a current map or generic classification.
culross-scotland,Culross,nrhe:124578,CAVERNS, ,archaeological_site,NRHE / trove.scot record,,parish_evidence,Point,-3.669969287526607,56.05642834647245,site_centroid,medium,Included in the authoritative NRHE Mapping data snapshot (2025); construction date not established,present_by,low,unreviewed,Historic Environment Scotland,Historic Environment Scotland NRHE / trove.scot Points GIS,124578,https://www.trove.scot/place/124578,2026-07-30T09:59:02.835Z,124578,Imported from the official NRHE spatial index. This GIS record does not provide a construction date; review the linked trove.scot record before adding timeline evidence. Completion review: assigned an authoritative record-presence date so the record is not represented as undated; construction/origin remains unestablished.,Check the linked source for an explicit date or supported date range; do not infer a construction date from a current map or generic classification.
culross-scotland,Culross,nrhe:92094,COMRIE CASTLE,BLAIRHALL,archaeological_site,NRHE / trove.scot record,,parish_evidence,Point,-3.604928118541381,56.088463102863244,site_centroid,medium,Included in the authoritative NRHE Mapping data snapshot (2025); construction date not established,present_by,low,unreviewed,Historic Environment Scotland,Historic Environment Scotland NRHE / trove.scot Points GIS,92094,https://www.trove.scot/place/92094,2026-07-30T09:59:02.835Z,92094,Imported from the official NRHE spatial index. This GIS record does not provide a construction date; review the linked trove.scot record before adding timeline evidence. Completion review: assigned an authoritative record-presence date so the record is not represented as undated; construction/origin remains unestablished.,Check the linked source for an explicit date or supported date range; do not infer a construction date from a current map or generic classification.
culross-scotland,Culross,nrhe:288569,COMRIE CASTLE,BLAIRHALL,archaeological_site,NRHE / trove.scot record,,parish_evidence,Point,-3.602659671974225,56.09034363502833,site_centroid,medium,Included in the authoritative NRHE Mapping data snapshot (2025); construction date not established,present_by,low,unreviewed,Historic Environment Scotland,Historic Environment Scotland NRHE / trove.scot Points GIS,288569,https://www.trove.scot/place/288569,2026-07-30T09:59:02.835Z,288569,Imported from the official NRHE spatial index. This GIS record does not provide a construction date; review the linked trove.scot record before adding timeline evidence. Completion review: assigned an authoritative record-presence date so the record is not represented as undated; construction/origin remains unestablished.,Check the linked source for an explicit date or supported date range; do not infer a construction date from a current map or generic classification.
culross-scotland,Culross,nrhe:340452,COUSTON WOOD, ,archaeological_site,NRHE / trove.scot record,,parish_evidence,Point,-3.603094945767092,56.06639099109919,site_centroid,medium,Included in the authoritative NRHE Mapping data snapshot (2025); construction date not established,present_by,low,unreviewed,Historic Environment Scotland,Historic Environment Scotland NRHE / trove.scot Points GIS,340452,https://www.trove.scot/place/340452,2026-07-30T09:59:02.835Z,340452,Imported from the official NRHE spatial index. This GIS record does not provide a construction date; review the linked trove.scot record before adding timeline evidence. Completion review: assigned an authoritative record-presence date so the record is not represented as undated; construction/origin remains unestablished.,Check the linked source for an explicit date or supported date range; do not infer a construction date from a current map or generic classification.
culross-scotland,Culross,nrhe:340453,COUSTON WOOD, ,archaeological_site,NRHE / trove.scot record,,parish_evidence,Point,-3.605372450898203,56.06708024317158,site_centroid,medium,Included in the authoritative NRHE Mapping data snapshot (2025); construction date not established,present_by,low,unreviewed,Historic Environment Scotland,Historic Environment Scotland NRHE / trove.scot Points GIS,340453,https://www.trove.scot/place/340453,2026-07-30T09:59:02.835Z,340453,Imported from the official NRHE spatial index. This GIS record does not provide a construction date; review the linked trove.scot record before adding timeline evidence. Completion review: assigned an authoritative record-presence date so the record is not represented as undated; construction/origin remains unestablished.,Check the linked source for an explicit date or supported date range; do not infer a construction date from a current map or generic classification.
culross-scotland,Culross,nrhe:124575,CULROSS, ,archaeological_site,NRHE / trove.scot record,,parish_evidence,Point,-3.638112891748928,56.062606341660384,site_centroid,medium,Included in the authoritative NRHE Mapping data snapshot (2025); construction date not established,present_by,low,unreviewed,Historic Environment Scotland,Historic Environment Scotland NRHE / trove.scot Points GIS,124575,https://www.trove.scot/place/124575,2026-07-30T09:59:02.835Z,124575,Imported from the official NRHE spatial index. This GIS record does not provide a construction date; review the linked trove.scot record before adding timeline evidence. Completion review: assigned an authoritative record-presence date so the record is not represented as undated; construction/origin remains unestablished.,Check the linked source for an explicit date or supported date range; do not infer a construction date from a current map or generic classification.
culross-scotland,Culross,nrhe:124576,CULROSS, ,archaeological_site,NRHE / trove.scot record,,parish_evidence,Point,-3.6526861566312068,56.06160328077095,site_centroid,medium,Included in the authoritative NRHE Mapping data snapshot (2025); construction date not established,present_by,low,unreviewed,Historic Environment Scotland,Historic Environment Scotland NRHE / trove.scot Points GIS,124576,https://www.trove.scot/place/124576,2026-07-30T09:59:02.835Z,124576,Imported from the official NRHE spatial index. This GIS record does not provide a construction date; review the linked trove.scot record before adding timeline evidence. Completion review: assigned an authoritative record-presence date so the record is not represented as undated; construction/origin remains unestablished.,Check the linked source for an explicit date or supported date range; do not infer a construction date from a current map or generic classification.
culross-scotland,Culross,nrhe:162411,CULROSS, ,archaeological_site,NRHE / trove.scot record,,parish_evidence,Point,-3.63521362437422,56.05482713593399,site_centroid,medium,Included in the authoritative NRHE Mapping data snapshot (2025); construction date not established,present_by,low,unreviewed,Historic Environment Scotland,Historic Environment Scotland NRHE / trove.scot Points GIS,162411,https://www.trove.scot/place/162411,2026-07-30T09:59:02.835Z,162411,Imported from the official NRHE spatial index. This GIS record does not provide a construction date; review the linked trove.scot record before adding timeline evidence. Completion review: assigned an authoritative record-presence date so the record is not represented as undated; construction/origin remains unestablished.,Check the linked source for an explicit date or supported date range; do not infer a construction date from a current map or generic classification.
culross-scotland,Culross,nrhe:162412,CULROSS, ,archaeological_site,NRHE / trove.scot record,,parish_evidence,Point,-3.635870816517834,56.055177856879816,site_centroid,medium,Included in the authoritative NRHE Mapping data snapshot (2025); construction date not established,present_by,low,unreviewed,Historic Environment Scotland,Historic Environment Scotland NRHE / trove.scot Points GIS,162412,https://www.trove.scot/place/162412,2026-07-30T09:59:02.835Z,162412,Imported from the official NRHE spatial index. This GIS record does not provide a construction date; review the linked trove.scot record before adding timeline evidence. Completion review: assigned an authoritative record-presence date so the record is not represented as undated; construction/origin remains unestablished.,Check the linked source for an explicit date or supported date range; do not infer a construction date from a current map or generic classification.
culross-scotland,Culross,nrhe:240450,CULROSS, ,archaeological_site,NRHE / trove.scot record,,parish_evidence,Point,-3.6170035557393576,56.05713387900681,site_centroid,medium,Included in the authoritative NRHE Mapping data snapshot (2025); construction date not established,present_by,low,unreviewed,Historic Environment Scotland,Historic Environment Scotland NRHE / trove.scot Points GIS,240450,https://www.trove.scot/place/240450,2026-07-30T09:59:02.835Z,240450,Imported from the official NRHE spatial index. This GIS record does not provide a construction date; review the linked trove.scot record before adding timeline evidence. Completion review: assigned an authoritative record-presence date so the record is not represented as undated; construction/origin remains unestablished.,Check the linked source for an explicit date or supported date range; do not infer a construction date from a current map or generic classification.
culross-scotland,Culross,nrhe:282694,CULROSS, ,archaeological_site,NRHE / trove.scot record,,parish_evidence,Point,-3.639436032537956,56.055939258478475,site_centroid,medium,Included in the authoritative NRHE Mapping data snapshot (2025); construction date not established,present_by,low,unreviewed,Historic Environment Scotland,Historic Environment Scotland NRHE / trove.scot Points GIS,282694,https://www.trove.scot/place/282694,2026-07-30T09:59:02.835Z,282694,Imported from the official NRHE spatial index. This GIS record does not provide a construction date; review the linked trove.scot record before adding timeline evidence. Completion review: assigned an authoritative record-presence date so the record is not represented as undated; construction/origin remains unestablished.,Check the linked source for an explicit date or supported date range; do not infer a construction date from a current map or generic classification.
culross-scotland,Culross,nrhe:358181,CULROSS, ,archaeological_site,NRHE / trove.scot record,,parish_evidence,Point,-3.640198810909568,56.0739007587209,site_centroid,medium,Included in the authoritative NRHE Mapping data snapshot (2025); construction date not established,present_by,low,unreviewed,Historic Environment Scotland,Historic Environment Scotland NRHE / trove.scot Points GIS,358181,https://www.trove.scot/place/358181,2026-07-30T09:59:02.835Z,358181,Imported from the official NRHE spatial index. This GIS record does not provide a construction date; review the linked trove.scot record before adding timeline evidence. Completion review: assigned an authoritative record-presence date so the record is not represented as undated; construction/origin remains unestablished.,Check the linked source for an explicit date or supported date range; do not infer a construction date from a current map or generic classification.
culross-scotland,Culross,nrhe:48043,CULROSS ABBEY,"ASHES FARM, MONK'S WELL",archaeological_site,NRHE / trove.scot record,,parish_evidence,Point,-3.6366795678582173,56.06289493653656,site_centroid,medium,Included in the authoritative NRHE Mapping data snapshot (2025); construction date not established,present_by,low,unreviewed,Historic Environment Scotland,Historic Environment Scotland NRHE / trove.scot Points GIS,48043,https://www.trove.scot/place/48043,2026-07-30T09:59:02.835Z,48043,Imported from the official NRHE spatial index. This GIS record does not provide a construction date; review the linked trove.scot record before adding timeline evidence. Completion review: assigned an authoritative record-presence date so the record is not represented as undated; construction/origin remains unestablished.,Check the linked source for an explicit date or supported date range; do not infer a construction date from a current map or generic classification.
culross-scotland,Culross,nrhe:86466,CULROSS PALACE, ,archaeological_site,NRHE / trove.scot record,,parish_evidence,Point,-3.63137312337617,56.05514755265425,site_centroid,medium,Included in the authoritative NRHE Mapping data snapshot (2025); construction date not established,present_by,low,unreviewed,Historic Environment Scotland,Historic Environment Scotland NRHE / trove.scot Points GIS,86466,https://www.trove.scot/place/86466,2026-07-30T09:59:02.835Z,86466,Imported from the official NRHE spatial index. This GIS record does not provide a construction date; review the linked trove.scot record before adding timeline evidence. Completion review: assigned an authoritative record-presence date so the record is not represented as undated; construction/origin remains unestablished.,Check the linked source for an explicit date or supported date range; do not infer a construction date from a current map or generic classification.
culross-scotland,Culross,nrhe:82646,CULROSS PALACE, ,archaeological_site,NRHE / trove.scot record,,parish_evidence,Point,-3.63137312337617,56.05514755265425,site_centroid,medium,Included in the authoritative NRHE Mapping data snapshot (2025); construction date not established,present_by,low,unreviewed,Historic Environment Scotland,Historic Environment Scotland NRHE / trove.scot Points GIS,82646,https://www.trove.scot/place/82646,2026-07-30T09:59:02.835Z,82646,Imported from the official NRHE spatial index. This GIS record does not provide a construction date; review the linked trove.scot record before adding timeline evidence. Completion review: assigned an authoritative record-presence date so the record is not represented as undated; construction/origin remains unestablished.,Check the linked source for an explicit date or supported date range; do not infer a construction date from a current map or generic classification.
culross-scotland,Culross,nrhe:72860,"CULROSS PALACE, GARDEN",THE PALACE GARDEN,archaeological_site,NRHE / trove.scot record,,parish_evidence,Point,-3.6310522644743615,56.05591558926588,site_centroid,medium,Included in the authoritative NRHE Mapping data snapshot (2025); construction date not established,present_by,low,unreviewed,Historic Environment Scotland,Historic Environment Scotland NRHE / trove.scot Points GIS,72860,https://www.trove.scot/place/72860,2026-07-30T09:59:02.835Z,72860,Imported from the official NRHE spatial index. This GIS record does not provide a construction date; review the linked trove.scot record before adding timeline evidence. Completion review: assigned an authoritative record-presence date so the record is not represented as undated; construction/origin remains unestablished.,Check the linked source for an explicit date or supported date range; do not infer a construction date from a current map or generic classification.
culross-scotland,Culross,nrhe:48049,"CULROSS,  WEST GREEN, BESSIE BAR'S WELL", ,archaeological_site,NRHE / trove.scot record,,parish_evidence,Point,-3.6313626433175616,56.05565988278993,site_centroid,medium,Included in the authoritative NRHE Mapping data snapshot (2025); construction date not established,present_by,low,unreviewed,Historic Environment Scotland,Historic Environment Scotland NRHE / trove.scot Points GIS,48049,https://www.trove.scot/place/48049,2026-07-30T09:59:02.835Z,48049,Imported from the official NRHE spatial index. This GIS record does not provide a construction date; review the linked trove.scot record before adding timeline evidence. Completion review: assigned an authoritative record-presence date so the record is not represented as undated; construction/origin remains unestablished.,Check the linked source for an explicit date or supported date range; do not infer a construction date from a current map or generic classification.
culross-scotland,Culross,nrhe:117916,"CULROSS, 11 - 12 ERSKINE BRAE", ,archaeological_site,NRHE / trove.scot record,,parish_evidence,Point,-3.630794123189118,56.056231052033944,site_centroid,medium,Included in the authoritative NRHE Mapping data snapshot (2025); construction date not established,present_by,low,unreviewed,Historic Environment Scotland,Historic Environment Scotland NRHE / trove.scot Points GIS,117916,https://www.trove.scot/place/117916,2026-07-30T09:59:02.835Z,117916,Imported from the official NRHE spatial index. This GIS record does not provide a construction date; review the linked trove.scot record before adding timeline evidence. Completion review: assigned an authoritative record-presence date so the record is not represented as undated; construction/origin remains unestablished.,Check the linked source for an explicit date or supported date range; do not infer a construction date from a current map or generic classification.
culross-scotland,Culross,nrhe:48038,"CULROSS, BACK CAUSEWAY, COTTAGE", ,archaeological_site,NRHE / trove.scot record,,parish_evidence,Point,-3.629058801652317,56.05548365042749,site_centroid,medium,Included in the authoritative NRHE Mapping data snapshot (2025); construction date not established,present_by,low,unreviewed,Historic Environment Scotland,Historic Environment Scotland NRHE / trove.scot Points GIS,48038,https://www.trove.scot/place/48038,2026-07-30T09:59:02.835Z,48038,Imported from the official NRHE spatial index. This GIS record does not provide a construction date; review the linked trove.scot record before adding timeline evidence. Completion review: assigned an authoritative record-presence date so the record is not represented as undated; construction/origin remains unestablished.,Check the linked source for an explicit date or supported date range; do not infer a construction date from a current map or generic classification.
culross-scotland,Culross,nrhe:92386,"CULROSS, BACK CAUSEWAY, GENERAL", ,archaeological_site,NRHE / trove.scot record,,parish_evidence,Point,-3.6292192995608854,56.055481531111006,site_centroid,medium,Included in the authoritative NRHE Mapping data snapshot (2025); construction date not established,present_by,low,unreviewed,Historic Environment Scotland,Historic Environment Scotland NRHE / trove.scot Points GIS,92386,https://www.trove.scot/place/92386,2026-07-30T09:59:02.835Z,92386,Imported from the official NRHE spatial index. This GIS record does not provide a construction date; review the linked trove.scot record before adding timeline evidence. Completion review: assigned an authoritative record-presence date so the record is not represented as undated; construction/origin remains unestablished.,Check the linked source for an explicit date or supported date range; do not infer a construction date from a current map or generic classification.
culross-scotland,Culross,nrhe:107002,"CULROSS, BACK STREET, COTTAGE ADJOINING MRS CAMERON'S HOUSE", ,archaeological_site,NRHE / trove.scot record,,parish_evidence,Point,-3.627549741854693,56.055494580983925,site_centroid,medium,Included in the authoritative NRHE Mapping data snapshot (2025); construction date not established,present_by,low,unreviewed,Historic Environment Scotland,Historic Environment Scotland NRHE / trove.scot Points GIS,107002,https://www.trove.scot/place/107002,2026-07-30T09:59:02.835Z,107002,Imported from the official NRHE spatial index. This GIS record does not provide a construction date; review the linked trove.scot record before adding timeline evidence. Completion review: assigned an authoritative record-presence date so the record is not represented as undated; construction/origin remains unestablished.,Check the linked source for an explicit date or supported date range; do not infer a construction date from a current map or generic classification.
culross-scotland,Culross,nrhe:48062,"CULROSS, BALGOWNIE HOUSE",INCHKEITH PRIVATE SCHOOL,archaeological_site,NRHE / trove.scot record,,parish_evidence,Point,-3.6329211005055195,56.05529780488668,site_centroid,medium,Included in the authoritative NRHE Mapping data snapshot (2025); construction date not established,present_by,low,unreviewed,Historic Environment Scotland,Historic Environment Scotland NRHE / trove.scot Points GIS,48062,https://www.trove.scot/place/48062,2026-07-30T09:59:02.835Z,48062,Imported from the official NRHE spatial index. This GIS record does not provide a construction date; review the linked trove.scot record before adding timeline evidence. Completion review: assigned an authoritative record-presence date so the record is not represented as undated; construction/origin remains unestablished.,Check the linked source for an explicit date or supported date range; do not infer a construction date from a current map or generic classification.
culross-scotland,Culross,nrhe:222286,"CULROSS, BOUNDARY WALLS AT HAGG'S WYND, HAGG'S STEPS AND BACK LANE", ,archaeological_site,NRHE / trove.scot record,,parish_evidence,Point,-3.631292634501791,56.05590342550855,site_centroid,medium,Included in the authoritative NRHE Mapping data snapshot (2025); construction date not established,present_by,low,unreviewed,Historic Environment Scotland,Historic Environment Scotland NRHE / trove.scot Points GIS,222286,https://www.trove.scot/place/222286,2026-07-30T09:59:02.835Z,222286,Imported from the official NRHE spatial index. This GIS record does not provide a construction date; review the linked trove.scot record before adding timeline evidence. Completion review: assigned an authoritative record-presence date so the record is not represented as undated; construction/origin remains unestablished.,Check the linked source for an explicit date or supported date range; do not infer a construction date from a current map or generic classification.
culross-scotland,Culross,nrhe:221178,"CULROSS, CAR PARK", ,archaeological_site,NRHE / trove.scot record,,parish_evidence,Point,-3.63400953324803,56.054834103191084,site_centroid,medium,Included in the authoritative NRHE Mapping data snapshot (2025); construction date not established,present_by,low,unreviewed,Historic Environment Scotland,Historic Environment Scotland NRHE / trove.scot Points GIS,221178,https://www.trove.scot/place/221178,2026-07-30T09:59:02.835Z,221178,Imported from the official NRHE spatial index. This GIS record does not provide a construction date; review the linked trove.scot record before adding timeline evidence. Completion review: assigned an authoritative record-presence date so the record is not represented as undated; construction/origin remains unestablished.,Check the linked source for an explicit date or supported date range; do not infer a construction date from a current map or generic classification.
culross-scotland,Culross,nrhe:105138,"CULROSS, GARAGE BEHIND SANDHAVEN","CULROSS PALACE, COACH HOUSE, STORE AND GARAGE BEHIND MILNE'S HOUSE",archaeological_site,NRHE / trove.scot record,,parish_evidence,Point,-3.6307038411454413,56.055650620497914,site_centroid,medium,Included in the authoritative NRHE Mapping data snapshot (2025); construction date not established,present_by,low,unreviewed,Historic Environment Scotland,Historic Environment Scotland NRHE / trove.scot Points GIS,105138,https://www.trove.scot/place/105138,2026-07-30T09:59:02.835Z,105138,Imported from the official NRHE spatial index. This GIS record does not provide a construction date; review the linked trove.scot record before adding timeline evidence. Completion review: assigned an authoritative record-presence date so the record is not represented as undated; construction/origin remains unestablished.,Check the linked source for an explicit date or supported date range; do not infer a construction date from a current map or generic classification.
culross-scotland,Culross,nrhe:92396,"CULROSS, LITTLE CAUSEWAY, GENERAL",WEE CAUSEWAY,archaeological_site,NRHE / trove.scot record,,parish_evidence,Point,-3.628127156283576,56.055477976716844,site_centroid,medium,,unknown,unknown,unreviewed,Historic Environment Scotland,Historic Environment Scotland NRHE / trove.scot Points GIS,92396,https://www.trove.scot/place/92396,2026-07-30T09:59:02.835Z,92396,Imported from the official NRHE spatial index. This GIS record does not provide a construction date; review the linked trove.scot record before adding timeline evidence.,Check the linked source for an explicit date or supported date range; do not infer a construction date from a current map or generic classification.
culross-scotland,Culross,nrhe:86467,"CULROSS, LOW CAUSEWAY", ,archaeological_site,NRHE / trove.scot record,,parish_evidence,Point,-3.6233482794057448,56.05525340252925,site_centroid,medium,Included in the authoritative NRHE Mapping data snapshot (2025); construction date not established,present_by,low,unreviewed,Historic Environment Scotland,Historic Environment Scotland NRHE / trove.scot Points GIS,86467,https://www.trove.scot/place/86467,2026-07-30T09:59:02.835Z,86467,Imported from the official NRHE spatial index. This GIS record does not provide a construction date; review the linked trove.scot record before adding timeline evidence. Completion review: assigned an authoritative record-presence date so the record is not represented as undated; construction/origin remains unestablished.,Check the linked source for an explicit date or supported date range; do not infer a construction date from a current map or generic classification.
culross-scotland,Culross,nrhe:92399,"CULROSS, LOW CAUSEWAY, GENERAL", ,archaeological_site,NRHE / trove.scot record,,parish_evidence,Point,-3.624670031300619,56.056134584628104,site_centroid,medium,Included in the authoritative NRHE Mapping data snapshot (2025); construction date not established,present_by,low,unreviewed,Historic Environment Scotland,Historic Environment Scotland NRHE / trove.scot Points GIS,92399,https://www.trove.scot/place/92399,2026-07-30T09:59:02.835Z,92399,Imported from the official NRHE spatial index. This GIS record does not provide a construction date; review the linked trove.scot record before adding timeline evidence. Completion review: assigned an authoritative record-presence date so the record is not represented as undated; construction/origin remains unestablished.,Check the linked source for an explicit date or supported date range; do not infer a construction date from a current map or generic classification.
culross-scotland,Culross,nrhe:104270,"CULROSS, LOW CAUSEWAY, NEW SCHOOL", ,archaeological_site,NRHE / trove.scot record,,parish_evidence,Point,-3.6262434874407132,56.055745436825696,site_centroid,medium,Included in the authoritative NRHE Mapping data snapshot (2025); construction date not established,present_by,low,unreviewed,Historic Environment Scotland,Historic Environment Scotland NRHE / trove.scot Points GIS,104270,https://www.trove.scot/place/104270,2026-07-30T09:59:02.835Z,104270,Imported from the official NRHE spatial index. This GIS record does not provide a construction date; review the linked trove.scot record before adding timeline evidence. Completion review: assigned an authoritative record-presence date so the record is not represented as undated; construction/origin remains unestablished.,Check the linked source for an explicit date or supported date range; do not infer a construction date from a current map or generic classification.
culross-scotland,Culross,nrhe:96634,"CULROSS, LOW CAUSEWAY, POLICE HOUSES", ,archaeological_site,NRHE / trove.scot record,,parish_evidence,Point,-3.627025177738446,56.05524091132311,site_centroid,medium,Included in the authoritative NRHE Mapping data snapshot (2025); construction date not established,present_by,low,unreviewed,Historic Environment Scotland,Historic Environment Scotland NRHE / trove.scot Points GIS,96634,https://www.trove.scot/place/96634,2026-07-30T09:59:02.835Z,96634,Imported from the official NRHE spatial index. This GIS record does not provide a construction date; review the linked trove.scot record before adding timeline evidence. Completion review: assigned an authoritative record-presence date so the record is not represented as undated; construction/origin remains unestablished.,Check the linked source for an explicit date or supported date range; do not infer a construction date from a current map or generic classification.
culross-scotland,Culross,nrhe:107054,"CULROSS, LOW CAUSEWAY, WHITBANK", ,archaeological_site,NRHE / trove.scot record,,parish_evidence,Point,-3.6248783047515367,56.056122856048965,site_centroid,medium,,unknown,unknown,unreviewed,Historic Environment Scotland,Historic Environment Scotland NRHE / trove.scot Points GIS,107054,https://www.trove.scot/place/107054,2026-07-30T09:59:02.835Z,107054,Imported from the official NRHE spatial index. This GIS record does not provide a construction date; review the linked trove.scot record before adding timeline evidence.,Check the linked source for an explicit date or supported date range; do not infer a construction date from a current map or generic classification.
culross-scotland,Culross,nrhe:92414,"CULROSS, MAIN STREET, GENERAL", ,archaeological_site,NRHE / trove.scot record,,parish_evidence,Point,-3.631532363686312,56.055495893818424,site_centroid,medium,Included in the authoritative NRHE Mapping data snapshot (2025); construction date not established,present_by,low,unreviewed,Historic Environment Scotland,Historic Environment Scotland NRHE / trove.scot Points GIS,92414,https://www.trove.scot/place/92414,2026-07-30T09:59:02.835Z,92414,Imported from the official NRHE spatial index. This GIS record does not provide a construction date; review the linked trove.scot record before adding timeline evidence. Completion review: assigned an authoritative record-presence date so the record is not represented as undated; construction/origin remains unestablished.,Check the linked source for an explicit date or supported date range; do not infer a construction date from a current map or generic classification.
culross-scotland,Culross,nrhe:92415,"CULROSS, MID CAUSEWAY, GENERAL", ,archaeological_site,NRHE / trove.scot record,,parish_evidence,Point,-3.6290955881974365,56.05521359030936,site_centroid,medium,Included in the authoritative NRHE Mapping data snapshot (2025); construction date not established,present_by,low,unreviewed,Historic Environment Scotland,Historic Environment Scotland NRHE / trove.scot Points GIS,92415,https://www.trove.scot/place/92415,2026-07-30T09:59:02.835Z,92415,Imported from the official NRHE spatial index. This GIS record does not provide a construction date; review the linked trove.scot record before adding timeline evidence. Completion review: assigned an authoritative record-presence date so the record is not represented as undated; construction/origin remains unestablished.,Check the linked source for an explicit date or supported date range; do not infer a construction date from a current map or generic classification.
culross-scotland,Culross,nrhe:104087,"CULROSS, MID CAUSEWAY, THE DUNDONALD ARMS, GARAGE AND OUTBUILDINGS",STABLES,archaeological_site,NRHE / trove.scot record,,parish_evidence,Point,-3.6285238575998253,56.055364911297126,site_centroid,medium,Included in the authoritative NRHE Mapping data snapshot (2025); construction date not established,present_by,low,unreviewed,Historic Environment Scotland,Historic Environment Scotland NRHE / trove.scot Points GIS,104087,https://www.trove.scot/place/104087,2026-07-30T09:59:02.835Z,104087,Imported from the official NRHE spatial index. This GIS record does not provide a construction date; review the linked trove.scot record before adding timeline evidence. Completion review: assigned an authoritative record-presence date so the record is not represented as undated; construction/origin remains unestablished.,Check the linked source for an explicit date or supported date range; do not infer a construction date from a current map or generic classification.
culross-scotland,Culross,nrhe:113502,"CULROSS, NEWGATE, BOUNDARY WALLS",CAT'S CLOSE,archaeological_site,NRHE / trove.scot record,,parish_evidence,Point,-3.6259542777220357,56.057267849720674,site_centroid,medium,Included in the authoritative NRHE Mapping data snapshot (2025); construction date not established,present_by,low,unreviewed,Historic Environment Scotland,Historic Environment Scotland NRHE / trove.scot Points GIS,113502,https://www.trove.scot/place/113502,2026-07-30T09:59:02.835Z,113502,Imported from the official NRHE spatial index. This GIS record does not provide a construction date; review the linked trove.scot record before adding timeline evidence. Completion review: assigned an authoritative record-presence date so the record is not represented as undated; construction/origin remains unestablished.,Check the linked source for an explicit date or supported date range; do not infer a construction date from a current map or generic classification.
culross-scotland,Culross,nrhe:144989,"CULROSS, OLD SCHOOLHOUSE", ,archaeological_site,NRHE / trove.scot record,,parish_evidence,Point,-3.63171308429103,56.055592347819264,site_centroid,medium,Included in the authoritative NRHE Mapping data snapshot (2025); construction date not established,present_by,low,unreviewed,Historic Environment Scotland,Historic Environment Scotland NRHE / trove.scot Points GIS,144989,https://www.trove.scot/place/144989,2026-07-30T09:59:02.835Z,144989,Imported from the official NRHE spatial index. This GIS record does not provide a construction date; review the linked trove.scot record before adding timeline evidence. Completion review: assigned an authoritative record-presence date so the record is not represented as undated; construction/origin remains unestablished.,Check the linked source for an explicit date or supported date range; do not infer a construction date from a current map or generic classification.
culross-scotland,Culross,nrhe:217437,"CULROSS, PROPOSED GARAGES BEHIND HOUSES AT SANDHAVEN", ,archaeological_site,NRHE / trove.scot record,,parish_evidence,Point,-3.6307321494033222,56.0555603881819,site_centroid,medium,Included in the authoritative NRHE Mapping data snapshot (2025); construction date not established,present_by,low,unreviewed,Historic Environment Scotland,Historic Environment Scotland NRHE / trove.scot Points GIS,217437,https://www.trove.scot/place/217437,2026-07-30T09:59:02.835Z,217437,Imported from the official NRHE spatial index. This GIS record does not provide a construction date; review the linked trove.scot record before adding timeline evidence. Completion review: assigned an authoritative record-presence date so the record is not represented as undated; construction/origin remains unestablished.,Check the linked source for an explicit date or supported date range; do not infer a construction date from a current map or generic classification.
culross-scotland,Culross,nrhe:104336,"CULROSS, PUBLIC LAVATORIES", ,archaeological_site,NRHE / trove.scot record,,parish_evidence,Point,-3.6327091448309665,56.05484233320391,site_centroid,medium,Included in the authoritative NRHE Mapping data snapshot (2025); construction date not established,present_by,low,unreviewed,Historic Environment Scotland,Historic Environment Scotland NRHE / trove.scot Points GIS,104336,https://www.trove.scot/place/104336,2026-07-30T09:59:02.835Z,104336,Imported from the official NRHE spatial index. This GIS record does not provide a construction date; review the linked trove.scot record before adding timeline evidence. Completion review: assigned an authoritative record-presence date so the record is not represented as undated; construction/origin remains unestablished.,Check the linked source for an explicit date or supported date range; do not infer a construction date from a current map or generic classification.
culross-scotland,Culross,nrhe:92421,"CULROSS, SANDHAVEN, GENERAL", ,archaeological_site,NRHE / trove.scot record,,parish_evidence,Point,-3.63119733587873,56.05516784856953,site_centroid,medium,Included in the authoritative NRHE Mapping data snapshot (2025); construction date not established,present_by,low,unreviewed,Historic Environment Scotland,Historic Environment Scotland NRHE / trove.scot Points GIS,92421,https://www.trove.scot/place/92421,2026-07-30T09:59:02.835Z,92421,Imported from the official NRHE spatial index. This GIS record does not provide a construction date; review the linked trove.scot record before adding timeline evidence. Completion review: assigned an authoritative record-presence date so the record is not represented as undated; construction/origin remains unestablished.,Check the linked source for an explicit date or supported date range; do not infer a construction date from a current map or generic classification.
culross-scotland,Culross,nrhe:92424,"CULROSS, TANHOUSE BRAE, GENERAL", ,archaeological_site,NRHE / trove.scot record,,parish_evidence,Point,-3.6279683980381705,56.055902404739804,site_centroid,medium,Included in the authoritative NRHE Mapping data snapshot (2025); construction date not established,present_by,low,unreviewed,Historic Environment Scotland,Historic Environment Scotland NRHE / trove.scot Points GIS,92424,https://www.trove.scot/place/92424,2026-07-30T09:59:02.835Z,92424,Imported from the official NRHE spatial index. This GIS record does not provide a construction date; review the linked trove.scot record before adding timeline evidence. Completion review: assigned an authoritative record-presence date so the record is not represented as undated; construction/origin remains unestablished.,Check the linked source for an explicit date or supported date range; do not infer a construction date from a current map or generic classification.
culross-scotland,Culross,nrhe:111010,"CULROSS, TANHOUSE BRAE, LISTED WALL", ,archaeological_site,NRHE / trove.scot record,,parish_evidence,Point,-3.62772181654663,56.0561482750031,site_centroid,medium,Included in the authoritative NRHE Mapping data snapshot (2025); construction date not established,present_by,low,unreviewed,Historic Environment Scotland,Historic Environment Scotland NRHE / trove.scot Points GIS,111010,https://www.trove.scot/place/111010,2026-07-30T09:59:02.835Z,111010,Imported from the official NRHE spatial index. This GIS record does not provide a construction date; review the linked trove.scot record before adding timeline evidence. Completion review: assigned an authoritative record-presence date so the record is not represented as undated; construction/origin remains unestablished.,Check the linked source for an explicit date or supported date range; do not infer a construction date from a current map or generic classification.
culross-scotland,Culross,nrhe:222040,"CULROSS, THE PARK, EAST GATE-PIERS", ,archaeological_site,NRHE / trove.scot record,,parish_evidence,Point,-3.6271666685562924,56.05859973711308,site_centroid,medium,Included in the authoritative NRHE Mapping data snapshot (2025); construction date not established,present_by,low,unreviewed,Historic Environment Scotland,Historic Environment Scotland NRHE / trove.scot Points GIS,222040,https://www.trove.scot/place/222040,2026-07-30T09:59:02.835Z,222040,Imported from the official NRHE spatial index. This GIS record does not provide a construction date; review the linked trove.scot record before adding timeline evidence. Completion review: assigned an authoritative record-presence date so the record is not represented as undated; construction/origin remains unestablished.,Check the linked source for an explicit date or supported date range; do not infer a construction date from a current map or generic classification.
culross-scotland,Culross,nrhe:92426,"CULROSS, WEST GREEN, GENERAL", ,archaeological_site,NRHE / trove.scot record,,parish_evidence,Point,-3.632262304290022,56.05528855088445,site_centroid,medium,Included in the authoritative NRHE Mapping data snapshot (2025); construction date not established,present_by,low,unreviewed,Historic Environment Scotland,Historic Environment Scotland NRHE / trove.scot Points GIS,92426,https://www.trove.scot/place/92426,2026-07-30T09:59:02.835Z,92426,Imported from the official NRHE spatial index. This GIS record does not provide a construction date; review the linked trove.scot record before adding timeline evidence. Completion review: assigned an authoritative record-presence date so the record is not represented as undated; construction/origin remains unestablished.,Check the linked source for an explicit date or supported date range; do not infer a construction date from a current map or generic classification.
culross-scotland,Culross,nrhe:48063,DUNCAN'S CAMP,BORDIE,archaeological_site,NRHE / trove.scot record,,parish_evidence,Point,-3.6629981608581557,56.062363315593515,site_centroid,medium,Included in the authoritative NRHE Mapping data snapshot (2025); construction date not established,present_by,low,unreviewed,Historic Environment Scotland,Historic Environment Scotland NRHE / trove.scot Points GIS,48063,https://www.trove.scot/place/48063,2026-07-30T09:59:02.835Z,48063,Imported from the official NRHE spatial index. This GIS record does not provide a construction date; review the linked trove.scot record before adding timeline evidence. Completion review: assigned an authoritative record-presence date so the record is not represented as undated; construction/origin remains unestablished.,Check the linked source for an explicit date or supported date range; do not infer a construction date from a current map or generic classification.
culross-scotland,Culross,nrhe:141435,DUNIMARLE CASTLE,BLAIRBURN,archaeological_site,NRHE / trove.scot record,,parish_evidence,Point,-3.6434446699410774,56.059570118583615,site_centroid,medium,Included in the authoritative NRHE Mapping data snapshot (2025); construction date not established,present_by,low,unreviewed,Historic Environment Scotland,Historic Environment Scotland NRHE / trove.scot Points GIS,141435,https://www.trove.scot/place/141435,2026-07-30T09:59:02.835Z,141435,Imported from the official NRHE spatial index. This GIS record does not provide a construction date; review the linked trove.scot record before adding timeline evidence. Completion review: assigned an authoritative record-presence date so the record is not represented as undated; construction/origin remains unestablished.,Check the linked source for an explicit date or supported date range; do not infer a construction date from a current map or generic classification.
culross-scotland,Culross,nrhe:141434,"DUNIMARLE CASTLE, NORTH LODGE",DUNIMARLE LODGE,archaeological_site,NRHE / trove.scot record,,parish_evidence,Point,-3.6446712754602464,56.066122414485456,site_centroid,medium,Included in the authoritative NRHE Mapping data snapshot (2025); construction date not established,present_by,low,unreviewed,Historic Environment Scotland,Historic Environment Scotland NRHE / trove.scot Points GIS,141434,https://www.trove.scot/place/141434,2026-07-30T09:59:02.835Z,141434,Imported from the official NRHE spatial index. This GIS record does not provide a construction date; review the linked trove.scot record before adding timeline evidence. Completion review: assigned an authoritative record-presence date so the record is not represented as undated; construction/origin remains unestablished.,Check the linked source for an explicit date or supported date range; do not infer a construction date from a current map or generic classification.
culross-scotland,Culross,nrhe:48048,GALLOWRIDGE, ,archaeological_site,NRHE / trove.scot record,,parish_evidence,Point,-3.639218987180209,56.06974436155196,site_centroid,medium,Included in the authoritative NRHE Mapping data snapshot (2025); construction date not established,present_by,low,unreviewed,Historic Environment Scotland,Historic Environment Scotland NRHE / trove.scot Points GIS,48048,https://www.trove.scot/place/48048,2026-07-30T09:59:02.835Z,48048,Imported from the official NRHE spatial index. This GIS record does not provide a construction date; review the linked trove.scot record before adding timeline evidence. Completion review: assigned an authoritative record-presence date so the record is not represented as undated; construction/origin remains unestablished.,Check the linked source for an explicit date or supported date range; do not infer a construction date from a current map or generic classification.
culross-scotland,Culross,nrhe:92307,GEGGIE FARM, ,archaeological_site,NRHE / trove.scot record,,parish_evidence,Point,-3.6233860228549375,56.05615148609893,site_centroid,medium,Included in the authoritative NRHE Mapping data snapshot (2025); construction date not established,present_by,low,unreviewed,Historic Environment Scotland,Historic Environment Scotland NRHE / trove.scot Points GIS,92307,https://www.trove.scot/place/92307,2026-07-30T09:59:02.835Z,92307,Imported from the official NRHE spatial index. This GIS record does not provide a construction date; review the linked trove.scot record before adding timeline evidence. Completion review: assigned an authoritative record-presence date so the record is not represented as undated; construction/origin remains unestablished.,Check the linked source for an explicit date or supported date range; do not infer a construction date from a current map or generic classification.
culross-scotland,Culross,nrhe:273509,HIGH VALLEYFIELD, ,archaeological_site,NRHE / trove.scot record,,parish_evidence,Point,-3.6077096184021293,56.0653425207052,site_centroid,medium,Included in the authoritative NRHE Mapping data snapshot (2025); construction date not established,present_by,low,unreviewed,Historic Environment Scotland,Historic Environment Scotland NRHE / trove.scot Points GIS,273509,https://www.trove.scot/place/273509,2026-07-30T09:59:02.835Z,273509,Imported from the official NRHE spatial index. This GIS record does not provide a construction date; review the linked trove.scot record before adding timeline evidence. Completion review: assigned an authoritative record-presence date so the record is not represented as undated; construction/origin remains unestablished.,Check the linked source for an explicit date or supported date range; do not infer a construction date from a current map or generic classification.
culross-scotland,Culross,nrhe:316995,"HIGH VALLEYFIELD WOOD, WOOD GARDENER'S COTTAGE", ,archaeological_site,NRHE / trove.scot record,,parish_evidence,Point,-3.604229507840268,56.06972793442527,site_centroid,medium,,unknown,unknown,unreviewed,Historic Environment Scotland,Historic Environment Scotland NRHE / trove.scot Points GIS,316995,https://www.trove.scot/place/316995,2026-07-30T09:59:02.835Z,316995,Imported from the official NRHE spatial index. This GIS record does not provide a construction date; review the linked trove.scot record before adding timeline evidence.,Check the linked source for an explicit date or supported date range; do not infer a construction date from a current map or generic classification.
culross-scotland,Culross,nrhe:374806,"HIGH VALLEYFIELD, DALY GARDENS", ,archaeological_site,NRHE / trove.scot record,,parish_evidence,Point,-3.6087497535597097,56.0610068117959,site_centroid,medium,Included in the authoritative NRHE Mapping data snapshot (2025); construction date not established,present_by,low,unreviewed,Historic Environment Scotland,Historic Environment Scotland NRHE / trove.scot Points GIS,374806,https://www.trove.scot/place/374806,2026-07-30T09:59:02.835Z,374806,Imported from the official NRHE spatial index. This GIS record does not provide a construction date; review the linked trove.scot record before adding timeline evidence. Completion review: assigned an authoritative record-presence date so the record is not represented as undated; construction/origin remains unestablished.,Check the linked source for an explicit date or supported date range; do not infer a construction date from a current map or generic classification.
culross-scotland,Culross,nrhe:49436,"HIGH VALLEYFIELD, DOVECOT WELL", ,archaeological_site,NRHE / trove.scot record,,parish_evidence,Point,-3.5972595707588724,56.065118800884036,site_centroid,medium,Included in the authoritative NRHE Mapping data snapshot (2025); construction date not established,present_by,low,unreviewed,Historic Environment Scotland,Historic Environment Scotland NRHE / trove.scot Points GIS,49436,https://www.trove.scot/place/49436,2026-07-30T09:59:02.835Z,49436,Imported from the official NRHE spatial index. This GIS record does not provide a construction date; review the linked trove.scot record before adding timeline evidence. Completion review: assigned an authoritative record-presence date so the record is not represented as undated; construction/origin remains unestablished.,Check the linked source for an explicit date or supported date range; do not infer a construction date from a current map or generic classification.
culross-scotland,Culross,nrhe:374715,"HIGH VALLEYFIELD, KINLOSS COURT, VALLEYFIELD CLUB",VALLEYFIELD DISASTER PLAQUE,archaeological_site,NRHE / trove.scot record,,parish_evidence,Point,-3.600234182853003,56.06402892799268,site_centroid,medium,Included in the authoritative NRHE Mapping data snapshot (2025); construction date not established,present_by,low,unreviewed,Historic Environment Scotland,Historic Environment Scotland NRHE / trove.scot Points GIS,374715,https://www.trove.scot/place/374715,2026-07-30T09:59:02.835Z,374715,Imported from the official NRHE spatial index. This GIS record does not provide a construction date; review the linked trove.scot record before adding timeline evidence. Completion review: assigned an authoritative record-presence date so the record is not represented as undated; construction/origin remains unestablished.,Check the linked source for an explicit date or supported date range; do not infer a construction date from a current map or generic classification.
culross-scotland,Culross,nrhe:374713,"HIGH VALLEYFIELD, PRESTON STREET, ST SERFS RC PRIMARY SCHOOL",VALLEYFIELD DISASTER MEMORIAL GARDEN,archaeological_site,NRHE / trove.scot record,,parish_evidence,Point,-3.6043424354123483,56.06239408821484,site_centroid,medium,Included in the authoritative NRHE Mapping data snapshot (2025); construction date not established,present_by,low,unreviewed,Historic Environment Scotland,Historic Environment Scotland NRHE / trove.scot Points GIS,374713,https://www.trove.scot/place/374713,2026-07-30T09:59:02.835Z,374713,Imported from the official NRHE spatial index. This GIS record does not provide a construction date; review the linked trove.scot record before adding timeline evidence. Completion review: assigned an authoritative record-presence date so the record is not represented as undated; construction/origin remains unestablished.,Check the linked source for an explicit date or supported date range; do not infer a construction date from a current map or generic classification.
culross-scotland,Culross,nrhe:374709,"HIGH VALLEYFIELD, VALLEYFIELD AVENUE",VALLEYFIELD DISASTER MEMORIAL,archaeological_site,NRHE / trove.scot record,,parish_evidence,Point,-3.5995006419787035,56.06105516929812,site_centroid,medium,Included in the authoritative NRHE Mapping data snapshot (2025); construction date not established,present_by,low,unreviewed,Historic Environment Scotland,Historic Environment Scotland NRHE / trove.scot Points GIS,374709,https://www.trove.scot/place/374709,2026-07-30T09:59:02.835Z,374709,Imported from the official NRHE spatial index. This GIS record does not provide a construction date; review the linked trove.scot record before adding timeline evidence. Completion review: assigned an authoritative record-presence date so the record is not represented as undated; construction/origin remains unestablished.,Check the linked source for an explicit date or supported date range; do not infer a construction date from a current map or generic classification.
culross-scotland,Culross,nrhe:93209,"KINCARDINE ON FORTH, MOOR LOCH", ,archaeological_site,NRHE / trove.scot record,,parish_evidence,Point,-3.6958124055351504,56.078091323253005,site_centroid,medium,,unknown,unknown,unreviewed,Historic Environment Scotland,Historic Environment Scotland NRHE / trove.scot Points GIS,93209,https://www.trove.scot/place/93209,2026-07-30T09:59:02.835Z,93209,Imported from the official NRHE spatial index. This GIS record does not provide a construction date; review the linked trove.scot record before adding timeline evidence.,Check the linked source for an explicit date or supported date range; do not infer a construction date from a current map or generic classification.
culross-scotland,Culross,nrhe:107370,"KINCARDINE ON FORTH, MOOR LOCH, BOAT HOUSE", ,archaeological_site,NRHE / trove.scot record,,parish_evidence,Point,-3.6988027711541203,56.073018091514996,site_centroid,medium,,unknown,unknown,unreviewed,Historic Environment Scotland,Historic Environment Scotland NRHE / trove.scot Points GIS,107370,https://www.trove.scot/place/107370,2026-07-30T09:59:02.835Z,107370,Imported from the official NRHE spatial index. This GIS record does not provide a construction date; review the linked trove.scot record before adding timeline evidence.,Check the linked source for an explicit date or supported date range; do not infer a construction date from a current map or generic classification.
culross-scotland,Culross,nrhe:317001,"LOW VALLEYFIELD, 18-21 MAIN STREET, NESS VIEW", ,archaeological_site,NRHE / trove.scot record,,parish_evidence,Point,-3.611774308202217,56.05881974064496,site_centroid,medium,Included in the authoritative NRHE Mapping data snapshot (2025); construction date not established,present_by,low,unreviewed,Historic Environment Scotland,Historic Environment Scotland NRHE / trove.scot Points GIS,317001,https://www.trove.scot/place/317001,2026-07-30T09:59:02.835Z,317001,Imported from the official NRHE spatial index. This GIS record does not provide a construction date; review the linked trove.scot record before adding timeline evidence. Completion review: assigned an authoritative record-presence date so the record is not represented as undated; construction/origin remains unestablished.,Check the linked source for an explicit date or supported date range; do not infer a construction date from a current map or generic classification.
culross-scotland,Culross,nrhe:104863,"LOW VALLEYFIELD, GENERAL", ,archaeological_site,NRHE / trove.scot record,,parish_evidence,Point,-3.6138459685064026,56.058433230199206,site_centroid,medium,Included in the authoritative NRHE Mapping data snapshot (2025); construction date not established,present_by,low,unreviewed,Historic Environment Scotland,Historic Environment Scotland NRHE / trove.scot Points GIS,104863,https://www.trove.scot/place/104863,2026-07-30T09:59:02.835Z,104863,Imported from the official NRHE spatial index. This GIS record does not provide a construction date; review the linked trove.scot record before adding timeline evidence. Completion review: assigned an authoritative record-presence date so the record is not represented as undated; construction/origin remains unestablished.,Check the linked source for an explicit date or supported date range; do not infer a construction date from a current map or generic classification.
culross-scotland,Culross,nrhe:357215,"LOW VALLEYFIELD, MAIN STREET, NO. 27", ,archaeological_site,NRHE / trove.scot record,,parish_evidence,Point,-3.6080418213540537,56.05904815667251,site_centroid,medium,Included in the authoritative NRHE Mapping data snapshot (2025); construction date not established,present_by,low,unreviewed,Historic Environment Scotland,Historic Environment Scotland NRHE / trove.scot Points GIS,357215,https://www.trove.scot/place/357215,2026-07-30T09:59:02.835Z,357215,Imported from the official NRHE spatial index. This GIS record does not provide a construction date; review the linked trove.scot record before adding timeline evidence. Completion review: assigned an authoritative record-presence date so the record is not represented as undated; construction/origin remains unestablished.,Check the linked source for an explicit date or supported date range; do not infer a construction date from a current map or generic classification.
culross-scotland,Culross,nrhe:374781,"LOW VALLEYFIELD, NEAR B9037 JUNCTION, VALLEYFIELD COLLIERY SITE", ,archaeological_site,NRHE / trove.scot record,,parish_evidence,Point,-3.5918303216205536,56.06083087582108,site_centroid,medium,Included in the authoritative NRHE Mapping data snapshot (2025); construction date not established,present_by,low,unreviewed,Historic Environment Scotland,Historic Environment Scotland NRHE / trove.scot Points GIS,374781,https://www.trove.scot/place/374781,2026-07-30T09:59:02.835Z,374781,Imported from the official NRHE spatial index. This GIS record does not provide a construction date; review the linked trove.scot record before adding timeline evidence. Completion review: assigned an authoritative record-presence date so the record is not represented as undated; construction/origin remains unestablished.,Check the linked source for an explicit date or supported date range; do not infer a construction date from a current map or generic classification.
culross-scotland,Culross,nrhe:49463,MAINS OF COMRIE, ,archaeological_site,NRHE / trove.scot record,,parish_evidence,Point,-3.5875313245467995,56.08713354164298,site_centroid,medium,Included in the authoritative NRHE Mapping data snapshot (2025); construction date not established,present_by,low,unreviewed,Historic Environment Scotland,Historic Environment Scotland NRHE / trove.scot Points GIS,49463,https://www.trove.scot/place/49463,2026-07-30T09:59:02.835Z,49463,Imported from the official NRHE spatial index. This GIS record does not provide a construction date; review the linked trove.scot record before adding timeline evidence. Completion review: assigned an authoritative record-presence date so the record is not represented as undated; construction/origin remains unestablished.,Check the linked source for an explicit date or supported date range; do not infer a construction date from a current map or generic classification.
culross-scotland,Culross,nrhe:48127,MOOR DAM,"TRENCH KNOWE, KEIR WOOD",archaeological_site,NRHE / trove.scot record,,parish_evidence,Point,-3.6942370294899014,56.0751476150629,site_centroid,medium,Included in the authoritative NRHE Mapping data snapshot (2025); construction date not established,present_by,low,unreviewed,Historic Environment Scotland,Historic Environment Scotland NRHE / trove.scot Points GIS,48127,https://www.trove.scot/place/48127,2026-07-30T09:59:02.835Z,48127,Imported from the official NRHE spatial index. This GIS record does not provide a construction date; review the linked trove.scot record before adding timeline evidence. Completion review: assigned an authoritative record-presence date so the record is not represented as undated; construction/origin remains unestablished.,Check the linked source for an explicit date or supported date range; do not infer a construction date from a current map or generic classification.
culross-scotland,Culross,nrhe:305425,NEWMILLS, ,archaeological_site,NRHE / trove.scot record,,parish_evidence,Point,-3.5883091495806925,56.061127852909436,site_centroid,medium,Included in the authoritative NRHE Mapping data snapshot (2025); construction date not established,present_by,low,unreviewed,Historic Environment Scotland,Historic Environment Scotland NRHE / trove.scot Points GIS,305425,https://www.trove.scot/place/305425,2026-07-30T09:59:02.835Z,305425,Imported from the official NRHE spatial index. This GIS record does not provide a construction date; review the linked trove.scot record before adding timeline evidence. Completion review: assigned an authoritative record-presence date so the record is not represented as undated; construction/origin remains unestablished.,Check the linked source for an explicit date or supported date range; do not infer a construction date from a current map or generic classification.
culross-scotland,Culross,nrhe:354696,"PRESTON ISLAND, BEAM ENGINE HOUSE", ,archaeological_site,NRHE / trove.scot record,,parish_evidence,Point,-3.5954906299504588,56.049129071334264,site_centroid,medium,Included in the authoritative NRHE Mapping data snapshot (2025); construction date not established,present_by,low,unreviewed,Historic Environment Scotland,Historic Environment Scotland NRHE / trove.scot Points GIS,354696,https://www.trove.scot/place/354696,2026-07-30T09:59:02.835Z,354696,Imported from the official NRHE spatial index. This GIS record does not provide a construction date; review the linked trove.scot record before adding timeline evidence. Completion review: assigned an authoritative record-presence date so the record is not represented as undated; construction/origin remains unestablished.,Check the linked source for an explicit date or supported date range; do not infer a construction date from a current map or generic classification.
culross-scotland,Culross,nrhe:162410,SAWMILL PLANTATION, ,archaeological_site,NRHE / trove.scot record,,parish_evidence,Point,-3.6613577901966297,56.069034944969275,site_centroid,medium,Included in the authoritative NRHE Mapping data snapshot (2025); construction date not established,present_by,low,unreviewed,Historic Environment Scotland,Historic Environment Scotland NRHE / trove.scot Points GIS,162410,https://www.trove.scot/place/162410,2026-07-30T09:59:02.835Z,162410,Imported from the official NRHE spatial index. This GIS record does not provide a construction date; review the linked trove.scot record before adding timeline evidence. Completion review: assigned an authoritative record-presence date so the record is not represented as undated; construction/origin remains unestablished.,Check the linked source for an explicit date or supported date range; do not infer a construction date from a current map or generic classification.
culross-scotland,Culross,nrhe:124590,SHIRE MILL, ,archaeological_site,NRHE / trove.scot record,,parish_evidence,Point,-3.6056861891923453,56.07462419747993,site_centroid,medium,Included in the authoritative NRHE Mapping data snapshot (2025); construction date not established,present_by,low,unreviewed,Historic Environment Scotland,Historic Environment Scotland NRHE / trove.scot Points GIS,124590,https://www.trove.scot/place/124590,2026-07-30T09:59:02.835Z,124590,Imported from the official NRHE spatial index. This GIS record does not provide a construction date; review the linked trove.scot record before adding timeline evidence. Completion review: assigned an authoritative record-presence date so the record is not represented as undated; construction/origin remains unestablished.,Check the linked source for an explicit date or supported date range; do not infer a construction date from a current map or generic classification.
culross-scotland,Culross,nrhe:124572,SHIRES MILL, ,archaeological_site,NRHE / trove.scot record,,parish_evidence,Point,-3.6077176116547243,56.07324988665212,site_centroid,medium,,unknown,unknown,unreviewed,Historic Environment Scotland,Historic Environment Scotland NRHE / trove.scot Points GIS,124572,https://www.trove.scot/place/124572,2026-07-30T09:59:02.835Z,124572,Imported from the official NRHE spatial index. This GIS record does not provide a construction date; review the linked trove.scot record before adding timeline evidence.,Check the linked source for an explicit date or supported date range; do not infer a construction date from a current map or generic classification.
culross-scotland,Culross,nrhe:162514,"SHIRES MILL, MILLSTONE", ,archaeological_site,NRHE / trove.scot record,,parish_evidence,Point,-3.607852000205449,56.072619132757104,site_centroid,medium,Included in the authoritative NRHE Mapping data snapshot (2025); construction date not established,present_by,low,unreviewed,Historic Environment Scotland,Historic Environment Scotland NRHE / trove.scot Points GIS,162514,https://www.trove.scot/place/162514,2026-07-30T09:59:02.835Z,162514,Imported from the official NRHE spatial index. This GIS record does not provide a construction date; review the linked trove.scot record before adding timeline evidence. Completion review: assigned an authoritative record-presence date so the record is not represented as undated; construction/origin remains unestablished.,Check the linked source for an explicit date or supported date range; do not infer a construction date from a current map or generic classification.
culross-scotland,Culross,nrhe:162509,"SHIRES MILL, SMITHY", ,archaeological_site,NRHE / trove.scot record,,parish_evidence,Point,-3.607680208561208,56.07235179812475,site_centroid,medium,Included in the authoritative NRHE Mapping data snapshot (2025); construction date not established,present_by,low,unreviewed,Historic Environment Scotland,Historic Environment Scotland NRHE / trove.scot Points GIS,162509,https://www.trove.scot/place/162509,2026-07-30T09:59:02.835Z,162509,Imported from the official NRHE spatial index. This GIS record does not provide a construction date; review the linked trove.scot record before adding timeline evidence. Completion review: assigned an authoritative record-presence date so the record is not represented as undated; construction/origin remains unestablished.,Check the linked source for an explicit date or supported date range; do not infer a construction date from a current map or generic classification.
culross-scotland,Culross,nrhe:262068,TAPITLAW, ,archaeological_site,NRHE / trove.scot record,,parish_evidence,Point,-3.5911382289328833,56.09197532230695,site_centroid,medium,Included in the authoritative NRHE Mapping data snapshot (2025); construction date not established,present_by,low,unreviewed,Historic Environment Scotland,Historic Environment Scotland NRHE / trove.scot Points GIS,262068,https://www.trove.scot/place/262068,2026-07-30T09:59:02.835Z,262068,Imported from the official NRHE spatial index. This GIS record does not provide a construction date; review the linked trove.scot record before adding timeline evidence. Completion review: assigned an authoritative record-presence date so the record is not represented as undated; construction/origin remains unestablished.,Check the linked source for an explicit date or supported date range; do not infer a construction date from a current map or generic classification.
culross-scotland,Culross,nrhe:48098,THE BORESTONE,TULLIALLAN WOOD,archaeological_site,NRHE / trove.scot record,,parish_evidence,Point,-3.7019982314415194,56.07261462541755,site_centroid,medium,Included in the authoritative NRHE Mapping data snapshot (2025); construction date not established,present_by,low,unreviewed,Historic Environment Scotland,Historic Environment Scotland NRHE / trove.scot Points GIS,48098,https://www.trove.scot/place/48098,2026-07-30T09:59:02.835Z,48098,Imported from the official NRHE spatial index. This GIS record does not provide a construction date; review the linked trove.scot record before adding timeline evidence. Completion review: assigned an authoritative record-presence date so the record is not represented as undated; construction/origin remains unestablished.,Check the linked source for an explicit date or supported date range; do not infer a construction date from a current map or generic classification.
culross-scotland,Culross,nrhe:174312,"TULLIALLAN CASTLE, TULLIALLAN WOOD, MOOR LOCH, THE BOATHOUSE","TULLIALLAN CASTLE ESTATE, TULLIALLAN CASTLE POLICIES, SCOTTISH POLICE TRAINING COLLEGE",archaeological_site,NRHE / trove.scot record,,parish_evidence,Point,-3.6988027711541203,56.073018091514996,site_centroid,medium,,unknown,unknown,unreviewed,Historic Environment Scotland,Historic Environment Scotland NRHE / trove.scot Points GIS,174312,https://www.trove.scot/place/174312,2026-07-30T09:59:02.835Z,174312,Imported from the official NRHE spatial index. This GIS record does not provide a construction date; review the linked trove.scot record before adding timeline evidence.,Check the linked source for an explicit date or supported date range; do not infer a construction date from a current map or generic classification.
culross-scotland,Culross,nrhe:174311,"TULLIALLAN CASTLE, TULLIALLAN WOOD, THE KENNELS","TULLIALLAN CASTLE ESTATE, TULLIALLAN CASTLE POLICIES, SCOTTISH POLICE TRAINING COLLEGE",archaeological_site,NRHE / trove.scot record,,parish_evidence,Point,-3.7000121476916727,56.071294114400914,site_centroid,medium,,unknown,unknown,unreviewed,Historic Environment Scotland,Historic Environment Scotland NRHE / trove.scot Points GIS,174311,https://www.trove.scot/place/174311,2026-07-30T09:59:02.835Z,174311,Imported from the official NRHE spatial index. This GIS record does not provide a construction date; review the linked trove.scot record before adding timeline evidence.,Check the linked source for an explicit date or supported date range; do not infer a construction date from a current map or generic classification.
culross-scotland,Culross,nrhe:124571,VALLEYFIELD, ,archaeological_site,NRHE / trove.scot record,,parish_evidence,Point,-3.6080088301207436,56.07252723176494,site_centroid,medium,,unknown,unknown,unreviewed,Historic Environment Scotland,Historic Environment Scotland NRHE / trove.scot Points GIS,124571,https://www.trove.scot/place/124571,2026-07-30T09:59:02.835Z,124571,Imported from the official NRHE spatial index. This GIS record does not provide a construction date; review the linked trove.scot record before adding timeline evidence.,Check the linked source for an explicit date or supported date range; do not infer a construction date from a current map or generic classification.
culross-scotland,Culross,nrhe:281811,"VALLEYFIELD HOUSE, STABLES", ,archaeological_site,NRHE / trove.scot record,,parish_evidence,Point,-3.601686883421226,56.06768525287937,site_centroid,medium,Included in the authoritative NRHE Mapping data snapshot (2025); construction date not established,present_by,low,unreviewed,Historic Environment Scotland,Historic Environment Scotland NRHE / trove.scot Points GIS,281811,https://www.trove.scot/place/281811,2026-07-30T09:59:02.835Z,281811,Imported from the official NRHE spatial index. This GIS record does not provide a construction date; review the linked trove.scot record before adding timeline evidence. Completion review: assigned an authoritative record-presence date so the record is not represented as undated; construction/origin remains unestablished.,Check the linked source for an explicit date or supported date range; do not infer a construction date from a current map or generic classification.
culross-scotland,Culross,nrhe:281656,VALLEYFIELD NO. 3 COLLIERY,VALLEYFIELD COLLIERY,archaeological_site,NRHE / trove.scot record,,parish_evidence,Point,-3.592195235758511,56.05916380496757,site_centroid,medium,Included in the authoritative NRHE Mapping data snapshot (2025); construction date not established,present_by,low,unreviewed,Historic Environment Scotland,Historic Environment Scotland NRHE / trove.scot Points GIS,281656,https://www.trove.scot/place/281656,2026-07-30T09:59:02.835Z,281656,Imported from the official NRHE spatial index. This GIS record does not provide a construction date; review the linked trove.scot record before adding timeline evidence. Completion review: assigned an authoritative record-presence date so the record is not represented as undated; construction/origin remains unestablished.,Check the linked source for an explicit date or supported date range; do not infer a construction date from a current map or generic classification.
culross-scotland,Culross,nrhe:141680,VALLEYFIELD WOOD,"HIGH VALLEYFIELD, NEWMILLS, HIGH VALLEYFIELD HOUSE",archaeological_site,NRHE / trove.scot record,,parish_evidence,Point,-3.5997569769284112,56.06724302824794,site_centroid,medium,Included in the authoritative NRHE Mapping data snapshot (2025); construction date not established,present_by,low,unreviewed,Historic Environment Scotland,Historic Environment Scotland NRHE / trove.scot Points GIS,141680,https://www.trove.scot/place/141680,2026-07-30T09:59:02.835Z,141680,Imported from the official NRHE spatial index. This GIS record does not provide a construction date; review the linked trove.scot record before adding timeline evidence. Completion review: assigned an authoritative record-presence date so the record is not represented as undated; construction/origin remains unestablished.,Check the linked source for an explicit date or supported date range; do not infer a construction date from a current map or generic classification.
culross-scotland,Culross,nrhe:347332,WAAS PLANTATION,WAAS COTTAGE,archaeological_site,NRHE / trove.scot record,,parish_evidence,Point,-3.6568944117245037,56.06572526192832,site_centroid,medium,Included in the authoritative NRHE Mapping data snapshot (2025); construction date not established,present_by,low,unreviewed,Historic Environment Scotland,Historic Environment Scotland NRHE / trove.scot Points GIS,347332,https://www.trove.scot/place/347332,2026-07-30T09:59:02.835Z,347332,Imported from the official NRHE spatial index. This GIS record does not provide a construction date; review the linked trove.scot record before adding timeline evidence. Completion review: assigned an authoritative record-presence date so the record is not represented as undated; construction/origin remains unestablished.,Check the linked source for an explicit date or supported date range; do not infer a construction date from a current map or generic classification.
culross-scotland,Culross,curated:hes-lb3352,Bordie Castle,,castle,Listed Building,Listed Building,parish_evidence,Point,-3.678994341413645,56.06307223446054,representative_point,high,,unknown,unknown,unreviewed,Historic Environment Scotland,Historic Environment Scotland designation LB3352,LB3352,https://portal.historicenvironment.scot/designation/LB3352,2026-07-29,LB3352 | 48058,"Reference, category snapshot and coordinate included; date and narrative require live HES enrichment.

Current official HES designation geometry merged with curated date evidence. NRHE record linked by matching point location; review if it represents a distinct asset.",Check the linked source for an explicit date or supported date range; do not infer a construction date from a current map or generic classification.
culross-scotland,Culross,curated:hes-lb3349,Dunimarle Castle,,castle,Listed Building,Listed Building,parish_evidence,Point,-3.6438029678385266,56.05500560878334,representative_point,high,Historic Dunimarle Castle; exact phase dates require live HES transcription,unknown,unknown,reviewed,Historic Environment Scotland,Historic Environment Scotland Listed Buildings spatial data,LB3349,https://portal.historicenvironment.scot/designation/LB3349,2026-07-30T09:49:55.235Z,LB3349 | 48050 | way/933248249,Current official HES designation geometry merged with curated date evidence. NRHE record linked by matching point location; review if it represents a distinct asset. Current OSM community-place record way/933248249 is linked for present-day reference; it is not a separate duplicate feature.,Check the linked source for an explicit date or supported date range; do not infer a construction date from a current map or generic classification.
culross-scotland,Culross,curated:hes-lb3348,Old Dunimarle Castle,,castle,Listed Building,Listed Building,parish_evidence,Point,-3.6445981848219082,56.05482427719701,representative_point,high,,unknown,unknown,unreviewed,Historic Environment Scotland,Historic Environment Scotland Listed Buildings spatial data,LB3348,https://portal.historicenvironment.scot/designation/LB3348,2026-07-30T09:49:55.235Z,LB3348 | 48025,"Reference, category snapshot and coordinate included; date and narrative require live HES enrichment.

Current official HES designation geometry merged with curated date evidence. NRHE record linked by matching point location; review if it represents a distinct asset.",Check the linked source for an explicit date or supported date range; do not infer a construction date from a current map or generic classification.
culross-scotland,Culross,curated:hes-lb24058,Kirk Street east wall,"East Wall, Tanhouse Brae, Culross",church_or_churchyard,Listed Building,Listed Building,parish_evidence,Point,-3.6269610485817165,56.05699908878817,representative_point,high,,unknown,unknown,unreviewed,Historic Environment Scotland,Historic Environment Scotland Listed Buildings spatial data,LB24058,https://portal.historicenvironment.scot/designation/LB24058,2026-07-30T09:49:55.235Z,LB24058 | 113501,"Reference, category snapshot and coordinate included; date and narrative require live HES enrichment.

Current official HES designation geometry merged with curated date evidence. NRHE record linked by matching point location; review if it represents a distinct asset.",Check the linked source for an explicit date or supported date range; do not infer a construction date from a current map or generic classification.
culross-scotland,Culross,curated:hes-gdl00155,Dunimarle Castle designed landscape,,designed_landscape,Inventory Garden and Designed Landscape,Garden and Designed Landscape,parish_evidence,Polygon,,,exact,high,Historic estate landscape; exact phase dates require live HES enrichment,unknown,unknown,unreviewed,Historic Environment Scotland,Historic Environment Scotland Designations GIS,GDL00155,https://portal.historicenvironment.scot/designation/GDL00155,2026-07-30T09:57:59.525Z,GDL00155,"Import official polygon and transcribe the current HES site-history fields.

Current official HES designation geometry merged with curated date evidence.",Check the linked source for an explicit date or supported date range; do not infer a construction date from a current map or generic classification.
culross-scotland,Culross,hes-designed-landscape:GDL00381,Valleyfield,,designed_landscape,Garden and Designed Landscape,Garden and Designed Landscape,parish_evidence,Polygon,,,exact,high,Present in the reviewed authoritative record (2026); construction date not established,present_by,low,unreviewed,Historic Environment Scotland,Historic Environment Scotland Designations GIS,GDL00381,https://portal.historicenvironment.scot/designation/GDL00381,2026-07-30T09:57:59.525Z,GDL00381,Current statutory designation geometry. This designation does not establish the construction date of every asset within it. Completion review: assigned an authoritative record-presence date so the record is not represented as undated; construction/origin remains unestablished.,Check the linked source for an explicit date or supported date range; do not infer a construction date from a current map or generic classification.
culross-scotland,Culross,curated:hes-lb3354,Bordie Doocot,,doocot,Listed Building,Listed Building,parish_evidence,Point,-3.678732126648551,56.06221315732723,representative_point,high,,unknown,unknown,unreviewed,Historic Environment Scotland,Historic Environment Scotland designation LB3354,LB3354,https://portal.historicenvironment.scot/designation/LB3354,2026-07-29,LB3354 | 48059,"Reference, category snapshot and coordinate included; date and narrative require live HES enrichment.

Current official HES designation geometry merged with curated date evidence. NRHE record linked by matching point location; review if it represents a distinct asset.",Check the linked source for an explicit date or supported date range; do not infer a construction date from a current map or generic classification.
culross-scotland,Culross,curated:hes-lb24063,Balgownie walls,"Boundary Walls And Gate Piers, Balgownie House, Culross",garden_structure,Listed Building,Listed Building,parish_evidence,Point,-3.6325857396565024,56.05519049739179,representative_point,high,,unknown,unknown,unreviewed,Historic Environment Scotland,Historic Environment Scotland Listed Buildings spatial data,LB24063,https://portal.historicenvironment.scot/designation/LB24063,2026-07-30T09:49:55.235Z,LB24063 | 107059,"Reference, category snapshot and coordinate included; date and narrative require live HES enrichment.

Current official HES designation geometry merged with curated date evidence. NRHE record linked by matching point location; review if it represents a distinct asset.",Check the linked source for an explicit date or supported date range; do not infer a construction date from a current map or generic classification.
culross-scotland,Culross,curated:hes-lb24067,Culross Park boundary walls,"West Gate-Piers, The Park, Culross | East Gate-Piers, The Park, Culross",garden_structure,Listed Building,Listed Building,parish_evidence,Point,-3.628536573873685,56.05627739781024,representative_point,high,,unknown,unknown,unreviewed,Historic Environment Scotland,Historic Environment Scotland Listed Buildings spatial data,LB24067,https://portal.historicenvironment.scot/designation/LB24067,2026-07-30T09:49:55.235Z,LB24067 | 222044,"Reference, category snapshot and coordinate included; date and narrative require live HES enrichment.

Current official HES designation geometry merged with curated date evidence. NRHE record linked by matching point location; review if it represents a distinct asset.",Check the linked source for an explicit date or supported date range; do not infer a construction date from a current map or generic classification.
culross-scotland,Culross,curated:hes-lb24059,Newgate and Cat's Close walls,"Boundary Walls, Cats Close, Culross | Boundary Walls, Newgate, Culross",garden_structure,Listed Building,Listed Building,parish_evidence,Point,-3.626567725307849,56.057192979886175,representative_point,high,,unknown,unknown,unreviewed,Historic Environment Scotland,Historic Environment Scotland Listed Buildings spatial data,LB24059,https://portal.historicenvironment.scot/designation/LB24059,2026-07-30T09:49:55.235Z,LB24059 | 252088,"Reference, category snapshot and coordinate included; date and narrative require live HES enrichment.

Current official HES designation geometry merged with curated date evidence. NRHE record linked by matching point location; review if it represents a distinct asset.",Check the linked source for an explicit date or supported date range; do not infer a construction date from a current map or generic classification.
culross-scotland,Culross,curated:hes-lb24060,"Walls to Back Causeway, Mid Causeway, Low Causeway and Newgate","Boundary Walls, Back Lane, Culross | Hagg's Steps And Back Lane, Boundary Walls At Hagg's Wynd, Culross",garden_structure,Listed Building,Listed Building,parish_evidence,Point,-3.630117213095994,56.05605883257422,representative_point,high,,unknown,unknown,unreviewed,Historic Environment Scotland,Historic Environment Scotland Listed Buildings spatial data,LB24060,https://portal.historicenvironment.scot/designation/LB24060,2026-07-30T09:49:55.235Z,LB24060 | 113504,"Reference, category snapshot and coordinate included; date and narrative require live HES enrichment.

Current official HES designation geometry merged with curated date evidence. NRHE record linked by matching point location; review if it represents a distinct asset.",Check the linked source for an explicit date or supported date range; do not infer a construction date from a current map or generic classification.
culross-scotland,Culross,curated:hes-lb23988,The Tron,"The Tron, Sandhaven, Culross",historic_building,Listed Building,Listed Building,parish_evidence,Point,-3.6305321217006945,56.05523562715615,representative_point,high,,unknown,unknown,unreviewed,Historic Environment Scotland,Historic Environment Scotland Listed Buildings spatial data,LB23988,https://portal.historicenvironment.scot/designation/LB23988,2026-07-30T09:49:55.235Z,LB23988 | 48028,"Reference, category snapshot and coordinate included; date and narrative require live HES enrichment.

Current official HES designation geometry merged with curated date evidence. NRHE record linked by matching point location; review if it represents a distinct asset.",Check the linked source for an explicit date or supported date range; do not infer a construction date from a current map or generic classification.
culross-scotland,Culross,curated:hes-lb3359,"Ness View, Low Valleyfield","19 Main Street, Low Valleyfield | 20 Main Street, Low Valleyfield | 18 Main Street, Low Valleyfield | 21 Main Street, Low Valleyfield",house,Listed Building,Listed Building,parish_evidence,Point,-3.61197295753133,56.058813289601304,representative_point,high,,unknown,unknown,unreviewed,Historic Environment Scotland,Historic Environment Scotland Listed Buildings spatial data,LB3359,https://portal.historicenvironment.scot/designation/LB3359,2026-07-30T09:49:55.235Z,LB3359 | 92612,"Reference, category snapshot and coordinate included; date and narrative require live HES enrichment.

Current official HES designation geometry merged with curated date evidence. NRHE record linked by matching point location; review if it represents a distinct asset.",Check the linked source for an explicit date or supported date range; do not infer a construction date from a current map or generic classification.
culross-scotland,Culross,curated:context-nts-royal-burgh-portfolio,National Trust for Scotland Royal Burgh properties,,property_portfolio,Conservation ownership and management group,Individual statutory statuses vary,parish_evidence,,,,geometry_to_link_to_existing_assets,unknown,Present in the reviewed authoritative record (2026); construction date not established,present_by,low,unreviewed,National Trust for Scotland,Royal Burgh of Culross,,https://www.nts.org.uk/visit/places/culross,2026-07-29,,Enriched from Culross Full Heritage Project Pack; current official geometry retained to avoid duplicate or stale map locations.,Check the linked source for an explicit date or supported date range; do not infer a construction date from a current map or generic classification.
culross-scotland,Culross,hes-scheduled-monument:SM8549,"Castle Hill enclosure, Bogside Wood",,scheduled_monument,Scheduled Monument,Scheduled Monument,parish_evidence,Polygon,,,exact,high,Present in the reviewed authoritative record (2026); construction date not established,present_by,low,unreviewed,Historic Environment Scotland,Historic Environment Scotland Designations GIS,SM8549,https://portal.historicenvironment.scot/designation/SM8549,2026-07-30T09:57:59.525Z,SM8549,Current statutory designation geometry. This designation does not establish the construction date of every asset within it. Completion review: assigned an authoritative record-presence date so the record is not represented as undated; construction/origin remains unestablished.,Check the linked source for an explicit date or supported date range; do not infer a construction date from a current map or generic classification.
culross-scotland,Culross,hes-scheduled-monument:SM832,"Culross,St Mungo's or St Serf's Chapel",,scheduled_monument,Scheduled Monument,Scheduled Monument,parish_evidence,Polygon,,,exact,high,Present in the reviewed authoritative record (2026); construction date not established,present_by,low,unreviewed,Historic Environment Scotland,Historic Environment Scotland Designations GIS,SM832,https://portal.historicenvironment.scot/designation/SM832,2026-07-30T09:57:59.525Z,SM832,Current statutory designation geometry. This designation does not establish the construction date of every asset within it. Completion review: assigned an authoritative record-presence date so the record is not represented as undated; construction/origin remains unestablished.,Check the linked source for an explicit date or supported date range; do not infer a construction date from a current map or generic classification.
culross-scotland,Culross,hes-scheduled-monument:SM13358,"Kier Wood, fort, 370m NE of The Boathouse",,scheduled_monument,Scheduled Monument,Scheduled Monument,parish_evidence,Polygon,,,exact,high,Present in the reviewed authoritative record (2026); construction date not established,present_by,low,unreviewed,Historic Environment Scotland,Historic Environment Scotland Designations GIS,SM13358,https://portal.historicenvironment.scot/designation/SM13358,2026-07-30T09:57:59.525Z,SM13358,Current statutory designation geometry. This designation does not establish the construction date of every asset within it. Completion review: assigned an authoritative record-presence date so the record is not represented as undated; construction/origin remains unestablished.,Check the linked source for an explicit date or supported date range; do not infer a construction date from a current map or generic classification.
culross-scotland,Culross,hes-scheduled-monument:SM8541,"Kinnedar Mains, enclosed settlement 200m WNW of",,scheduled_monument,Scheduled Monument,Scheduled Monument,parish_evidence,Polygon,,,exact,high,Present in the reviewed authoritative record (2026); construction date not established,present_by,low,unreviewed,Historic Environment Scotland,Historic Environment Scotland Designations GIS,SM8541,https://portal.historicenvironment.scot/designation/SM8541,2026-07-29T19:42:24.436Z,SM8541,Current statutory designation geometry. This designation does not establish the construction date of every asset within it. Completion review: assigned an authoritative record-presence date so the record is not represented as undated; construction/origin remains unestablished.,Check the linked source for an explicit date or supported date range; do not infer a construction date from a current map or generic classification.
culross-scotland,Culross,hes-scheduled-monument:SM2246,"Windyhill,tombstone 450m N of",,scheduled_monument,Scheduled Monument,Scheduled Monument,parish_evidence,Polygon,,,exact,high,Present in the reviewed authoritative record (2026); construction date not established,present_by,low,unreviewed,Historic Environment Scotland,Historic Environment Scotland Designations GIS,SM2246,https://portal.historicenvironment.scot/designation/SM2246,2026-07-29T19:42:24.436Z,SM2246,Current statutory designation geometry. This designation does not establish the construction date of every asset within it. Completion review: assigned an authoritative record-presence date so the record is not represented as undated; construction/origin remains unestablished.,Check the linked source for an explicit date or supported date range; do not infer a construction date from a current map or generic classification.
